0 verbose cli /usr/local/bin/node /usr/local/bin/npm
1 info using npm@11.6.2
2 info using node@v25.2.1
3 silly config load:file:/usr/local/lib/node_modules/npm/npmrc
4 silly config load:file:/Users/anatoly/Sites/bitcode/villa-ramann2/.npmrc
5 silly config load:file:/Users/anatoly/.npmrc
6 silly config load:file:/usr/local/etc/npmrc
7 verbose title npm install @astrojs/react @astrojs/tailwind @base44/sdk @base44/vite-plugin @hello-pangea/dnd @hookform/resolvers @radix-ui/react-accordion @radix-ui/react-alert-dialog @radix-ui/react-aspect-ratio @radix-ui/react-avatar @radix-ui/react-checkbox @radix-ui/react-collapsible @radix-ui/react-context-menu @radix-ui/react-dialog @radix-ui/react-dropdown-menu @radix-ui/react-hover-card @radix-ui/react-label @radix-ui/react-menubar @radix-ui/react-navigation-menu @radix-ui/react-popover @radix-ui/react-progress @radix-ui/react-radio-group @radix-ui/react-scroll-area @radix-ui/react-select @radix-ui/react-separator @radix-ui/react-slider @radix-ui/react-slot @radix-ui/react-switch @radix-ui/react-tabs @radix-ui/react-toast @radix-ui/react-toggle @radix-ui/react-toggle-group @radix-ui/react-tooltip @stripe/react-stripe-js @stripe/stripe-js @tanstack/react-query canvas-confetti class-variance-authority clsx cmdk date-fns embla-carousel-react framer-motion html2canvas input-otp jspdf lodash lucide-react moment next-themes react react-day-picker react-dom react-hook-form react-hot-toast react-leaflet react-markdown react-quill react-resizable-panels react-router-dom recharts sonner tailwind-merge tailwindcss-animate three vaul zod
8 verbose argv "install" "--save" "@astrojs/react" "@astrojs/tailwind" "@base44/sdk" "@base44/vite-plugin" "@hello-pangea/dnd" "@hookform/resolvers" "@radix-ui/react-accordion" "@radix-ui/react-alert-dialog" "@radix-ui/react-aspect-ratio" "@radix-ui/react-avatar" "@radix-ui/react-checkbox" "@radix-ui/react-collapsible" "@radix-ui/react-context-menu" "@radix-ui/react-dialog" "@radix-ui/react-dropdown-menu" "@radix-ui/react-hover-card" "@radix-ui/react-label" "@radix-ui/react-menubar" "@radix-ui/react-navigation-menu" "@radix-ui/react-popover" "@radix-ui/react-progress" "@radix-ui/react-radio-group" "@radix-ui/react-scroll-area" "@radix-ui/react-select" "@radix-ui/react-separator" "@radix-ui/react-slider" "@radix-ui/react-slot" "@radix-ui/react-switch" "@radix-ui/react-tabs" "@radix-ui/react-toast" "@radix-ui/react-toggle" "@radix-ui/react-toggle-group" "@radix-ui/react-tooltip" "@stripe/react-stripe-js" "@stripe/stripe-js" "@tanstack/react-query" "canvas-confetti" "class-variance-authority" "clsx" "cmdk" "date-fns" "embla-carousel-react" "framer-motion" "html2canvas" "input-otp" "jspdf" "lodash" "lucide-react" "moment" "next-themes" "react" "react-day-picker" "react-dom" "react-hook-form" "react-hot-toast" "react-leaflet" "react-markdown" "react-quill" "react-resizable-panels" "react-router-dom" "recharts" "sonner" "tailwind-merge" "tailwindcss-animate" "three" "vaul" "zod" "--legacy-peer-deps" "--cache" ".npm-cache"
9 verbose logfile logs-max:10 dir:/Users/anatoly/Sites/bitcode/villa-ramann2/.npm-cache/_logs/2026-05-03T13_39_14_659Z-
10 verbose logfile /Users/anatoly/Sites/bitcode/villa-ramann2/.npm-cache/_logs/2026-05-03T13_39_14_659Z-debug-0.log
11 silly logfile done cleaning log files
12 silly packumentCache heap:4496293888 maxSize:1124073472 maxEntrySize:562036736
13 silly idealTree buildDeps
14 silly fetch manifest astro@^6.2.1
15 silly packumentCache full:https://registry.npmjs.org/astro cache-miss
16 http fetch GET 200 https://registry.npmjs.org/npm 154ms
17 http fetch GET 200 https://registry.npmjs.org/astro 560ms (cache miss)
18 silly packumentCache full:https://registry.npmjs.org/astro set size:undefined disposed:false
19 silly fetch manifest @astrojs/react@*
20 silly packumentCache full:https://registry.npmjs.org/@astrojs%2freact cache-miss
21 http fetch GET 200 https://registry.npmjs.org/@astrojs%2freact 335ms (cache miss)
22 silly packumentCache full:https://registry.npmjs.org/@astrojs%2freact set size:undefined disposed:false
23 silly fetch manifest @astrojs/tailwind@*
24 silly packumentCache full:https://registry.npmjs.org/@astrojs%2ftailwind cache-miss
25 http fetch GET 200 https://registry.npmjs.org/@astrojs%2ftailwind 538ms (cache miss)
26 silly packumentCache full:https://registry.npmjs.org/@astrojs%2ftailwind set size:undefined disposed:false
27 silly fetch manifest @base44/sdk@*
28 silly packumentCache full:https://registry.npmjs.org/@base44%2fsdk cache-miss
29 http fetch GET 200 https://registry.npmjs.org/@base44%2fsdk 286ms (cache miss)
30 silly packumentCache full:https://registry.npmjs.org/@base44%2fsdk set size:undefined disposed:false
31 silly fetch manifest @base44/vite-plugin@*
32 silly packumentCache full:https://registry.npmjs.org/@base44%2fvite-plugin cache-miss
33 http fetch GET 200 https://registry.npmjs.org/@base44%2fvite-plugin 321ms (cache miss)
34 silly packumentCache full:https://registry.npmjs.org/@base44%2fvite-plugin set size:undefined disposed:false
35 silly fetch manifest @hello-pangea/dnd@*
36 silly packumentCache full:https://registry.npmjs.org/@hello-pangea%2fdnd cache-miss
37 http fetch GET 200 https://registry.npmjs.org/@hello-pangea%2fdnd 399ms (cache miss)
38 silly packumentCache full:https://registry.npmjs.org/@hello-pangea%2fdnd set size:undefined disposed:false
39 silly fetch manifest @hookform/resolvers@*
40 silly packumentCache full:https://registry.npmjs.org/@hookform%2fresolvers cache-miss
41 http fetch GET 200 https://registry.npmjs.org/@hookform%2fresolvers 56ms (cache miss)
42 silly packumentCache full:https://registry.npmjs.org/@hookform%2fresolvers set size:undefined disposed:false
43 silly fetch manifest @radix-ui/react-accordion@*
44 silly packumentCache full:https://registry.npmjs.org/@radix-ui%2freact-accordion cache-miss
45 http fetch GET 200 https://registry.npmjs.org/@radix-ui%2freact-accordion 609ms (cache miss)
46 silly packumentCache full:https://registry.npmjs.org/@radix-ui%2freact-accordion set size:undefined disposed:false
47 silly fetch manifest @radix-ui/react-alert-dialog@*
48 silly packumentCache full:https://registry.npmjs.org/@radix-ui%2freact-alert-dialog cache-miss
49 http fetch GET 200 https://registry.npmjs.org/@radix-ui%2freact-alert-dialog 59ms (cache miss)
50 silly packumentCache full:https://registry.npmjs.org/@radix-ui%2freact-alert-dialog set size:undefined disposed:false
51 silly fetch manifest @radix-ui/react-aspect-ratio@*
52 silly packumentCache full:https://registry.npmjs.org/@radix-ui%2freact-aspect-ratio cache-miss
53 http fetch GET 200 https://registry.npmjs.org/@radix-ui%2freact-aspect-ratio 173ms (cache miss)
54 silly packumentCache full:https://registry.npmjs.org/@radix-ui%2freact-aspect-ratio set size:undefined disposed:false
55 silly fetch manifest @radix-ui/react-avatar@*
56 silly packumentCache full:https://registry.npmjs.org/@radix-ui%2freact-avatar cache-miss
57 http fetch GET 200 https://registry.npmjs.org/@radix-ui%2freact-avatar 252ms (cache miss)
58 silly packumentCache full:https://registry.npmjs.org/@radix-ui%2freact-avatar set size:undefined disposed:false
59 silly fetch manifest @radix-ui/react-checkbox@*
60 silly packumentCache full:https://registry.npmjs.org/@radix-ui%2freact-checkbox cache-miss
61 http fetch GET 200 https://registry.npmjs.org/@radix-ui%2freact-checkbox 62ms (cache miss)
62 silly packumentCache full:https://registry.npmjs.org/@radix-ui%2freact-checkbox set size:undefined disposed:false
63 silly fetch manifest @radix-ui/react-collapsible@*
64 silly packumentCache full:https://registry.npmjs.org/@radix-ui%2freact-collapsible cache-miss
65 http fetch GET 200 https://registry.npmjs.org/@radix-ui%2freact-collapsible 365ms (cache miss)
66 silly packumentCache full:https://registry.npmjs.org/@radix-ui%2freact-collapsible set size:undefined disposed:false
67 silly fetch manifest @radix-ui/react-context-menu@*
68 silly packumentCache full:https://registry.npmjs.org/@radix-ui%2freact-context-menu cache-miss
69 http fetch GET 200 https://registry.npmjs.org/@radix-ui%2freact-context-menu 69ms (cache miss)
70 silly packumentCache full:https://registry.npmjs.org/@radix-ui%2freact-context-menu set size:undefined disposed:false
71 silly fetch manifest @radix-ui/react-dialog@*
72 silly packumentCache full:https://registry.npmjs.org/@radix-ui%2freact-dialog cache-miss
73 http fetch GET 200 https://registry.npmjs.org/@radix-ui%2freact-dialog 66ms (cache miss)
74 silly packumentCache full:https://registry.npmjs.org/@radix-ui%2freact-dialog set size:undefined disposed:false
75 silly fetch manifest @radix-ui/react-dropdown-menu@*
76 silly packumentCache full:https://registry.npmjs.org/@radix-ui%2freact-dropdown-menu cache-miss
77 http fetch GET 200 https://registry.npmjs.org/@radix-ui%2freact-dropdown-menu 278ms (cache miss)
78 silly packumentCache full:https://registry.npmjs.org/@radix-ui%2freact-dropdown-menu set size:undefined disposed:false
79 silly fetch manifest @radix-ui/react-hover-card@*
80 silly packumentCache full:https://registry.npmjs.org/@radix-ui%2freact-hover-card cache-miss
81 http fetch GET 200 https://registry.npmjs.org/@radix-ui%2freact-hover-card 361ms (cache miss)
82 silly packumentCache full:https://registry.npmjs.org/@radix-ui%2freact-hover-card set size:undefined disposed:false
83 silly fetch manifest @radix-ui/react-label@*
84 silly packumentCache full:https://registry.npmjs.org/@radix-ui%2freact-label cache-miss
85 http fetch GET 200 https://registry.npmjs.org/@radix-ui%2freact-label 253ms (cache miss)
86 silly packumentCache full:https://registry.npmjs.org/@radix-ui%2freact-label set size:undefined disposed:false
87 silly fetch manifest @radix-ui/react-menubar@*
88 silly packumentCache full:https://registry.npmjs.org/@radix-ui%2freact-menubar cache-miss
89 http fetch GET 200 https://registry.npmjs.org/@radix-ui%2freact-menubar 262ms (cache miss)
90 silly packumentCache full:https://registry.npmjs.org/@radix-ui%2freact-menubar set size:undefined disposed:false
91 silly fetch manifest @radix-ui/react-navigation-menu@*
92 silly packumentCache full:https://registry.npmjs.org/@radix-ui%2freact-navigation-menu cache-miss
93 http fetch GET 200 https://registry.npmjs.org/@radix-ui%2freact-navigation-menu 56ms (cache miss)
94 silly packumentCache full:https://registry.npmjs.org/@radix-ui%2freact-navigation-menu set size:undefined disposed:false
95 silly fetch manifest @radix-ui/react-popover@*
96 silly packumentCache full:https://registry.npmjs.org/@radix-ui%2freact-popover cache-miss
97 http fetch GET 200 https://registry.npmjs.org/@radix-ui%2freact-popover 500ms (cache miss)
98 silly packumentCache full:https://registry.npmjs.org/@radix-ui%2freact-popover set size:undefined disposed:false
99 silly fetch manifest @radix-ui/react-progress@*
100 silly packumentCache full:https://registry.npmjs.org/@radix-ui%2freact-progress cache-miss
101 http fetch GET 200 https://registry.npmjs.org/@radix-ui%2freact-progress 389ms (cache miss)
102 silly packumentCache full:https://registry.npmjs.org/@radix-ui%2freact-progress set size:undefined disposed:false
103 silly fetch manifest @radix-ui/react-radio-group@*
104 silly packumentCache full:https://registry.npmjs.org/@radix-ui%2freact-radio-group cache-miss
105 http fetch GET 200 https://registry.npmjs.org/@radix-ui%2freact-radio-group 509ms (cache miss)
106 silly packumentCache full:https://registry.npmjs.org/@radix-ui%2freact-radio-group set size:undefined disposed:false
107 silly fetch manifest @radix-ui/react-scroll-area@*
108 silly packumentCache full:https://registry.npmjs.org/@radix-ui%2freact-scroll-area cache-miss
109 http fetch GET 200 https://registry.npmjs.org/@radix-ui%2freact-scroll-area 506ms (cache miss)
110 silly packumentCache full:https://registry.npmjs.org/@radix-ui%2freact-scroll-area set size:undefined disposed:false
111 silly fetch manifest @radix-ui/react-select@*
112 silly packumentCache full:https://registry.npmjs.org/@radix-ui%2freact-select cache-miss
113 http fetch GET 200 https://registry.npmjs.org/@radix-ui%2freact-select 298ms (cache miss)
114 silly packumentCache full:https://registry.npmjs.org/@radix-ui%2freact-select set size:undefined disposed:false
115 silly fetch manifest @radix-ui/react-separator@*
116 silly packumentCache full:https://registry.npmjs.org/@radix-ui%2freact-separator cache-miss
117 http fetch GET 200 https://registry.npmjs.org/@radix-ui%2freact-separator 482ms (cache miss)
118 silly packumentCache full:https://registry.npmjs.org/@radix-ui%2freact-separator set size:undefined disposed:false
119 silly fetch manifest @radix-ui/react-slider@*
120 silly packumentCache full:https://registry.npmjs.org/@radix-ui%2freact-slider cache-miss
121 http fetch GET 200 https://registry.npmjs.org/@radix-ui%2freact-slider 62ms (cache miss)
122 silly packumentCache full:https://registry.npmjs.org/@radix-ui%2freact-slider set size:undefined disposed:false
123 silly fetch manifest @radix-ui/react-slot@*
124 silly packumentCache full:https://registry.npmjs.org/@radix-ui%2freact-slot cache-miss
125 http fetch GET 200 https://registry.npmjs.org/@radix-ui%2freact-slot 51ms (cache miss)
126 silly packumentCache full:https://registry.npmjs.org/@radix-ui%2freact-slot set size:undefined disposed:false
127 silly fetch manifest @radix-ui/react-switch@*
128 silly packumentCache full:https://registry.npmjs.org/@radix-ui%2freact-switch cache-miss
129 http fetch GET 200 https://registry.npmjs.org/@radix-ui%2freact-switch 595ms (cache miss)
130 silly packumentCache full:https://registry.npmjs.org/@radix-ui%2freact-switch set size:undefined disposed:false
131 silly fetch manifest @radix-ui/react-tabs@*
132 silly packumentCache full:https://registry.npmjs.org/@radix-ui%2freact-tabs cache-miss
133 http fetch GET 200 https://registry.npmjs.org/@radix-ui%2freact-tabs 310ms (cache miss)
134 silly packumentCache full:https://registry.npmjs.org/@radix-ui%2freact-tabs set size:undefined disposed:false
135 silly fetch manifest @radix-ui/react-toast@*
136 silly packumentCache full:https://registry.npmjs.org/@radix-ui%2freact-toast cache-miss
137 http fetch GET 200 https://registry.npmjs.org/@radix-ui%2freact-toast 57ms (cache miss)
138 silly packumentCache full:https://registry.npmjs.org/@radix-ui%2freact-toast set size:undefined disposed:false
139 silly fetch manifest @radix-ui/react-toggle@*
140 silly packumentCache full:https://registry.npmjs.org/@radix-ui%2freact-toggle cache-miss
141 http fetch GET 200 https://registry.npmjs.org/@radix-ui%2freact-toggle 265ms (cache miss)
142 silly packumentCache full:https://registry.npmjs.org/@radix-ui%2freact-toggle set size:undefined disposed:false
143 silly fetch manifest @radix-ui/react-toggle-group@*
144 silly packumentCache full:https://registry.npmjs.org/@radix-ui%2freact-toggle-group cache-miss
145 http fetch GET 200 https://registry.npmjs.org/@radix-ui%2freact-toggle-group 59ms (cache miss)
146 silly packumentCache full:https://registry.npmjs.org/@radix-ui%2freact-toggle-group set size:undefined disposed:false
147 silly fetch manifest @radix-ui/react-tooltip@*
148 silly packumentCache full:https://registry.npmjs.org/@radix-ui%2freact-tooltip cache-miss
149 http fetch GET 200 https://registry.npmjs.org/@radix-ui%2freact-tooltip 382ms (cache miss)
150 silly packumentCache full:https://registry.npmjs.org/@radix-ui%2freact-tooltip set size:undefined disposed:false
151 silly fetch manifest @stripe/react-stripe-js@*
152 silly packumentCache full:https://registry.npmjs.org/@stripe%2freact-stripe-js cache-miss
153 http fetch GET 200 https://registry.npmjs.org/@stripe%2freact-stripe-js 119ms (cache miss)
154 silly packumentCache full:https://registry.npmjs.org/@stripe%2freact-stripe-js set size:undefined disposed:false
155 silly fetch manifest @stripe/stripe-js@*
156 silly packumentCache full:https://registry.npmjs.org/@stripe%2fstripe-js cache-miss
157 http fetch GET 200 https://registry.npmjs.org/@stripe%2fstripe-js 322ms (cache miss)
158 silly packumentCache full:https://registry.npmjs.org/@stripe%2fstripe-js set size:undefined disposed:false
159 silly fetch manifest @tanstack/react-query@*
160 silly packumentCache full:https://registry.npmjs.org/@tanstack%2freact-query cache-miss
161 http fetch GET 200 https://registry.npmjs.org/@tanstack%2freact-query 505ms (cache miss)
162 silly packumentCache full:https://registry.npmjs.org/@tanstack%2freact-query set size:undefined disposed:false
163 silly fetch manifest canvas-confetti@*
164 silly packumentCache full:https://registry.npmjs.org/canvas-confetti cache-miss
165 http fetch GET 200 https://registry.npmjs.org/canvas-confetti 323ms (cache miss)
166 silly packumentCache full:https://registry.npmjs.org/canvas-confetti set size:undefined disposed:false
167 silly fetch manifest class-variance-authority@*
168 silly packumentCache full:https://registry.npmjs.org/class-variance-authority cache-miss
169 http fetch GET 200 https://registry.npmjs.org/class-variance-authority 28ms (cache miss)
170 silly packumentCache full:https://registry.npmjs.org/class-variance-authority set size:undefined disposed:false
171 silly fetch manifest clsx@*
172 silly packumentCache full:https://registry.npmjs.org/clsx cache-miss
173 http fetch GET 200 https://registry.npmjs.org/clsx 272ms (cache miss)
174 silly packumentCache full:https://registry.npmjs.org/clsx set size:undefined disposed:false
175 silly fetch manifest cmdk@*
176 silly packumentCache full:https://registry.npmjs.org/cmdk cache-miss
177 http fetch GET 200 https://registry.npmjs.org/cmdk 306ms (cache miss)
178 silly packumentCache full:https://registry.npmjs.org/cmdk set size:undefined disposed:false
179 silly fetch manifest date-fns@*
180 silly packumentCache full:https://registry.npmjs.org/date-fns cache-miss
181 http fetch GET 200 https://registry.npmjs.org/date-fns 342ms (cache miss)
182 silly packumentCache full:https://registry.npmjs.org/date-fns set size:undefined disposed:false
183 silly fetch manifest embla-carousel-react@*
184 silly packumentCache full:https://registry.npmjs.org/embla-carousel-react cache-miss
185 http fetch GET 200 https://registry.npmjs.org/embla-carousel-react 293ms (cache miss)
186 silly packumentCache full:https://registry.npmjs.org/embla-carousel-react set size:undefined disposed:false
187 silly fetch manifest framer-motion@*
188 silly packumentCache full:https://registry.npmjs.org/framer-motion cache-miss
189 http fetch GET 200 https://registry.npmjs.org/framer-motion 397ms (cache miss)
190 silly packumentCache full:https://registry.npmjs.org/framer-motion set size:undefined disposed:false
191 silly fetch manifest html2canvas@*
192 silly packumentCache full:https://registry.npmjs.org/html2canvas cache-miss
193 http fetch GET 200 https://registry.npmjs.org/html2canvas 37ms (cache miss)
194 silly packumentCache full:https://registry.npmjs.org/html2canvas set size:undefined disposed:false
195 silly fetch manifest input-otp@*
196 silly packumentCache full:https://registry.npmjs.org/input-otp cache-miss
197 http fetch GET 200 https://registry.npmjs.org/input-otp 27ms (cache miss)
198 silly packumentCache full:https://registry.npmjs.org/input-otp set size:undefined disposed:false
199 silly fetch manifest jspdf@*
200 silly packumentCache full:https://registry.npmjs.org/jspdf cache-miss
201 http fetch GET 200 https://registry.npmjs.org/jspdf 26ms (cache miss)
202 silly packumentCache full:https://registry.npmjs.org/jspdf set size:undefined disposed:false
203 silly fetch manifest lodash@*
204 silly packumentCache full:https://registry.npmjs.org/lodash cache-miss
205 http fetch GET 200 https://registry.npmjs.org/lodash 31ms (cache miss)
206 silly packumentCache full:https://registry.npmjs.org/lodash set size:undefined disposed:false
207 silly fetch manifest lucide-react@*
208 silly packumentCache full:https://registry.npmjs.org/lucide-react cache-miss
209 http fetch GET 200 https://registry.npmjs.org/lucide-react 286ms (cache miss)
210 silly packumentCache full:https://registry.npmjs.org/lucide-react set size:undefined disposed:false
211 silly fetch manifest moment@*
212 silly packumentCache full:https://registry.npmjs.org/moment cache-miss
213 http fetch GET 200 https://registry.npmjs.org/moment 245ms (cache miss)
214 silly packumentCache full:https://registry.npmjs.org/moment set size:undefined disposed:false
215 silly fetch manifest next-themes@*
216 silly packumentCache full:https://registry.npmjs.org/next-themes cache-miss
217 http fetch GET 200 https://registry.npmjs.org/next-themes 46ms (cache miss)
218 silly packumentCache full:https://registry.npmjs.org/next-themes set size:undefined disposed:false
219 silly fetch manifest react@*
220 silly packumentCache full:https://registry.npmjs.org/react cache-miss
221 http fetch GET 200 https://registry.npmjs.org/react 156ms (cache miss)
222 silly packumentCache full:https://registry.npmjs.org/react set size:undefined disposed:false
223 silly fetch manifest react-day-picker@*
224 silly packumentCache full:https://registry.npmjs.org/react-day-picker cache-miss
225 http fetch GET 200 https://registry.npmjs.org/react-day-picker 83ms (cache miss)
226 silly packumentCache full:https://registry.npmjs.org/react-day-picker set size:undefined disposed:false
227 silly fetch manifest react-dom@*
228 silly packumentCache full:https://registry.npmjs.org/react-dom cache-miss
229 http fetch GET 200 https://registry.npmjs.org/react-dom 165ms (cache miss)
230 silly packumentCache full:https://registry.npmjs.org/react-dom set size:undefined disposed:false
231 silly fetch manifest react-hook-form@*
232 silly packumentCache full:https://registry.npmjs.org/react-hook-form cache-miss
233 http fetch GET 200 https://registry.npmjs.org/react-hook-form 85ms (cache miss)
234 silly packumentCache full:https://registry.npmjs.org/react-hook-form set size:undefined disposed:false
235 silly fetch manifest react-hot-toast@*
236 silly packumentCache full:https://registry.npmjs.org/react-hot-toast cache-miss
237 http fetch GET 200 https://registry.npmjs.org/react-hot-toast 25ms (cache miss)
238 silly packumentCache full:https://registry.npmjs.org/react-hot-toast set size:undefined disposed:false
239 silly fetch manifest react-leaflet@*
240 silly packumentCache full:https://registry.npmjs.org/react-leaflet cache-miss
241 http fetch GET 200 https://registry.npmjs.org/react-leaflet 235ms (cache miss)
242 silly packumentCache full:https://registry.npmjs.org/react-leaflet set size:undefined disposed:false
243 silly fetch manifest react-markdown@*
244 silly packumentCache full:https://registry.npmjs.org/react-markdown cache-miss
245 http fetch GET 200 https://registry.npmjs.org/react-markdown 36ms (cache miss)
246 silly packumentCache full:https://registry.npmjs.org/react-markdown set size:undefined disposed:false
247 silly fetch manifest react-quill@*
248 silly packumentCache full:https://registry.npmjs.org/react-quill cache-miss
249 http fetch GET 200 https://registry.npmjs.org/react-quill 33ms (cache miss)
250 silly packumentCache full:https://registry.npmjs.org/react-quill set size:undefined disposed:false
251 silly fetch manifest react-resizable-panels@*
252 silly packumentCache full:https://registry.npmjs.org/react-resizable-panels cache-miss
253 http fetch GET 200 https://registry.npmjs.org/react-resizable-panels 40ms (cache miss)
254 silly packumentCache full:https://registry.npmjs.org/react-resizable-panels set size:undefined disposed:false
255 silly fetch manifest react-router-dom@*
256 silly packumentCache full:https://registry.npmjs.org/react-router-dom cache-miss
257 http fetch GET 200 https://registry.npmjs.org/react-router-dom 80ms (cache miss)
258 silly packumentCache full:https://registry.npmjs.org/react-router-dom set size:undefined disposed:false
259 silly fetch manifest recharts@*
260 silly packumentCache full:https://registry.npmjs.org/recharts cache-miss
261 http fetch GET 200 https://registry.npmjs.org/recharts 56ms (cache miss)
262 silly packumentCache full:https://registry.npmjs.org/recharts set size:undefined disposed:false
263 silly fetch manifest sonner@*
264 silly packumentCache full:https://registry.npmjs.org/sonner cache-miss
265 http fetch GET 200 https://registry.npmjs.org/sonner 28ms (cache miss)
266 silly packumentCache full:https://registry.npmjs.org/sonner set size:undefined disposed:false
267 silly fetch manifest tailwind-merge@*
268 silly packumentCache full:https://registry.npmjs.org/tailwind-merge cache-miss
269 http fetch GET 200 https://registry.npmjs.org/tailwind-merge 67ms (cache miss)
270 silly packumentCache full:https://registry.npmjs.org/tailwind-merge set size:undefined disposed:false
271 silly fetch manifest tailwindcss-animate@*
272 silly packumentCache full:https://registry.npmjs.org/tailwindcss-animate cache-miss
273 http fetch GET 200 https://registry.npmjs.org/tailwindcss-animate 246ms (cache miss)
274 silly packumentCache full:https://registry.npmjs.org/tailwindcss-animate set size:undefined disposed:false
275 silly fetch manifest three@*
276 silly packumentCache full:https://registry.npmjs.org/three cache-miss
277 http fetch GET 200 https://registry.npmjs.org/three 56ms (cache miss)
278 silly packumentCache full:https://registry.npmjs.org/three set size:undefined disposed:false
279 silly fetch manifest vaul@*
280 silly packumentCache full:https://registry.npmjs.org/vaul cache-miss
281 http fetch GET 200 https://registry.npmjs.org/vaul 31ms (cache miss)
282 silly packumentCache full:https://registry.npmjs.org/vaul set size:undefined disposed:false
283 silly fetch manifest zod@*
284 silly packumentCache full:https://registry.npmjs.org/zod cache-miss
285 http fetch GET 200 https://registry.npmjs.org/zod 94ms (cache miss)
286 silly packumentCache full:https://registry.npmjs.org/zod set size:undefined disposed:false
287 silly placeDep ROOT @astrojs/react@5.0.4 OK for: users-anatoly-sites-bitcode-villa-ramann2@0.0.1 want: *
288 silly placeDep ROOT @astrojs/tailwind@6.0.2 OK for: users-anatoly-sites-bitcode-villa-ramann2@0.0.1 want: *
289 silly placeDep ROOT @base44/sdk@0.8.27 OK for: users-anatoly-sites-bitcode-villa-ramann2@0.0.1 want: *
290 silly placeDep ROOT @base44/vite-plugin@1.0.13 OK for: users-anatoly-sites-bitcode-villa-ramann2@0.0.1 want: *
291 silly placeDep ROOT @hello-pangea/dnd@18.0.1 OK for: users-anatoly-sites-bitcode-villa-ramann2@0.0.1 want: *
292 silly placeDep ROOT @hookform/resolvers@5.2.2 OK for: users-anatoly-sites-bitcode-villa-ramann2@0.0.1 want: *
293 silly placeDep ROOT @radix-ui/react-accordion@1.2.12 OK for: users-anatoly-sites-bitcode-villa-ramann2@0.0.1 want: *
294 silly placeDep ROOT @radix-ui/react-alert-dialog@1.1.15 OK for: users-anatoly-sites-bitcode-villa-ramann2@0.0.1 want: *
295 silly placeDep ROOT @radix-ui/react-aspect-ratio@1.1.8 OK for: users-anatoly-sites-bitcode-villa-ramann2@0.0.1 want: *
296 silly placeDep ROOT @radix-ui/react-avatar@1.1.11 OK for: users-anatoly-sites-bitcode-villa-ramann2@0.0.1 want: *
297 silly placeDep ROOT @radix-ui/react-checkbox@1.3.3 OK for: users-anatoly-sites-bitcode-villa-ramann2@0.0.1 want: *
298 silly placeDep ROOT @radix-ui/react-collapsible@1.1.12 OK for: users-anatoly-sites-bitcode-villa-ramann2@0.0.1 want: *
299 silly placeDep ROOT @radix-ui/react-context-menu@2.2.16 OK for: users-anatoly-sites-bitcode-villa-ramann2@0.0.1 want: *
300 silly placeDep ROOT @radix-ui/react-dialog@1.1.15 OK for: users-anatoly-sites-bitcode-villa-ramann2@0.0.1 want: *
301 silly placeDep ROOT @radix-ui/react-dropdown-menu@2.1.16 OK for: users-anatoly-sites-bitcode-villa-ramann2@0.0.1 want: *
302 silly placeDep ROOT @radix-ui/react-hover-card@1.1.15 OK for: users-anatoly-sites-bitcode-villa-ramann2@0.0.1 want: *
303 silly placeDep ROOT @radix-ui/react-label@2.1.8 OK for: users-anatoly-sites-bitcode-villa-ramann2@0.0.1 want: *
304 silly placeDep ROOT @radix-ui/react-menubar@1.1.16 OK for: users-anatoly-sites-bitcode-villa-ramann2@0.0.1 want: *
305 silly placeDep ROOT @radix-ui/react-navigation-menu@1.2.14 OK for: users-anatoly-sites-bitcode-villa-ramann2@0.0.1 want: *
306 silly placeDep ROOT @radix-ui/react-popover@1.1.15 OK for: users-anatoly-sites-bitcode-villa-ramann2@0.0.1 want: *
307 silly placeDep ROOT @radix-ui/react-progress@1.1.8 OK for: users-anatoly-sites-bitcode-villa-ramann2@0.0.1 want: *
308 silly placeDep ROOT @radix-ui/react-radio-group@1.3.8 OK for: users-anatoly-sites-bitcode-villa-ramann2@0.0.1 want: *
309 silly placeDep ROOT @radix-ui/react-scroll-area@1.2.10 OK for: users-anatoly-sites-bitcode-villa-ramann2@0.0.1 want: *
310 silly placeDep ROOT @radix-ui/react-select@2.2.6 OK for: users-anatoly-sites-bitcode-villa-ramann2@0.0.1 want: *
311 silly placeDep ROOT @radix-ui/react-separator@1.1.8 OK for: users-anatoly-sites-bitcode-villa-ramann2@0.0.1 want: *
312 silly placeDep ROOT @radix-ui/react-slider@1.3.6 OK for: users-anatoly-sites-bitcode-villa-ramann2@0.0.1 want: *
313 silly placeDep ROOT @radix-ui/react-slot@1.2.4 OK for: users-anatoly-sites-bitcode-villa-ramann2@0.0.1 want: *
314 silly placeDep ROOT @radix-ui/react-switch@1.2.6 OK for: users-anatoly-sites-bitcode-villa-ramann2@0.0.1 want: *
315 silly placeDep ROOT @radix-ui/react-tabs@1.1.13 OK for: users-anatoly-sites-bitcode-villa-ramann2@0.0.1 want: *
316 silly placeDep ROOT @radix-ui/react-toast@1.2.15 OK for: users-anatoly-sites-bitcode-villa-ramann2@0.0.1 want: *
317 silly placeDep ROOT @radix-ui/react-toggle@1.1.10 OK for: users-anatoly-sites-bitcode-villa-ramann2@0.0.1 want: *
318 silly placeDep ROOT @radix-ui/react-toggle-group@1.1.11 OK for: users-anatoly-sites-bitcode-villa-ramann2@0.0.1 want: *
319 silly placeDep ROOT @radix-ui/react-tooltip@1.2.8 OK for: users-anatoly-sites-bitcode-villa-ramann2@0.0.1 want: *
320 silly placeDep ROOT @stripe/react-stripe-js@6.3.0 OK for: users-anatoly-sites-bitcode-villa-ramann2@0.0.1 want: *
321 silly placeDep ROOT @stripe/stripe-js@9.4.0 OK for: users-anatoly-sites-bitcode-villa-ramann2@0.0.1 want: *
322 silly placeDep ROOT @tanstack/react-query@5.100.8 OK for: users-anatoly-sites-bitcode-villa-ramann2@0.0.1 want: *
323 silly placeDep ROOT astro@6.2.1 REPLACE for: users-anatoly-sites-bitcode-villa-ramann2@0.0.1 want: ^6.2.1
324 silly placeDep ROOT canvas-confetti@1.9.4 OK for: users-anatoly-sites-bitcode-villa-ramann2@0.0.1 want: *
325 silly placeDep ROOT class-variance-authority@0.7.1 OK for: users-anatoly-sites-bitcode-villa-ramann2@0.0.1 want: *
326 silly placeDep ROOT clsx@2.1.1 OK for: users-anatoly-sites-bitcode-villa-ramann2@0.0.1 want: *
327 silly placeDep ROOT cmdk@1.1.1 OK for: users-anatoly-sites-bitcode-villa-ramann2@0.0.1 want: *
328 silly placeDep ROOT date-fns@4.1.0 OK for: users-anatoly-sites-bitcode-villa-ramann2@0.0.1 want: *
329 silly placeDep ROOT embla-carousel-react@8.6.0 OK for: users-anatoly-sites-bitcode-villa-ramann2@0.0.1 want: *
330 silly placeDep ROOT framer-motion@12.38.0 OK for: users-anatoly-sites-bitcode-villa-ramann2@0.0.1 want: *
331 silly placeDep ROOT html2canvas@1.4.1 OK for: users-anatoly-sites-bitcode-villa-ramann2@0.0.1 want: *
332 silly placeDep ROOT input-otp@1.4.2 OK for: users-anatoly-sites-bitcode-villa-ramann2@0.0.1 want: *
333 silly placeDep ROOT jspdf@4.2.1 OK for: users-anatoly-sites-bitcode-villa-ramann2@0.0.1 want: *
334 silly placeDep ROOT lodash@4.18.1 OK for: users-anatoly-sites-bitcode-villa-ramann2@0.0.1 want: *
335 silly placeDep ROOT lucide-react@1.14.0 OK for: users-anatoly-sites-bitcode-villa-ramann2@0.0.1 want: *
336 silly placeDep ROOT moment@2.30.1 OK for: users-anatoly-sites-bitcode-villa-ramann2@0.0.1 want: *
337 silly placeDep ROOT next-themes@0.4.6 OK for: users-anatoly-sites-bitcode-villa-ramann2@0.0.1 want: *
338 silly placeDep ROOT react@19.2.5 OK for: users-anatoly-sites-bitcode-villa-ramann2@0.0.1 want: *
339 silly placeDep ROOT react-day-picker@9.14.0 OK for: users-anatoly-sites-bitcode-villa-ramann2@0.0.1 want: *
340 silly placeDep ROOT react-dom@19.2.5 OK for: users-anatoly-sites-bitcode-villa-ramann2@0.0.1 want: *
341 silly placeDep ROOT react-hook-form@7.75.0 OK for: users-anatoly-sites-bitcode-villa-ramann2@0.0.1 want: *
342 silly placeDep ROOT react-hot-toast@2.6.0 OK for: users-anatoly-sites-bitcode-villa-ramann2@0.0.1 want: *
343 silly placeDep ROOT react-leaflet@5.0.0 OK for: users-anatoly-sites-bitcode-villa-ramann2@0.0.1 want: *
344 silly placeDep ROOT react-markdown@10.1.0 OK for: users-anatoly-sites-bitcode-villa-ramann2@0.0.1 want: *
345 silly placeDep ROOT react-quill@2.0.0 OK for: users-anatoly-sites-bitcode-villa-ramann2@0.0.1 want: *
346 silly placeDep ROOT react-resizable-panels@4.11.0 OK for: users-anatoly-sites-bitcode-villa-ramann2@0.0.1 want: *
347 silly placeDep ROOT react-router-dom@7.14.2 OK for: users-anatoly-sites-bitcode-villa-ramann2@0.0.1 want: *
348 silly placeDep ROOT recharts@3.8.1 REPLACE for: users-anatoly-sites-bitcode-villa-ramann2@0.0.1 want: *
349 silly placeDep ROOT sonner@2.0.7 OK for: users-anatoly-sites-bitcode-villa-ramann2@0.0.1 want: *
350 silly placeDep ROOT tailwind-merge@3.5.0 OK for: users-anatoly-sites-bitcode-villa-ramann2@0.0.1 want: *
351 silly placeDep ROOT tailwindcss-animate@1.0.7 OK for: users-anatoly-sites-bitcode-villa-ramann2@0.0.1 want: *
352 silly placeDep ROOT three@0.184.0 OK for: users-anatoly-sites-bitcode-villa-ramann2@0.0.1 want: *
353 silly placeDep ROOT vaul@1.1.2 OK for: users-anatoly-sites-bitcode-villa-ramann2@0.0.1 want: *
354 silly placeDep ROOT zod@4.4.2 OK for: users-anatoly-sites-bitcode-villa-ramann2@0.0.1 want: *
355 silly fetch manifest vite@^7.3.2
356 silly packumentCache full:https://registry.npmjs.org/vite cache-miss
357 silly fetch manifest devalue@^5.6.4
358 silly packumentCache full:https://registry.npmjs.org/devalue cache-miss
359 silly fetch manifest ultrahtml@^1.6.0
360 silly packumentCache full:https://registry.npmjs.org/ultrahtml cache-miss
361 silly fetch manifest @vitejs/plugin-react@^5.2.0
362 silly packumentCache full:https://registry.npmjs.org/@vitejs%2fplugin-react cache-miss
363 silly fetch manifest @astrojs/internal-helpers@0.9.0
364 silly packumentCache full:https://registry.npmjs.org/@astrojs%2finternal-helpers cache-miss
365 silly fetch manifest postcss@^8.5.3
366 silly packumentCache full:https://registry.npmjs.org/postcss cache-miss
367 silly fetch manifest autoprefixer@^10.4.21
368 silly packumentCache full:https://registry.npmjs.org/autoprefixer cache-miss
369 silly fetch manifest postcss-load-config@^4.0.2
370 silly packumentCache full:https://registry.npmjs.org/postcss-load-config cache-miss
371 silly fetch manifest axios@^1.6.2
372 silly packumentCache full:https://registry.npmjs.org/axios cache-miss
373 silly fetch manifest socket.io-client@^4.7.5
374 silly packumentCache full:https://registry.npmjs.org/socket.io-client cache-miss
375 silly fetch manifest uuid@^13.0.0
376 silly packumentCache full:https://registry.npmjs.org/uuid cache-miss
377 http fetch GET 200 https://registry.npmjs.org/devalue 217ms (cache miss)
378 silly packumentCache full:https://registry.npmjs.org/devalue set size:undefined disposed:false
379 silly fetch manifest @babel/generator@^7.28.5
380 silly packumentCache full:https://registry.npmjs.org/@babel%2fgenerator cache-miss
381 http fetch GET 200 https://registry.npmjs.org/uuid 236ms (cache miss)
382 silly packumentCache full:https://registry.npmjs.org/uuid set size:undefined disposed:false
383 silly fetch manifest @babel/parser@^7.28.5
384 silly packumentCache full:https://registry.npmjs.org/@babel%2fparser cache-miss
385 http fetch GET 200 https://registry.npmjs.org/@vitejs%2fplugin-react 284ms (cache miss)
386 silly packumentCache full:https://registry.npmjs.org/@vitejs%2fplugin-react set size:undefined disposed:false
387 silly fetch manifest @babel/traverse@^7.28.5
388 silly packumentCache full:https://registry.npmjs.org/@babel%2ftraverse cache-miss
389 http fetch GET 200 https://registry.npmjs.org/socket.io-client 302ms (cache miss)
390 silly packumentCache full:https://registry.npmjs.org/socket.io-client set size:undefined disposed:false
391 silly fetch manifest @babel/types@^7.28.5
392 silly packumentCache full:https://registry.npmjs.org/@babel%2ftypes cache-miss
393 http fetch GET 200 https://registry.npmjs.org/axios 342ms (cache miss)
394 silly packumentCache full:https://registry.npmjs.org/axios set size:undefined disposed:false
395 silly fetch manifest @babel/runtime@^7.26.7
396 silly packumentCache full:https://registry.npmjs.org/@babel%2fruntime cache-miss
397 http fetch GET 200 https://registry.npmjs.org/@babel%2fgenerator 164ms (cache miss)
398 silly packumentCache full:https://registry.npmjs.org/@babel%2fgenerator set size:undefined disposed:false
399 silly fetch manifest css-box-model@^1.2.1
400 silly packumentCache full:https://registry.npmjs.org/css-box-model cache-miss
401 http fetch GET 200 https://registry.npmjs.org/postcss 395ms (cache miss)
402 silly packumentCache full:https://registry.npmjs.org/postcss set size:undefined disposed:false
403 silly fetch manifest raf-schd@^4.0.3
404 silly packumentCache full:https://registry.npmjs.org/raf-schd cache-miss
405 http fetch GET 200 https://registry.npmjs.org/autoprefixer 434ms (cache miss)
406 silly packumentCache full:https://registry.npmjs.org/autoprefixer set size:undefined disposed:false
407 silly fetch manifest react-redux@^9.2.0
408 silly packumentCache full:https://registry.npmjs.org/react-redux cache-miss
409 http fetch GET 200 https://registry.npmjs.org/postcss-load-config 469ms (cache miss)
410 silly packumentCache full:https://registry.npmjs.org/postcss-load-config set size:undefined disposed:false
411 silly fetch manifest redux@^5.0.1
412 silly packumentCache full:https://registry.npmjs.org/redux cache-miss
413 http fetch GET 200 https://registry.npmjs.org/ultrahtml 503ms (cache miss)
414 silly packumentCache full:https://registry.npmjs.org/ultrahtml set size:undefined disposed:false
415 silly fetch manifest @standard-schema/utils@^0.3.0
416 silly packumentCache full:https://registry.npmjs.org/@standard-schema%2futils cache-miss
417 http fetch GET 200 https://registry.npmjs.org/@babel%2fparser 243ms (cache miss)
418 silly packumentCache full:https://registry.npmjs.org/@babel%2fparser set size:undefined disposed:false
419 silly fetch manifest @radix-ui/react-id@1.1.1
420 silly packumentCache full:https://registry.npmjs.org/@radix-ui%2freact-id cache-miss
421 http fetch GET 200 https://registry.npmjs.org/@babel%2ftraverse 234ms (cache miss)
422 silly packumentCache full:https://registry.npmjs.org/@babel%2ftraverse set size:undefined disposed:false
423 silly fetch manifest @radix-ui/primitive@1.1.3
424 silly packumentCache full:https://registry.npmjs.org/@radix-ui%2fprimitive cache-miss
425 http fetch GET 200 https://registry.npmjs.org/css-box-model 138ms (cache miss)
426 silly packumentCache full:https://registry.npmjs.org/css-box-model set size:undefined disposed:false
427 silly fetch manifest @radix-ui/react-context@1.1.2
428 silly packumentCache full:https://registry.npmjs.org/@radix-ui%2freact-context cache-miss
429 http fetch GET 200 https://registry.npmjs.org/@babel%2ftypes 215ms (cache miss)
430 silly packumentCache full:https://registry.npmjs.org/@babel%2ftypes set size:undefined disposed:false
431 silly fetch manifest @radix-ui/react-direction@1.1.1
432 silly packumentCache full:https://registry.npmjs.org/@radix-ui%2freact-direction cache-miss
433 http fetch GET 200 https://registry.npmjs.org/react-redux 106ms (cache miss)
434 silly packumentCache full:https://registry.npmjs.org/react-redux set size:undefined disposed:false
435 silly fetch manifest @radix-ui/react-primitive@2.1.3
436 silly packumentCache full:https://registry.npmjs.org/@radix-ui%2freact-primitive cache-miss
437 http fetch GET 200 https://registry.npmjs.org/@radix-ui%2fprimitive 62ms (cache miss)
438 silly packumentCache full:https://registry.npmjs.org/@radix-ui%2fprimitive set size:undefined disposed:false
439 silly fetch manifest @radix-ui/react-collection@1.1.7
440 silly packumentCache full:https://registry.npmjs.org/@radix-ui%2freact-collection cache-miss
441 http fetch GET 200 https://registry.npmjs.org/@babel%2fruntime 274ms (cache miss)
442 silly packumentCache full:https://registry.npmjs.org/@babel%2fruntime set size:undefined disposed:false
443 silly fetch manifest @radix-ui/react-collapsible@1.1.12
444 silly packumentCache full:https://registry.npmjs.org/@radix-ui%2freact-collapsible cache-miss
445 http fetch GET 200 https://registry.npmjs.org/@radix-ui%2freact-id 164ms (cache miss)
446 silly packumentCache full:https://registry.npmjs.org/@radix-ui%2freact-id set size:undefined disposed:false
447 silly fetch manifest @radix-ui/react-compose-refs@1.1.2
448 silly packumentCache full:https://registry.npmjs.org/@radix-ui%2freact-compose-refs cache-miss
449 http cache https://registry.npmjs.org/@radix-ui%2freact-collapsible 29ms (cache hit)
450 silly packumentCache full:https://registry.npmjs.org/@radix-ui%2freact-collapsible set size:801871 disposed:false
451 silly fetch manifest @radix-ui/react-use-controllable-state@1.2.2
452 silly packumentCache full:https://registry.npmjs.org/@radix-ui%2freact-use-controllable-state cache-miss
453 http fetch GET 200 https://registry.npmjs.org/raf-schd 297ms (cache miss)
454 silly packumentCache full:https://registry.npmjs.org/raf-schd set size:undefined disposed:false
455 silly fetch manifest @radix-ui/react-slot@1.2.3
456 silly packumentCache full:https://registry.npmjs.org/@radix-ui%2freact-slot cache-miss
457 http cache https://registry.npmjs.org/@radix-ui%2freact-slot 22ms (cache hit)
458 silly packumentCache full:https://registry.npmjs.org/@radix-ui%2freact-slot set size:387271 disposed:false
459 silly fetch manifest @radix-ui/react-dialog@1.1.15
460 silly packumentCache full:https://registry.npmjs.org/@radix-ui%2freact-dialog cache-miss
461 http fetch GET 200 https://registry.npmjs.org/@astrojs%2finternal-helpers 742ms (cache miss)
462 silly packumentCache full:https://registry.npmjs.org/@astrojs%2finternal-helpers set size:undefined disposed:false
463 silly fetch manifest @radix-ui/react-context@1.1.2
464 silly packumentCache full:https://registry.npmjs.org/@radix-ui%2freact-context cache-miss
465 http fetch GET 200 https://registry.npmjs.org/@radix-ui%2freact-compose-refs 74ms (cache miss)
466 silly packumentCache full:https://registry.npmjs.org/@radix-ui%2freact-compose-refs set size:undefined disposed:false
467 silly fetch manifest @radix-ui/react-primitive@2.1.3
468 silly packumentCache full:https://registry.npmjs.org/@radix-ui%2freact-primitive cache-miss
469 http cache https://registry.npmjs.org/@radix-ui%2freact-dialog 31ms (cache hit)
470 silly packumentCache full:https://registry.npmjs.org/@radix-ui%2freact-dialog set size:1036325 disposed:false
471 silly fetch manifest @radix-ui/react-primitive@2.1.4
472 silly packumentCache full:https://registry.npmjs.org/@radix-ui%2freact-primitive cache-miss
473 http fetch GET 200 https://registry.npmjs.org/redux 317ms (cache miss)
474 silly packumentCache full:https://registry.npmjs.org/redux set size:undefined disposed:false
475 silly fetch manifest @radix-ui/react-context@1.1.3
476 silly packumentCache full:https://registry.npmjs.org/@radix-ui%2freact-context cache-miss
477 http fetch GET 200 https://registry.npmjs.org/@radix-ui%2freact-context 323ms (cache miss)
478 silly packumentCache full:https://registry.npmjs.org/@radix-ui%2freact-context set size:undefined disposed:false
479 silly fetch manifest @radix-ui/react-primitive@2.1.4
480 silly packumentCache full:https://registry.npmjs.org/@radix-ui%2freact-primitive cache-miss
481 http fetch GET 200 https://registry.npmjs.org/@radix-ui%2freact-context 121ms (cache miss)
482 silly packumentCache full:https://registry.npmjs.org/@radix-ui%2freact-context set size:undefined disposed:false
483 silly fetch manifest @radix-ui/react-use-is-hydrated@0.1.0
484 silly packumentCache full:https://registry.npmjs.org/@radix-ui%2freact-use-is-hydrated cache-miss
485 http fetch GET 200 https://registry.npmjs.org/@radix-ui%2freact-context 88ms (cache miss)
486 silly packumentCache full:https://registry.npmjs.org/@radix-ui%2freact-context set size:undefined disposed:false
487 silly fetch manifest @radix-ui/react-use-callback-ref@1.1.1
488 silly packumentCache full:https://registry.npmjs.org/@radix-ui%2freact-use-callback-ref cache-miss
489 http fetch GET 200 https://registry.npmjs.org/@radix-ui%2freact-primitive 325ms (cache miss)
490 silly packumentCache full:https://registry.npmjs.org/@radix-ui%2freact-primitive set size:undefined disposed:false
491 silly fetch manifest @radix-ui/react-use-layout-effect@1.1.1
492 silly packumentCache full:https://registry.npmjs.org/@radix-ui%2freact-use-layout-effect cache-miss
493 http fetch GET 200 https://registry.npmjs.org/@radix-ui%2freact-primitive 123ms (cache miss)
494 silly packumentCache full:https://registry.npmjs.org/@radix-ui%2freact-primitive set size:undefined disposed:false
495 silly fetch manifest @radix-ui/react-presence@1.1.5
496 silly packumentCache full:https://registry.npmjs.org/@radix-ui%2freact-presence cache-miss
497 http fetch GET 200 https://registry.npmjs.org/@radix-ui%2freact-primitive 166ms (cache miss)
498 silly packumentCache full:https://registry.npmjs.org/@radix-ui%2freact-primitive set size:undefined disposed:false
499 silly fetch manifest @radix-ui/react-use-size@1.1.1
500 silly packumentCache full:https://registry.npmjs.org/@radix-ui%2freact-use-size cache-miss
501 http fetch GET 200 https://registry.npmjs.org/@radix-ui%2freact-use-is-hydrated 73ms (cache miss)
502 silly packumentCache full:https://registry.npmjs.org/@radix-ui%2freact-use-is-hydrated set size:undefined disposed:false
503 silly fetch manifest @radix-ui/react-use-previous@1.1.1
504 silly packumentCache full:https://registry.npmjs.org/@radix-ui%2freact-use-previous cache-miss
505 http fetch GET 200 https://registry.npmjs.org/@radix-ui%2freact-primitive 92ms (cache miss)
506 silly packumentCache full:https://registry.npmjs.org/@radix-ui%2freact-primitive set size:undefined disposed:false
507 silly fetch manifest @radix-ui/react-use-controllable-state@1.2.2
508 silly packumentCache full:https://registry.npmjs.org/@radix-ui%2freact-use-controllable-state cache-miss
509 http fetch GET 200 https://registry.npmjs.org/@radix-ui%2freact-use-size 66ms (cache miss)
510 silly packumentCache full:https://registry.npmjs.org/@radix-ui%2freact-use-size set size:undefined disposed:false
511 silly fetch manifest @radix-ui/react-presence@1.1.5
512 silly packumentCache full:https://registry.npmjs.org/@radix-ui%2freact-presence cache-miss
513 http fetch GET 200 https://registry.npmjs.org/@radix-ui%2freact-use-controllable-state 298ms (cache miss)
514 silly packumentCache full:https://registry.npmjs.org/@radix-ui%2freact-use-controllable-state set size:undefined disposed:false
515 silly fetch manifest @radix-ui/react-use-layout-effect@1.1.1
516 silly packumentCache full:https://registry.npmjs.org/@radix-ui%2freact-use-layout-effect cache-miss
517 http fetch GET 200 https://registry.npmjs.org/@radix-ui%2freact-direction 476ms (cache miss)
518 silly packumentCache full:https://registry.npmjs.org/@radix-ui%2freact-direction set size:undefined disposed:false
519 silly fetch manifest @radix-ui/react-menu@2.1.16
520 silly packumentCache full:https://registry.npmjs.org/@radix-ui%2freact-menu cache-miss
521 http fetch GET 200 https://registry.npmjs.org/@radix-ui%2freact-use-previous 82ms (cache miss)
522 silly packumentCache full:https://registry.npmjs.org/@radix-ui%2freact-use-previous set size:undefined disposed:false
523 silly fetch manifest @radix-ui/react-use-callback-ref@1.1.1
524 silly packumentCache full:https://registry.npmjs.org/@radix-ui%2freact-use-callback-ref cache-miss
525 http fetch GET 200 https://registry.npmjs.org/@radix-ui%2freact-use-controllable-state 76ms (cache miss)
526 silly packumentCache full:https://registry.npmjs.org/@radix-ui%2freact-use-controllable-state set size:undefined disposed:false
527 silly fetch manifest aria-hidden@^1.2.4
528 silly packumentCache full:https://registry.npmjs.org/aria-hidden cache-miss
529 http fetch GET 200 https://registry.npmjs.org/@radix-ui%2freact-collection 503ms (cache miss)
530 silly packumentCache full:https://registry.npmjs.org/@radix-ui%2freact-collection set size:undefined disposed:false
531 silly fetch manifest react-remove-scroll@^2.6.3
532 silly packumentCache full:https://registry.npmjs.org/react-remove-scroll cache-miss
533 http fetch GET 200 https://registry.npmjs.org/@radix-ui%2freact-menu 98ms (cache miss)
534 silly packumentCache full:https://registry.npmjs.org/@radix-ui%2freact-menu set size:undefined disposed:false
535 silly fetch manifest @radix-ui/react-portal@1.1.9
536 silly packumentCache full:https://registry.npmjs.org/@radix-ui%2freact-portal cache-miss
537 http fetch GET 200 https://registry.npmjs.org/react-remove-scroll 82ms (cache miss)
538 silly packumentCache full:https://registry.npmjs.org/react-remove-scroll set size:undefined disposed:false
539 silly fetch manifest @radix-ui/react-presence@1.1.5
540 silly packumentCache full:https://registry.npmjs.org/@radix-ui%2freact-presence cache-miss
541 http fetch GET 200 https://registry.npmjs.org/@radix-ui%2freact-use-layout-effect 183ms (cache miss)
542 silly packumentCache full:https://registry.npmjs.org/@radix-ui%2freact-use-layout-effect set size:undefined disposed:false
543 silly fetch manifest @radix-ui/react-focus-scope@1.1.7
544 silly packumentCache full:https://registry.npmjs.org/@radix-ui%2freact-focus-scope cache-miss
545 http fetch GET 200 https://registry.npmjs.org/@radix-ui%2freact-use-layout-effect 296ms (cache miss)
546 silly packumentCache full:https://registry.npmjs.org/@radix-ui%2freact-use-layout-effect set size:undefined disposed:false
547 silly fetch manifest @radix-ui/react-focus-guards@1.1.3
548 silly packumentCache full:https://registry.npmjs.org/@radix-ui%2freact-focus-guards cache-miss
549 http fetch GET 200 https://registry.npmjs.org/@radix-ui%2freact-presence 300ms (cache miss)
550 silly packumentCache full:https://registry.npmjs.org/@radix-ui%2freact-presence set size:undefined disposed:false
551 silly fetch manifest @radix-ui/react-dismissable-layer@1.1.11
552 silly packumentCache full:https://registry.npmjs.org/@radix-ui%2freact-dismissable-layer cache-miss
553 http fetch GET 200 https://registry.npmjs.org/@radix-ui%2freact-presence 213ms (cache miss)
554 silly packumentCache full:https://registry.npmjs.org/@radix-ui%2freact-presence set size:undefined disposed:false
555 silly fetch manifest @radix-ui/react-popper@1.2.8
556 silly packumentCache full:https://registry.npmjs.org/@radix-ui%2freact-popper cache-miss
557 http fetch GET 200 https://registry.npmjs.org/@radix-ui%2freact-presence 59ms (cache miss)
558 silly packumentCache full:https://registry.npmjs.org/@radix-ui%2freact-presence set size:undefined disposed:false
559 silly fetch manifest @radix-ui/react-portal@1.1.9
560 silly packumentCache full:https://registry.npmjs.org/@radix-ui%2freact-portal cache-miss
561 http fetch GET 200 https://registry.npmjs.org/aria-hidden 246ms (cache miss)
562 silly packumentCache full:https://registry.npmjs.org/aria-hidden set size:undefined disposed:false
563 silly fetch manifest @radix-ui/react-dismissable-layer@1.1.11
564 silly packumentCache full:https://registry.npmjs.org/@radix-ui%2freact-dismissable-layer cache-miss
565 http fetch GET 200 https://registry.npmjs.org/@radix-ui%2freact-focus-scope 96ms (cache miss)
566 silly packumentCache full:https://registry.npmjs.org/@radix-ui%2freact-focus-scope set size:undefined disposed:false
567 silly fetch manifest @radix-ui/react-roving-focus@1.1.11
568 silly packumentCache full:https://registry.npmjs.org/@radix-ui%2freact-roving-focus cache-miss
569 http fetch GET 200 https://registry.npmjs.org/@radix-ui%2freact-dismissable-layer 105ms (cache miss)
570 silly packumentCache full:https://registry.npmjs.org/@radix-ui%2freact-dismissable-layer set size:undefined disposed:false
571 silly fetch manifest @radix-ui/react-visually-hidden@1.2.3
572 silly packumentCache full:https://registry.npmjs.org/@radix-ui%2freact-visually-hidden cache-miss
573 http fetch GET 200 https://registry.npmjs.org/@radix-ui%2freact-popper 121ms (cache miss)
574 silly packumentCache full:https://registry.npmjs.org/@radix-ui%2freact-popper set size:undefined disposed:false
575 silly fetch manifest @radix-ui/react-use-callback-ref@1.1.1
576 silly packumentCache full:https://registry.npmjs.org/@radix-ui%2freact-use-callback-ref cache-miss
577 http fetch GET 200 https://registry.npmjs.org/@radix-ui%2freact-focus-guards 157ms (cache miss)
578 silly packumentCache full:https://registry.npmjs.org/@radix-ui%2freact-focus-guards set size:undefined disposed:false
579 silly fetch manifest @radix-ui/react-portal@1.1.9
580 silly packumentCache full:https://registry.npmjs.org/@radix-ui%2freact-portal cache-miss
581 http fetch GET 200 https://registry.npmjs.org/@radix-ui%2freact-use-callback-ref 495ms (cache miss)
582 silly packumentCache full:https://registry.npmjs.org/@radix-ui%2freact-use-callback-ref set size:undefined disposed:false
583 silly fetch manifest @radix-ui/react-roving-focus@1.1.11
584 silly packumentCache full:https://registry.npmjs.org/@radix-ui%2freact-roving-focus cache-miss
585 http fetch GET 200 https://registry.npmjs.org/@radix-ui%2freact-use-callback-ref 365ms (cache miss)
586 silly packumentCache full:https://registry.npmjs.org/@radix-ui%2freact-use-callback-ref set size:undefined disposed:false
587 silly fetch manifest @radix-ui/number@1.1.1
588 silly packumentCache full:https://registry.npmjs.org/@radix-ui%2fnumber cache-miss
589 http fetch GET 200 https://registry.npmjs.org/@standard-schema%2futils 916ms (cache miss)
590 silly packumentCache full:https://registry.npmjs.org/@standard-schema%2futils set size:undefined disposed:false
591 silly fetch manifest @radix-ui/number@1.1.1
592 silly packumentCache full:https://registry.npmjs.org/@radix-ui%2fnumber cache-miss
593 http fetch GET 200 https://registry.npmjs.org/@radix-ui%2freact-dismissable-layer 144ms (cache miss)
594 silly packumentCache full:https://registry.npmjs.org/@radix-ui%2freact-dismissable-layer set size:undefined disposed:false
595 silly fetch manifest @radix-ui/react-portal@1.1.9
596 silly packumentCache full:https://registry.npmjs.org/@radix-ui%2freact-portal cache-miss
597 http fetch GET 200 https://registry.npmjs.org/@radix-ui%2freact-use-callback-ref 86ms (cache miss)
598 silly packumentCache full:https://registry.npmjs.org/@radix-ui%2freact-use-callback-ref set size:undefined disposed:false
599 silly fetch manifest @radix-ui/react-visually-hidden@1.2.3
600 silly packumentCache full:https://registry.npmjs.org/@radix-ui%2freact-visually-hidden cache-miss
601 http fetch GET 200 https://registry.npmjs.org/@radix-ui%2freact-portal 319ms (cache miss)
602 silly packumentCache full:https://registry.npmjs.org/@radix-ui%2freact-portal set size:undefined disposed:false
603 silly fetch manifest @radix-ui/number@1.1.1
604 silly packumentCache full:https://registry.npmjs.org/@radix-ui%2fnumber cache-miss
605 http fetch GET 200 https://registry.npmjs.org/@radix-ui%2freact-portal 215ms (cache miss)
606 silly packumentCache full:https://registry.npmjs.org/@radix-ui%2freact-portal set size:undefined disposed:false
607 silly fetch manifest @radix-ui/react-roving-focus@1.1.11
608 silly packumentCache full:https://registry.npmjs.org/@radix-ui%2freact-roving-focus cache-miss
609 http fetch GET 200 https://registry.npmjs.org/@radix-ui%2freact-portal 113ms (cache miss)
610 silly packumentCache full:https://registry.npmjs.org/@radix-ui%2freact-portal set size:undefined disposed:false
611 silly fetch manifest @radix-ui/react-visually-hidden@1.2.3
612 silly packumentCache full:https://registry.npmjs.org/@radix-ui%2freact-visually-hidden cache-miss
613 http fetch GET 200 https://registry.npmjs.org/@radix-ui%2freact-portal 74ms (cache miss)
614 silly packumentCache full:https://registry.npmjs.org/@radix-ui%2freact-portal set size:undefined disposed:false
615 silly fetch manifest @radix-ui/react-roving-focus@1.1.11
616 silly packumentCache full:https://registry.npmjs.org/@radix-ui%2freact-roving-focus cache-miss
617 http fetch GET 200 https://registry.npmjs.org/@radix-ui%2freact-roving-focus 229ms (cache miss)
618 silly packumentCache full:https://registry.npmjs.org/@radix-ui%2freact-roving-focus set size:undefined disposed:false
619 silly fetch manifest @radix-ui/react-visually-hidden@1.2.3
620 silly packumentCache full:https://registry.npmjs.org/@radix-ui%2freact-visually-hidden cache-miss
621 http fetch GET 200 https://registry.npmjs.org/@radix-ui%2freact-roving-focus 157ms (cache miss)
622 silly packumentCache full:https://registry.npmjs.org/@radix-ui%2freact-roving-focus set size:undefined disposed:false
623 silly fetch manifest prop-types@^15.7.2
624 silly packumentCache full:https://registry.npmjs.org/prop-types cache-miss
625 http fetch GET 200 https://registry.npmjs.org/@radix-ui%2freact-roving-focus 338ms (cache miss)
626 silly packumentCache full:https://registry.npmjs.org/@radix-ui%2freact-roving-focus set size:undefined disposed:false
627 silly fetch manifest @tanstack/query-core@5.100.8
628 silly packumentCache full:https://registry.npmjs.org/@tanstack%2fquery-core cache-miss
629 http fetch GET 200 https://registry.npmjs.org/@radix-ui%2freact-roving-focus 133ms (cache miss)
630 silly packumentCache full:https://registry.npmjs.org/@radix-ui%2freact-roving-focus set size:undefined disposed:false
631 silly fetch manifest @astrojs/compiler@^4.0.0
632 silly packumentCache full:https://registry.npmjs.org/@astrojs%2fcompiler cache-miss
633 http fetch GET 200 https://registry.npmjs.org/@radix-ui%2freact-visually-hidden 348ms (cache miss)
634 silly packumentCache full:https://registry.npmjs.org/@radix-ui%2freact-visually-hidden set size:undefined disposed:false
635 silly fetch manifest @capsizecss/unpack@^4.0.0
636 silly packumentCache full:https://registry.npmjs.org/@capsizecss%2funpack cache-miss
637 http fetch GET 200 https://registry.npmjs.org/@radix-ui%2freact-visually-hidden 200ms (cache miss)
638 silly packumentCache full:https://registry.npmjs.org/@radix-ui%2freact-visually-hidden set size:undefined disposed:false
639 silly fetch manifest @clack/prompts@^1.1.0
640 silly packumentCache full:https://registry.npmjs.org/@clack%2fprompts cache-miss
641 http fetch GET 200 https://registry.npmjs.org/@radix-ui%2freact-visually-hidden 250ms (cache miss)
642 silly packumentCache full:https://registry.npmjs.org/@radix-ui%2freact-visually-hidden set size:undefined disposed:false
643 silly fetch manifest @oslojs/encoding@^1.1.0
644 silly packumentCache full:https://registry.npmjs.org/@oslojs%2fencoding cache-miss
645 http fetch GET 200 https://registry.npmjs.org/@radix-ui%2freact-visually-hidden 83ms (cache miss)
646 silly packumentCache full:https://registry.npmjs.org/@radix-ui%2freact-visually-hidden set size:undefined disposed:false
647 silly fetch manifest @rollup/pluginutils@^5.3.0
648 silly packumentCache full:https://registry.npmjs.org/@rollup%2fpluginutils cache-miss
649 http fetch GET 200 https://registry.npmjs.org/@capsizecss%2funpack 105ms (cache miss)
650 silly packumentCache full:https://registry.npmjs.org/@capsizecss%2funpack set size:undefined disposed:false
651 silly fetch manifest aria-query@^5.3.2
652 silly packumentCache full:https://registry.npmjs.org/aria-query cache-miss
653 http fetch GET 200 https://registry.npmjs.org/aria-query 27ms (cache miss)
654 silly packumentCache full:https://registry.npmjs.org/aria-query set size:undefined disposed:false
655 silly fetch manifest axobject-query@^4.1.0
656 silly packumentCache full:https://registry.npmjs.org/axobject-query cache-miss
657 http fetch GET 200 https://registry.npmjs.org/@radix-ui%2fnumber 425ms (cache miss)
658 silly packumentCache full:https://registry.npmjs.org/@radix-ui%2fnumber set size:undefined disposed:false
659 silly fetch manifest ci-info@^4.4.0
660 silly packumentCache full:https://registry.npmjs.org/ci-info cache-miss
661 http fetch GET 200 https://registry.npmjs.org/@radix-ui%2fnumber 392ms (cache miss)
662 silly packumentCache full:https://registry.npmjs.org/@radix-ui%2fnumber set size:undefined disposed:false
663 silly fetch manifest clsx@^2.1.1
664 silly packumentCache full:https://registry.npmjs.org/clsx cache-miss
665 http fetch GET 200 https://registry.npmjs.org/@radix-ui%2fnumber 464ms (cache miss)
666 silly packumentCache full:https://registry.npmjs.org/@radix-ui%2fnumber set size:undefined disposed:false
667 silly fetch manifest common-ancestor-path@^2.0.0
668 silly packumentCache full:https://registry.npmjs.org/common-ancestor-path cache-miss
669 http cache https://registry.npmjs.org/clsx 18ms (cache hit)
670 silly packumentCache full:https://registry.npmjs.org/clsx set size:42506 disposed:false
671 silly fetch manifest cookie@^1.1.1
672 silly packumentCache full:https://registry.npmjs.org/cookie cache-miss
673 http fetch GET 200 https://registry.npmjs.org/axobject-query 61ms (cache miss)
674 silly packumentCache full:https://registry.npmjs.org/axobject-query set size:undefined disposed:false
675 silly fetch manifest devalue@^5.6.3
676 silly packumentCache full:https://registry.npmjs.org/devalue cache-miss
677 http fetch GET 200 https://registry.npmjs.org/ci-info 48ms (cache miss)
678 silly packumentCache full:https://registry.npmjs.org/ci-info set size:undefined disposed:false
679 silly fetch manifest diff@^8.0.3
680 silly packumentCache full:https://registry.npmjs.org/diff cache-miss
681 http fetch GET 200 https://registry.npmjs.org/prop-types 268ms (cache miss)
682 silly packumentCache full:https://registry.npmjs.org/prop-types set size:undefined disposed:false
683 silly fetch manifest dset@^3.1.4
684 silly packumentCache full:https://registry.npmjs.org/dset cache-miss
685 http cache https://registry.npmjs.org/devalue 25ms (cache hit)
686 silly packumentCache full:https://registry.npmjs.org/devalue set size:106935 disposed:false
687 silly fetch manifest es-module-lexer@^2.0.0
688 silly packumentCache full:https://registry.npmjs.org/es-module-lexer cache-miss
689 http fetch GET 200 https://registry.npmjs.org/common-ancestor-path 51ms (cache miss)
690 silly packumentCache full:https://registry.npmjs.org/common-ancestor-path set size:undefined disposed:false
691 silly fetch manifest esbuild@^0.27.3
692 silly packumentCache full:https://registry.npmjs.org/esbuild cache-miss
693 http fetch GET 200 https://registry.npmjs.org/cookie 47ms (cache miss)
694 silly packumentCache full:https://registry.npmjs.org/cookie set size:undefined disposed:false
695 silly fetch manifest flattie@^1.1.1
696 silly packumentCache full:https://registry.npmjs.org/flattie cache-miss
697 http fetch GET 200 https://registry.npmjs.org/dset 43ms (cache miss)
698 silly packumentCache full:https://registry.npmjs.org/dset set size:undefined disposed:false
699 silly fetch manifest fontace@~0.4.1
700 silly packumentCache full:https://registry.npmjs.org/fontace cache-miss
701 http fetch GET 200 https://registry.npmjs.org/es-module-lexer 48ms (cache miss)
702 silly packumentCache full:https://registry.npmjs.org/es-module-lexer set size:undefined disposed:false
703 silly fetch manifest github-slugger@^2.0.0
704 silly packumentCache full:https://registry.npmjs.org/github-slugger cache-miss
705 http fetch GET 200 https://registry.npmjs.org/flattie 44ms (cache miss)
706 silly packumentCache full:https://registry.npmjs.org/flattie set size:undefined disposed:false
707 silly fetch manifest html-escaper@3.0.3
708 silly packumentCache full:https://registry.npmjs.org/html-escaper cache-miss
709 http fetch GET 200 https://registry.npmjs.org/@rollup%2fpluginutils 263ms (cache miss)
710 silly packumentCache full:https://registry.npmjs.org/@rollup%2fpluginutils set size:undefined disposed:false
711 silly fetch manifest http-cache-semantics@^4.2.0
712 silly packumentCache full:https://registry.npmjs.org/http-cache-semantics cache-miss
713 http fetch GET 200 https://registry.npmjs.org/@tanstack%2fquery-core 348ms (cache miss)
714 silly packumentCache full:https://registry.npmjs.org/@tanstack%2fquery-core set size:undefined disposed:false
715 silly fetch manifest js-yaml@^4.1.1
716 silly packumentCache full:https://registry.npmjs.org/js-yaml cache-miss
717 http fetch GET 200 https://registry.npmjs.org/fontace 61ms (cache miss)
718 silly packumentCache full:https://registry.npmjs.org/fontace set size:undefined disposed:false
719 silly fetch manifest magic-string@^0.30.21
720 silly packumentCache full:https://registry.npmjs.org/magic-string cache-miss
721 http fetch GET 200 https://registry.npmjs.org/github-slugger 59ms (cache miss)
722 silly packumentCache full:https://registry.npmjs.org/github-slugger set size:undefined disposed:false
723 silly fetch manifest magicast@^0.5.2
724 silly packumentCache full:https://registry.npmjs.org/magicast cache-miss
725 http fetch GET 200 https://registry.npmjs.org/html-escaper 64ms (cache miss)
726 silly packumentCache full:https://registry.npmjs.org/html-escaper set size:undefined disposed:false
727 silly fetch manifest mrmime@^2.0.1
728 silly packumentCache full:https://registry.npmjs.org/mrmime cache-miss
729 http fetch GET 200 https://registry.npmjs.org/@oslojs%2fencoding 348ms (cache miss)
730 silly packumentCache full:https://registry.npmjs.org/@oslojs%2fencoding set size:undefined disposed:false
731 silly fetch manifest neotraverse@^0.6.18
732 silly packumentCache full:https://registry.npmjs.org/neotraverse cache-miss
733 http fetch GET 200 https://registry.npmjs.org/http-cache-semantics 68ms (cache miss)
734 silly packumentCache full:https://registry.npmjs.org/http-cache-semantics set size:undefined disposed:false
735 silly fetch manifest obug@^2.1.1
736 silly packumentCache full:https://registry.npmjs.org/obug cache-miss
737 http fetch GET 200 https://registry.npmjs.org/@clack%2fprompts 371ms (cache miss)
738 silly packumentCache full:https://registry.npmjs.org/@clack%2fprompts set size:undefined disposed:false
739 silly fetch manifest p-limit@^7.3.0
740 silly packumentCache full:https://registry.npmjs.org/p-limit cache-miss
741 http fetch GET 200 https://registry.npmjs.org/js-yaml 67ms (cache miss)
742 silly packumentCache full:https://registry.npmjs.org/js-yaml set size:undefined disposed:false
743 silly fetch manifest p-queue@^9.1.0
744 silly packumentCache full:https://registry.npmjs.org/p-queue cache-miss
745 http fetch GET 200 https://registry.npmjs.org/magicast 67ms (cache miss)
746 silly packumentCache full:https://registry.npmjs.org/magicast set size:undefined disposed:false
747 silly fetch manifest package-manager-detector@^1.6.0
748 silly packumentCache full:https://registry.npmjs.org/package-manager-detector cache-miss
749 http fetch GET 200 https://registry.npmjs.org/mrmime 54ms (cache miss)
750 silly packumentCache full:https://registry.npmjs.org/mrmime set size:undefined disposed:false
751 silly fetch manifest piccolore@^0.1.3
752 silly packumentCache full:https://registry.npmjs.org/piccolore cache-miss
753 http fetch GET 200 https://registry.npmjs.org/obug 46ms (cache miss)
754 silly packumentCache full:https://registry.npmjs.org/obug set size:undefined disposed:false
755 silly fetch manifest picomatch@^4.0.4
756 silly packumentCache full:https://registry.npmjs.org/picomatch cache-miss
757 http fetch GET 200 https://registry.npmjs.org/neotraverse 64ms (cache miss)
758 silly packumentCache full:https://registry.npmjs.org/neotraverse set size:undefined disposed:false
759 silly fetch manifest rehype@^13.0.2
760 silly packumentCache full:https://registry.npmjs.org/rehype cache-miss
761 http fetch GET 200 https://registry.npmjs.org/magic-string 102ms (cache miss)
762 silly packumentCache full:https://registry.npmjs.org/magic-string set size:undefined disposed:false
763 silly fetch manifest semver@^7.7.4
764 silly packumentCache full:https://registry.npmjs.org/semver cache-miss
765 http fetch GET 200 https://registry.npmjs.org/esbuild 234ms (cache miss)
766 silly packumentCache full:https://registry.npmjs.org/esbuild set size:undefined disposed:false
767 silly fetch manifest shiki@^4.0.2
768 silly packumentCache full:https://registry.npmjs.org/shiki cache-miss
769 http fetch GET 200 https://registry.npmjs.org/package-manager-detector 79ms (cache miss)
770 silly packumentCache full:https://registry.npmjs.org/package-manager-detector set size:undefined disposed:false
771 silly fetch manifest smol-toml@^1.6.0
772 silly packumentCache full:https://registry.npmjs.org/smol-toml cache-miss
773 http fetch GET 200 https://registry.npmjs.org/@astrojs%2fcompiler 514ms (cache miss)
774 silly packumentCache full:https://registry.npmjs.org/@astrojs%2fcompiler set size:undefined disposed:false
775 silly fetch manifest svgo@^4.0.1
776 silly packumentCache full:https://registry.npmjs.org/svgo cache-miss
777 http fetch GET 200 https://registry.npmjs.org/piccolore 98ms (cache miss)
778 silly packumentCache full:https://registry.npmjs.org/piccolore set size:undefined disposed:false
779 silly fetch manifest tinyclip@^0.1.12
780 silly packumentCache full:https://registry.npmjs.org/tinyclip cache-miss
781 http fetch GET 200 https://registry.npmjs.org/picomatch 96ms (cache miss)
782 silly packumentCache full:https://registry.npmjs.org/picomatch set size:undefined disposed:false
783 silly fetch manifest tinyexec@^1.0.4
784 silly packumentCache full:https://registry.npmjs.org/tinyexec cache-miss
785 http fetch GET 200 https://registry.npmjs.org/rehype 97ms (cache miss)
786 silly packumentCache full:https://registry.npmjs.org/rehype set size:undefined disposed:false
787 silly fetch manifest tinyglobby@^0.2.15
788 silly packumentCache full:https://registry.npmjs.org/tinyglobby cache-miss
789 http fetch GET 200 https://registry.npmjs.org/diff 321ms (cache miss)
790 silly packumentCache full:https://registry.npmjs.org/diff set size:undefined disposed:false
791 silly fetch manifest tsconfck@^3.1.6
792 silly packumentCache full:https://registry.npmjs.org/tsconfck cache-miss
793 http fetch GET 200 https://registry.npmjs.org/tinyclip 55ms (cache miss)
794 silly packumentCache full:https://registry.npmjs.org/tinyclip set size:undefined disposed:false
795 silly fetch manifest unifont@~0.7.4
796 silly packumentCache full:https://registry.npmjs.org/unifont cache-miss
797 http fetch GET 200 https://registry.npmjs.org/smol-toml 90ms (cache miss)
798 silly packumentCache full:https://registry.npmjs.org/smol-toml set size:undefined disposed:false
799 silly fetch manifest unist-util-visit@^5.1.0
800 silly packumentCache full:https://registry.npmjs.org/unist-util-visit cache-miss
801 http fetch GET 200 https://registry.npmjs.org/semver 153ms (cache miss)
802 silly packumentCache full:https://registry.npmjs.org/semver set size:undefined disposed:false
803 silly fetch manifest unstorage@^1.17.5
804 silly packumentCache full:https://registry.npmjs.org/unstorage cache-miss
805 http fetch GET 200 https://registry.npmjs.org/svgo 113ms (cache miss)
806 silly packumentCache full:https://registry.npmjs.org/svgo set size:undefined disposed:false
807 silly fetch manifest vfile@^6.0.3
808 silly packumentCache full:https://registry.npmjs.org/vfile cache-miss
809 http fetch GET 200 https://registry.npmjs.org/unifont 91ms (cache miss)
810 silly packumentCache full:https://registry.npmjs.org/unifont set size:undefined disposed:false
811 silly fetch manifest vite@^7.3.2
812 silly packumentCache full:https://registry.npmjs.org/vite cache-miss
813 http fetch GET 200 https://registry.npmjs.org/unist-util-visit 91ms (cache miss)
814 silly packumentCache full:https://registry.npmjs.org/unist-util-visit set size:undefined disposed:false
815 silly fetch manifest vitefu@^1.1.2
816 silly packumentCache full:https://registry.npmjs.org/vitefu cache-miss
817 http fetch GET 200 https://registry.npmjs.org/p-limit 305ms (cache miss)
818 silly packumentCache full:https://registry.npmjs.org/p-limit set size:undefined disposed:false
819 silly fetch manifest xxhash-wasm@^1.1.0
820 silly packumentCache full:https://registry.npmjs.org/xxhash-wasm cache-miss
821 http fetch GET 200 https://registry.npmjs.org/p-queue 305ms (cache miss)
822 silly packumentCache full:https://registry.npmjs.org/p-queue set size:undefined disposed:false
823 silly fetch manifest yargs-parser@^22.0.0
824 silly packumentCache full:https://registry.npmjs.org/yargs-parser cache-miss
825 http fetch GET 200 https://registry.npmjs.org/vfile 83ms (cache miss)
826 silly packumentCache full:https://registry.npmjs.org/vfile set size:undefined disposed:false
827 silly fetch manifest zod@^4.3.6
828 silly packumentCache full:https://registry.npmjs.org/zod cache-miss
829 http fetch GET 200 https://registry.npmjs.org/unstorage 122ms (cache miss)
830 silly packumentCache full:https://registry.npmjs.org/unstorage set size:undefined disposed:false
831 silly fetch manifest @astrojs/markdown-remark@7.1.1
832 silly packumentCache full:https://registry.npmjs.org/@astrojs%2fmarkdown-remark cache-miss
833 http fetch GET 200 https://registry.npmjs.org/vitefu 67ms (cache miss)
834 silly packumentCache full:https://registry.npmjs.org/vitefu set size:undefined disposed:false
835 silly fetch manifest @astrojs/telemetry@3.3.1
836 silly packumentCache full:https://registry.npmjs.org/@astrojs%2ftelemetry cache-miss
837 http fetch GET 200 https://registry.npmjs.org/xxhash-wasm 66ms (cache miss)
838 silly packumentCache full:https://registry.npmjs.org/xxhash-wasm set size:undefined disposed:false
839 silly fetch manifest sharp@^0.34.0
840 silly packumentCache full:https://registry.npmjs.org/sharp cache-miss
841 http cache https://registry.npmjs.org/zod 53ms (cache hit)
842 silly packumentCache full:https://registry.npmjs.org/zod set size:3528758 disposed:false
843 silly fetch manifest @radix-ui/react-id@^1.1.0
844 silly packumentCache full:https://registry.npmjs.org/@radix-ui%2freact-id cache-miss
845 http fetch GET 200 https://registry.npmjs.org/yargs-parser 175ms (cache miss)
846 silly packumentCache full:https://registry.npmjs.org/yargs-parser set size:undefined disposed:false
847 silly fetch manifest @radix-ui/react-primitive@^2.0.2
848 silly packumentCache full:https://registry.npmjs.org/@radix-ui%2freact-primitive cache-miss
849 http cache https://registry.npmjs.org/@radix-ui%2freact-id 75ms (cache hit)
850 silly packumentCache full:https://registry.npmjs.org/@radix-ui%2freact-id set size:325405 disposed:false
851 silly fetch manifest @radix-ui/react-compose-refs@^1.1.1
852 silly packumentCache full:https://registry.npmjs.org/@radix-ui%2freact-compose-refs cache-miss
853 http fetch GET 200 https://registry.npmjs.org/tinyglobby 375ms (cache miss)
854 silly packumentCache full:https://registry.npmjs.org/tinyglobby set size:undefined disposed:false
855 silly fetch manifest embla-carousel@8.6.0
856 silly packumentCache full:https://registry.npmjs.org/embla-carousel cache-miss
857 http fetch GET 200 https://registry.npmjs.org/tinyexec 390ms (cache miss)
858 silly packumentCache full:https://registry.npmjs.org/tinyexec set size:undefined disposed:false
859 silly fetch manifest embla-carousel-reactive-utils@8.6.0
860 silly packumentCache full:https://registry.npmjs.org/embla-carousel-reactive-utils cache-miss
861 http fetch GET 200 https://registry.npmjs.org/tsconfck 382ms (cache miss)
862 silly packumentCache full:https://registry.npmjs.org/tsconfck set size:undefined disposed:false
863 silly fetch manifest tslib@^2.4.0
864 silly packumentCache full:https://registry.npmjs.org/tslib cache-miss
865 http fetch GET 200 https://registry.npmjs.org/@astrojs%2ftelemetry 180ms (cache miss)
866 silly packumentCache full:https://registry.npmjs.org/@astrojs%2ftelemetry set size:undefined disposed:false
867 silly fetch manifest motion-dom@^12.38.0
868 silly packumentCache full:https://registry.npmjs.org/motion-dom cache-miss
869 http cache https://registry.npmjs.org/@radix-ui%2freact-primitive 60ms (cache hit)
870 silly packumentCache full:https://registry.npmjs.org/@radix-ui%2freact-primitive set size:595809 disposed:false
871 silly fetch manifest motion-utils@^12.36.0
872 silly packumentCache full:https://registry.npmjs.org/motion-utils cache-miss
873 http fetch GET 200 https://registry.npmjs.org/shiki 476ms (cache miss)
874 silly packumentCache full:https://registry.npmjs.org/shiki set size:undefined disposed:false
875 silly fetch manifest css-line-break@^2.1.0
876 silly packumentCache full:https://registry.npmjs.org/css-line-break cache-miss
877 http cache https://registry.npmjs.org/@radix-ui%2freact-compose-refs 82ms (cache hit)
878 silly packumentCache full:https://registry.npmjs.org/@radix-ui%2freact-compose-refs set size:219425 disposed:false
879 silly fetch manifest text-segmentation@^1.0.3
880 silly packumentCache full:https://registry.npmjs.org/text-segmentation cache-miss
881 http fetch GET 200 https://registry.npmjs.org/@astrojs%2fmarkdown-remark 270ms (cache miss)
882 silly packumentCache full:https://registry.npmjs.org/@astrojs%2fmarkdown-remark set size:undefined disposed:false
883 silly fetch manifest @babel/runtime@^7.28.6
884 silly packumentCache full:https://registry.npmjs.org/@babel%2fruntime cache-miss
885 http fetch GET 200 https://registry.npmjs.org/motion-utils 60ms (cache miss)
886 silly packumentCache full:https://registry.npmjs.org/motion-utils set size:undefined disposed:false
887 silly fetch manifest fflate@^0.8.1
888 silly packumentCache full:https://registry.npmjs.org/fflate cache-miss
889 http fetch GET 200 https://registry.npmjs.org/motion-dom 82ms (cache miss)
890 silly packumentCache full:https://registry.npmjs.org/motion-dom set size:undefined disposed:false
891 silly fetch manifest fast-png@^6.2.0
892 silly packumentCache full:https://registry.npmjs.org/fast-png cache-miss
893 http fetch GET 200 https://registry.npmjs.org/sharp 273ms (cache miss)
894 silly packumentCache full:https://registry.npmjs.org/sharp set size:undefined disposed:false
895 silly fetch manifest canvg@^3.0.11
896 silly packumentCache full:https://registry.npmjs.org/canvg cache-miss
897 http cache https://registry.npmjs.org/@babel%2fruntime 52ms (cache hit)
898 silly packumentCache full:https://registry.npmjs.org/@babel%2fruntime set size:3388582 disposed:false
899 silly fetch manifest core-js@^3.6.0
900 silly packumentCache full:https://registry.npmjs.org/core-js cache-miss
901 http fetch GET 200 https://registry.npmjs.org/fflate 110ms (cache miss)
902 silly packumentCache full:https://registry.npmjs.org/fflate set size:undefined disposed:false
903 silly fetch manifest dompurify@^3.3.1
904 silly packumentCache full:https://registry.npmjs.org/dompurify cache-miss
905 http fetch GET 200 https://registry.npmjs.org/vite 2831ms (cache miss)
906 silly packumentCache full:https://registry.npmjs.org/vite set size:undefined disposed:false
907 silly fetch manifest @date-fns/tz@^1.4.1
908 silly packumentCache full:https://registry.npmjs.org/@date-fns%2ftz cache-miss
909 http fetch GET 200 https://registry.npmjs.org/text-segmentation 696ms (cache miss)
910 silly packumentCache full:https://registry.npmjs.org/text-segmentation set size:undefined disposed:false
911 silly fetch manifest date-fns-jalali@4.1.0-0
912 silly packumentCache full:https://registry.npmjs.org/date-fns-jalali cache-miss
913 http fetch GET 200 https://registry.npmjs.org/css-line-break 720ms (cache miss)
914 silly packumentCache full:https://registry.npmjs.org/css-line-break set size:undefined disposed:false
915 silly fetch manifest @tabby_ai/hijri-converter@1.0.5
916 silly packumentCache full:https://registry.npmjs.org/@tabby_ai%2fhijri-converter cache-miss
917 http fetch GET 200 https://registry.npmjs.org/canvg 641ms (cache miss)
918 silly packumentCache full:https://registry.npmjs.org/canvg set size:undefined disposed:false
919 silly fetch manifest scheduler@^0.27.0
920 silly packumentCache full:https://registry.npmjs.org/scheduler cache-miss
921 http fetch GET 200 https://registry.npmjs.org/fast-png 670ms (cache miss)
922 silly packumentCache full:https://registry.npmjs.org/fast-png set size:undefined disposed:false
923 silly fetch manifest csstype@^3.1.3
924 silly packumentCache full:https://registry.npmjs.org/csstype cache-miss
925 http fetch GET 200 https://registry.npmjs.org/embla-carousel-reactive-utils 795ms (cache miss)
926 silly packumentCache full:https://registry.npmjs.org/embla-carousel-reactive-utils set size:undefined disposed:false
927 silly fetch manifest goober@^2.1.16
928 silly packumentCache full:https://registry.npmjs.org/goober cache-miss
929 http fetch GET 200 https://registry.npmjs.org/tslib 779ms (cache miss)
930 silly packumentCache full:https://registry.npmjs.org/tslib set size:undefined disposed:false
931 silly fetch manifest @react-leaflet/core@^3.0.0
932 silly packumentCache full:https://registry.npmjs.org/@react-leaflet%2fcore cache-miss
933 http fetch GET 200 https://registry.npmjs.org/embla-carousel 826ms (cache miss)
934 silly packumentCache full:https://registry.npmjs.org/embla-carousel set size:undefined disposed:false
935 silly fetch manifest @types/hast@^3.0.0
936 silly packumentCache full:https://registry.npmjs.org/@types%2fhast cache-miss
937 http fetch GET 200 https://registry.npmjs.org/core-js 646ms (cache miss)
938 silly packumentCache full:https://registry.npmjs.org/core-js set size:undefined disposed:false
939 silly fetch manifest @types/mdast@^4.0.0
940 silly packumentCache full:https://registry.npmjs.org/@types%2fmdast cache-miss
941 http fetch GET 200 https://registry.npmjs.org/csstype 66ms (cache miss)
942 silly packumentCache full:https://registry.npmjs.org/csstype set size:undefined disposed:false
943 silly fetch manifest devlop@^1.0.0
944 silly packumentCache full:https://registry.npmjs.org/devlop cache-miss
945 http fetch GET 200 https://registry.npmjs.org/@types%2fhast 38ms (cache miss)
946 silly packumentCache full:https://registry.npmjs.org/@types%2fhast set size:undefined disposed:false
947 silly fetch manifest hast-util-to-jsx-runtime@^2.0.0
948 silly packumentCache full:https://registry.npmjs.org/hast-util-to-jsx-runtime cache-miss
949 http fetch GET 200 https://registry.npmjs.org/@types%2fmdast 35ms (cache miss)
950 silly packumentCache full:https://registry.npmjs.org/@types%2fmdast set size:undefined disposed:false
951 silly fetch manifest html-url-attributes@^3.0.0
952 silly packumentCache full:https://registry.npmjs.org/html-url-attributes cache-miss
953 http fetch GET 200 https://registry.npmjs.org/@tabby_ai%2fhijri-converter 104ms (cache miss)
954 silly packumentCache full:https://registry.npmjs.org/@tabby_ai%2fhijri-converter set size:undefined disposed:false
955 silly fetch manifest mdast-util-to-hast@^13.0.0
956 silly packumentCache full:https://registry.npmjs.org/mdast-util-to-hast cache-miss
957 http fetch GET 200 https://registry.npmjs.org/html-url-attributes 33ms (cache miss)
958 silly packumentCache full:https://registry.npmjs.org/html-url-attributes set size:undefined disposed:false
959 silly fetch manifest remark-parse@^11.0.0
960 silly packumentCache full:https://registry.npmjs.org/remark-parse cache-miss
961 http fetch GET 200 https://registry.npmjs.org/remark-parse 34ms (cache miss)
962 silly packumentCache full:https://registry.npmjs.org/remark-parse set size:undefined disposed:false
963 silly fetch manifest remark-rehype@^11.0.0
964 silly packumentCache full:https://registry.npmjs.org/remark-rehype cache-miss
965 http fetch GET 200 https://registry.npmjs.org/date-fns-jalali 197ms (cache miss)
966 silly packumentCache full:https://registry.npmjs.org/date-fns-jalali set size:undefined disposed:false
967 silly fetch manifest unified@^11.0.0
968 silly packumentCache full:https://registry.npmjs.org/unified cache-miss
969 http fetch GET 200 https://registry.npmjs.org/remark-rehype 55ms (cache miss)
970 silly packumentCache full:https://registry.npmjs.org/remark-rehype set size:undefined disposed:false
971 silly fetch manifest unist-util-visit@^5.0.0
972 silly packumentCache full:https://registry.npmjs.org/unist-util-visit cache-miss
973 http cache https://registry.npmjs.org/unist-util-visit 9ms (cache hit)
974 silly packumentCache full:https://registry.npmjs.org/unist-util-visit set size:90557 disposed:false
975 silly fetch manifest vfile@^6.0.0
976 silly packumentCache full:https://registry.npmjs.org/vfile cache-miss
977 http cache https://registry.npmjs.org/vfile 12ms (cache hit)
978 silly packumentCache full:https://registry.npmjs.org/vfile set size:172678 disposed:false
979 silly fetch manifest @types/quill@^1.3.10
980 silly packumentCache full:https://registry.npmjs.org/@types%2fquill cache-miss
981 http fetch GET 200 https://registry.npmjs.org/unified 61ms (cache miss)
982 silly packumentCache full:https://registry.npmjs.org/unified set size:undefined disposed:false
983 silly fetch manifest quill@^1.3.7
984 silly packumentCache full:https://registry.npmjs.org/quill cache-miss
985 http fetch GET 200 https://registry.npmjs.org/goober 285ms (cache miss)
986 silly packumentCache full:https://registry.npmjs.org/goober set size:undefined disposed:false
987 silly fetch manifest react-router@7.14.2
988 silly packumentCache full:https://registry.npmjs.org/react-router cache-miss
989 http fetch GET 200 https://registry.npmjs.org/@types%2fquill 71ms (cache miss)
990 silly packumentCache full:https://registry.npmjs.org/@types%2fquill set size:undefined disposed:false
991 silly fetch manifest @reduxjs/toolkit@^1.9.0 || 2.x.x
992 silly packumentCache full:https://registry.npmjs.org/@reduxjs%2ftoolkit cache-miss
993 http fetch GET 200 https://registry.npmjs.org/devlop 275ms (cache miss)
994 silly packumentCache full:https://registry.npmjs.org/devlop set size:undefined disposed:false
995 silly fetch manifest decimal.js-light@^2.5.1
996 silly packumentCache full:https://registry.npmjs.org/decimal.js-light cache-miss
997 http fetch GET 200 https://registry.npmjs.org/hast-util-to-jsx-runtime 271ms (cache miss)
998 silly packumentCache full:https://registry.npmjs.org/hast-util-to-jsx-runtime set size:undefined disposed:false
999 silly fetch manifest es-toolkit@^1.39.3
1000 silly packumentCache full:https://registry.npmjs.org/es-toolkit cache-miss
1001 http fetch GET 200 https://registry.npmjs.org/@react-leaflet%2fcore 346ms (cache miss)
1002 silly packumentCache full:https://registry.npmjs.org/@react-leaflet%2fcore set size:undefined disposed:false
1003 silly fetch manifest eventemitter3@^5.0.1
1004 silly packumentCache full:https://registry.npmjs.org/eventemitter3 cache-miss
1005 http fetch GET 200 https://registry.npmjs.org/quill 87ms (cache miss)
1006 silly packumentCache full:https://registry.npmjs.org/quill set size:undefined disposed:false
1007 silly fetch manifest immer@^10.1.1
1008 silly packumentCache full:https://registry.npmjs.org/immer cache-miss
1009 http fetch GET 200 https://registry.npmjs.org/mdast-util-to-hast 284ms (cache miss)
1010 silly packumentCache full:https://registry.npmjs.org/mdast-util-to-hast set size:undefined disposed:false
1011 silly fetch manifest react-redux@8.x.x || 9.x.x
1012 silly packumentCache full:https://registry.npmjs.org/react-redux cache-miss
1013 http cache https://registry.npmjs.org/react-redux 12ms (cache hit)
1014 silly packumentCache full:https://registry.npmjs.org/react-redux set size:578468 disposed:false
1015 silly fetch manifest reselect@5.1.1
1016 silly packumentCache full:https://registry.npmjs.org/reselect cache-miss
1017 http fetch GET 200 https://registry.npmjs.org/@date-fns%2ftz 539ms (cache miss)
1018 silly packumentCache full:https://registry.npmjs.org/@date-fns%2ftz set size:undefined disposed:false
1019 silly fetch manifest tiny-invariant@^1.3.3
1020 silly packumentCache full:https://registry.npmjs.org/tiny-invariant cache-miss
1021 http fetch GET 200 https://registry.npmjs.org/@reduxjs%2ftoolkit 98ms (cache miss)
1022 silly packumentCache full:https://registry.npmjs.org/@reduxjs%2ftoolkit set size:undefined disposed:false
1023 silly fetch manifest use-sync-external-store@^1.2.2
1024 silly packumentCache full:https://registry.npmjs.org/use-sync-external-store cache-miss
1025 http fetch GET 200 https://registry.npmjs.org/reselect 91ms (cache miss)
1026 silly packumentCache full:https://registry.npmjs.org/reselect set size:undefined disposed:false
1027 silly fetch manifest victory-vendor@^37.0.2
1028 silly packumentCache full:https://registry.npmjs.org/victory-vendor cache-miss
1029 http fetch GET 200 https://registry.npmjs.org/scheduler 541ms (cache miss)
1030 silly packumentCache full:https://registry.npmjs.org/scheduler set size:undefined disposed:false
1031 http fetch GET 200 https://registry.npmjs.org/victory-vendor 78ms (cache miss)
1032 silly packumentCache full:https://registry.npmjs.org/victory-vendor set size:undefined disposed:false
1033 http fetch GET 200 https://registry.npmjs.org/decimal.js-light 247ms (cache miss)
1034 silly packumentCache full:https://registry.npmjs.org/decimal.js-light set size:undefined disposed:false
1035 http fetch GET 200 https://registry.npmjs.org/eventemitter3 256ms (cache miss)
1036 silly packumentCache full:https://registry.npmjs.org/eventemitter3 set size:undefined disposed:false
1037 http fetch GET 200 https://registry.npmjs.org/dompurify 1197ms (cache miss)
1038 silly packumentCache full:https://registry.npmjs.org/dompurify set size:undefined disposed:false
1039 http fetch GET 200 https://registry.npmjs.org/immer 280ms (cache miss)
1040 silly packumentCache full:https://registry.npmjs.org/immer set size:undefined disposed:false
1041 http fetch GET 200 https://registry.npmjs.org/tiny-invariant 250ms (cache miss)
1042 silly packumentCache full:https://registry.npmjs.org/tiny-invariant set size:undefined disposed:false
1043 http fetch GET 200 https://registry.npmjs.org/react-router 511ms (cache miss)
1044 silly packumentCache full:https://registry.npmjs.org/react-router set size:undefined disposed:false
1045 http fetch GET 200 https://registry.npmjs.org/use-sync-external-store 495ms (cache miss)
1046 silly packumentCache full:https://registry.npmjs.org/use-sync-external-store set size:undefined disposed:false
1047 http fetch GET 200 https://registry.npmjs.org/es-toolkit 725ms (cache miss)
1048 silly packumentCache full:https://registry.npmjs.org/es-toolkit set size:undefined disposed:false
1049 http fetch GET 200 https://registry.npmjs.org/vite 2361ms (cache miss)
1050 silly packumentCache full:https://registry.npmjs.org/vite set size:undefined disposed:false
1051 silly placeDep ROOT @astrojs/internal-helpers@0.9.0 OK for: @astrojs/react@5.0.4 want: 0.9.0
1052 silly placeDep ROOT @vitejs/plugin-react@5.2.0 OK for: @astrojs/react@5.0.4 want: ^5.2.0
1053 silly placeDep ROOT devalue@5.8.0 OK for: @astrojs/react@5.0.4 want: ^5.6.4
1054 silly placeDep ROOT ultrahtml@1.6.0 OK for: @astrojs/react@5.0.4 want: ^1.6.0
1055 silly placeDep ROOT vite@7.3.2 OK for: @astrojs/react@5.0.4 want: ^7.3.2
1056 silly fetch manifest @babel/core@^7.29.0
1057 silly packumentCache full:https://registry.npmjs.org/@babel%2fcore cache-miss
1058 silly fetch manifest react-refresh@^0.18.0
1059 silly packumentCache full:https://registry.npmjs.org/react-refresh cache-miss
1060 silly fetch manifest @types/babel__core@^7.20.5
1061 silly packumentCache full:https://registry.npmjs.org/@types%2fbabel__core cache-miss
1062 silly fetch manifest @rolldown/pluginutils@1.0.0-rc.3
1063 silly packumentCache full:https://registry.npmjs.org/@rolldown%2fpluginutils cache-miss
1064 silly fetch manifest @babel/plugin-transform-react-jsx-self@^7.27.1
1065 silly packumentCache full:https://registry.npmjs.org/@babel%2fplugin-transform-react-jsx-self cache-miss
1066 silly fetch manifest @babel/plugin-transform-react-jsx-source@^7.27.1
1067 silly packumentCache full:https://registry.npmjs.org/@babel%2fplugin-transform-react-jsx-source cache-miss
1068 silly fetch manifest fdir@^6.5.0
1069 silly packumentCache full:https://registry.npmjs.org/fdir cache-miss
1070 silly fetch manifest rollup@^4.43.0
1071 silly packumentCache full:https://registry.npmjs.org/rollup cache-miss
1072 silly fetch manifest esbuild@^0.27.0
1073 silly packumentCache full:https://registry.npmjs.org/esbuild cache-miss
1074 silly fetch manifest postcss@^8.5.6
1075 silly packumentCache full:https://registry.npmjs.org/postcss cache-miss
1076 silly fetch manifest picomatch@^4.0.3
1077 silly packumentCache full:https://registry.npmjs.org/picomatch cache-miss
1078 http cache https://registry.npmjs.org/picomatch 27ms (cache hit)
1079 silly packumentCache full:https://registry.npmjs.org/picomatch set size:126376 disposed:false
1080 silly fetch manifest fsevents@~2.3.3
1081 silly packumentCache full:https://registry.npmjs.org/fsevents cache-miss
1082 http cache https://registry.npmjs.org/postcss 45ms (cache hit)
1083 silly packumentCache full:https://registry.npmjs.org/postcss set size:717287 disposed:false
1084 http cache https://registry.npmjs.org/esbuild 62ms (cache hit)
1085 silly packumentCache full:https://registry.npmjs.org/esbuild set size:1254708 disposed:false
1086 http fetch GET 200 https://registry.npmjs.org/@types%2fbabel__core 100ms (cache miss)
1087 silly packumentCache full:https://registry.npmjs.org/@types%2fbabel__core set size:undefined disposed:false
1088 http fetch GET 200 https://registry.npmjs.org/fsevents 75ms (cache miss)
1089 silly packumentCache full:https://registry.npmjs.org/fsevents set size:undefined disposed:false
1090 http fetch GET 200 https://registry.npmjs.org/@babel%2fcore 133ms (cache miss)
1091 silly packumentCache full:https://registry.npmjs.org/@babel%2fcore set size:undefined disposed:false
1092 http fetch GET 200 https://registry.npmjs.org/rollup 199ms (cache miss)
1093 silly packumentCache full:https://registry.npmjs.org/rollup set size:undefined disposed:false
1094 http fetch GET 200 https://registry.npmjs.org/fdir 316ms (cache miss)
1095 silly packumentCache full:https://registry.npmjs.org/fdir set size:undefined disposed:false
1096 http fetch GET 200 https://registry.npmjs.org/@babel%2fplugin-transform-react-jsx-source 322ms (cache miss)
1097 silly packumentCache full:https://registry.npmjs.org/@babel%2fplugin-transform-react-jsx-source set size:undefined disposed:false
1098 http fetch GET 200 https://registry.npmjs.org/@rolldown%2fpluginutils 328ms (cache miss)
1099 silly packumentCache full:https://registry.npmjs.org/@rolldown%2fpluginutils set size:undefined disposed:false
1100 http fetch GET 200 https://registry.npmjs.org/react-refresh 480ms (cache miss)
1101 silly packumentCache full:https://registry.npmjs.org/react-refresh set size:undefined disposed:false
1102 http fetch GET 200 https://registry.npmjs.org/@babel%2fplugin-transform-react-jsx-self 544ms (cache miss)
1103 silly packumentCache full:https://registry.npmjs.org/@babel%2fplugin-transform-react-jsx-self set size:undefined disposed:false
1104 silly placeDep ROOT picomatch@4.0.4 OK for: @astrojs/internal-helpers@0.9.0 want: ^4.0.4
1105 silly placeDep ROOT autoprefixer@10.5.0 OK for: @astrojs/tailwind@6.0.2 want: ^10.4.21
1106 silly placeDep ROOT postcss@8.5.13 OK for: @astrojs/tailwind@6.0.2 want: ^8.5.3
1107 silly placeDep ROOT postcss-load-config@4.0.2 OK for: @astrojs/tailwind@6.0.2 want: ^4.0.2
1108 silly fetch manifest browserslist@^4.28.2
1109 silly packumentCache full:https://registry.npmjs.org/browserslist cache-miss
1110 silly fetch manifest caniuse-lite@^1.0.30001787
1111 silly packumentCache full:https://registry.npmjs.org/caniuse-lite cache-miss
1112 silly fetch manifest fraction.js@^5.3.4
1113 silly packumentCache full:https://registry.npmjs.org/fraction.js cache-miss
1114 silly fetch manifest picocolors@^1.1.1
1115 silly packumentCache full:https://registry.npmjs.org/picocolors cache-miss
1116 silly fetch manifest postcss-value-parser@^4.2.0
1117 silly packumentCache full:https://registry.npmjs.org/postcss-value-parser cache-miss
1118 silly fetch manifest nanoid@^3.3.11
1119 silly packumentCache full:https://registry.npmjs.org/nanoid cache-miss
1120 silly fetch manifest picocolors@^1.1.1
1121 silly packumentCache full:https://registry.npmjs.org/picocolors cache-miss
1122 silly fetch manifest source-map-js@^1.2.1
1123 silly packumentCache full:https://registry.npmjs.org/source-map-js cache-miss
1124 silly fetch manifest yaml@^2.3.4
1125 silly packumentCache full:https://registry.npmjs.org/yaml cache-miss
1126 silly fetch manifest lilconfig@^3.0.0
1127 silly packumentCache full:https://registry.npmjs.org/lilconfig cache-miss
1128 http fetch GET 200 https://registry.npmjs.org/lilconfig 55ms (cache miss)
1129 silly packumentCache full:https://registry.npmjs.org/lilconfig set size:undefined disposed:false
1130 http fetch GET 200 https://registry.npmjs.org/postcss-value-parser 60ms (cache miss)
1131 silly packumentCache full:https://registry.npmjs.org/postcss-value-parser set size:undefined disposed:false
1132 http fetch GET 200 https://registry.npmjs.org/source-map-js 62ms (cache miss)
1133 silly packumentCache full:https://registry.npmjs.org/source-map-js set size:undefined disposed:false
1134 http fetch GET 200 https://registry.npmjs.org/fraction.js 73ms (cache miss)
1135 silly packumentCache full:https://registry.npmjs.org/fraction.js set size:undefined disposed:false
1136 http fetch GET 200 https://registry.npmjs.org/nanoid 79ms (cache miss)
1137 silly packumentCache full:https://registry.npmjs.org/nanoid set size:undefined disposed:false
1138 http fetch GET 200 https://registry.npmjs.org/yaml 86ms (cache miss)
1139 silly packumentCache full:https://registry.npmjs.org/yaml set size:undefined disposed:false
1140 http fetch GET 200 https://registry.npmjs.org/browserslist 119ms (cache miss)
1141 silly packumentCache full:https://registry.npmjs.org/browserslist set size:undefined disposed:false
1142 http fetch GET 200 https://registry.npmjs.org/caniuse-lite 134ms (cache miss)
1143 silly packumentCache full:https://registry.npmjs.org/caniuse-lite set size:undefined disposed:false
1144 http fetch GET 200 https://registry.npmjs.org/picocolors 259ms (cache miss)
1145 silly packumentCache full:https://registry.npmjs.org/picocolors set size:undefined disposed:false
1146 http fetch GET 200 https://registry.npmjs.org/picocolors 259ms (cache miss)
1147 silly packumentCache full:https://registry.npmjs.org/picocolors set size:undefined disposed:false
1148 silly placeDep ROOT axios@1.16.0 OK for: @base44/sdk@0.8.27 want: ^1.6.2
1149 silly placeDep ROOT socket.io-client@4.8.3 OK for: @base44/sdk@0.8.27 want: ^4.7.5
1150 silly placeDep ROOT uuid@13.0.1 OK for: @base44/sdk@0.8.27 want: ^13.0.0
1151 silly fetch manifest follow-redirects@^1.16.0
1152 silly packumentCache full:https://registry.npmjs.org/follow-redirects cache-miss
1153 silly fetch manifest form-data@^4.0.5
1154 silly packumentCache full:https://registry.npmjs.org/form-data cache-miss
1155 silly fetch manifest proxy-from-env@^2.1.0
1156 silly packumentCache full:https://registry.npmjs.org/proxy-from-env cache-miss
1157 silly fetch manifest @socket.io/component-emitter@~3.1.0
1158 silly packumentCache full:https://registry.npmjs.org/@socket.io%2fcomponent-emitter cache-miss
1159 silly fetch manifest debug@~4.4.1
1160 silly packumentCache full:https://registry.npmjs.org/debug cache-miss
1161 silly fetch manifest engine.io-client@~6.6.1
1162 silly packumentCache full:https://registry.npmjs.org/engine.io-client cache-miss
1163 silly fetch manifest socket.io-parser@~4.2.4
1164 silly packumentCache full:https://registry.npmjs.org/socket.io-parser cache-miss
1165 http fetch GET 200 https://registry.npmjs.org/proxy-from-env 38ms (cache miss)
1166 silly packumentCache full:https://registry.npmjs.org/proxy-from-env set size:undefined disposed:false
1167 http fetch GET 200 https://registry.npmjs.org/form-data 44ms (cache miss)
1168 silly packumentCache full:https://registry.npmjs.org/form-data set size:undefined disposed:false
1169 http fetch GET 200 https://registry.npmjs.org/socket.io-parser 46ms (cache miss)
1170 silly packumentCache full:https://registry.npmjs.org/socket.io-parser set size:undefined disposed:false
1171 http fetch GET 200 https://registry.npmjs.org/follow-redirects 54ms (cache miss)
1172 silly packumentCache full:https://registry.npmjs.org/follow-redirects set size:undefined disposed:false
1173 http fetch GET 200 https://registry.npmjs.org/debug 53ms (cache miss)
1174 silly packumentCache full:https://registry.npmjs.org/debug set size:undefined disposed:false
1175 http fetch GET 200 https://registry.npmjs.org/engine.io-client 59ms (cache miss)
1176 silly packumentCache full:https://registry.npmjs.org/engine.io-client set size:undefined disposed:false
1177 http fetch GET 200 https://registry.npmjs.org/@socket.io%2fcomponent-emitter 99ms (cache miss)
1178 silly packumentCache full:https://registry.npmjs.org/@socket.io%2fcomponent-emitter set size:undefined disposed:false
1179 silly placeDep ROOT @babel/generator@7.29.1 OK for: @base44/vite-plugin@1.0.13 want: ^7.28.5
1180 silly placeDep ROOT @babel/parser@7.29.3 OK for: @base44/vite-plugin@1.0.13 want: ^7.28.5
1181 silly placeDep ROOT @babel/traverse@7.29.0 OK for: @base44/vite-plugin@1.0.13 want: ^7.28.5
1182 silly placeDep ROOT @babel/types@7.29.0 OK for: @base44/vite-plugin@1.0.13 want: ^7.28.5
1183 silly fetch manifest jsesc@^3.0.2
1184 silly packumentCache full:https://registry.npmjs.org/jsesc cache-miss
1185 silly fetch manifest @babel/types@^7.29.0
1186 silly packumentCache full:https://registry.npmjs.org/@babel%2ftypes cache-miss
1187 silly fetch manifest @babel/parser@^7.29.0
1188 silly packumentCache full:https://registry.npmjs.org/@babel%2fparser cache-miss
1189 silly fetch manifest @jridgewell/gen-mapping@^0.3.12
1190 silly packumentCache full:https://registry.npmjs.org/@jridgewell%2fgen-mapping cache-miss
1191 silly fetch manifest @jridgewell/trace-mapping@^0.3.28
1192 silly packumentCache full:https://registry.npmjs.org/@jridgewell%2ftrace-mapping cache-miss
1193 silly fetch manifest @babel/types@^7.29.0
1194 silly packumentCache full:https://registry.npmjs.org/@babel%2ftypes cache-miss
1195 silly fetch manifest debug@^4.3.1
1196 silly packumentCache full:https://registry.npmjs.org/debug cache-miss
1197 silly fetch manifest @babel/types@^7.29.0
1198 silly packumentCache full:https://registry.npmjs.org/@babel%2ftypes cache-miss
1199 silly fetch manifest @babel/template@^7.28.6
1200 silly packumentCache full:https://registry.npmjs.org/@babel%2ftemplate cache-miss
1201 silly fetch manifest @babel/code-frame@^7.29.0
1202 silly packumentCache full:https://registry.npmjs.org/@babel%2fcode-frame cache-miss
1203 silly fetch manifest @babel/helper-globals@^7.28.0
1204 silly packumentCache full:https://registry.npmjs.org/@babel%2fhelper-globals cache-miss
1205 http cache https://registry.npmjs.org/@babel%2ftypes 13ms (cache hit)
1206 silly packumentCache full:https://registry.npmjs.org/@babel%2ftypes set size:489931 disposed:false
1207 silly fetch manifest @babel/helper-string-parser@^7.27.1
1208 silly packumentCache full:https://registry.npmjs.org/@babel%2fhelper-string-parser cache-miss
1209 http cache https://registry.npmjs.org/debug 20ms (cache hit)
1210 silly packumentCache full:https://registry.npmjs.org/debug set size:195840 disposed:false
1211 silly fetch manifest @babel/helper-validator-identifier@^7.28.5
1212 silly packumentCache full:https://registry.npmjs.org/@babel%2fhelper-validator-identifier cache-miss
1213 http cache https://registry.npmjs.org/@babel%2ftypes 27ms (cache hit)
1214 silly packumentCache full:https://registry.npmjs.org/@babel%2ftypes set size:489931 disposed:false
1215 silly packumentCache full:https://registry.npmjs.org/@babel%2ftypes dispose
1216 http cache https://registry.npmjs.org/@babel%2fparser 35ms (cache hit)
1217 silly packumentCache full:https://registry.npmjs.org/@babel%2fparser set size:723297 disposed:false
1218 http cache https://registry.npmjs.org/@babel%2ftypes 43ms (cache hit)
1219 silly packumentCache full:https://registry.npmjs.org/@babel%2ftypes set size:489931 disposed:true
1220 silly packumentCache full:https://registry.npmjs.org/@babel%2ftypes dispose
1221 http fetch GET 200 https://registry.npmjs.org/@babel%2fhelper-globals 56ms (cache miss)
1222 silly packumentCache full:https://registry.npmjs.org/@babel%2fhelper-globals set size:undefined disposed:false
1223 http fetch GET 200 https://registry.npmjs.org/jsesc 63ms (cache miss)
1224 silly packumentCache full:https://registry.npmjs.org/jsesc set size:undefined disposed:false
1225 http fetch GET 200 https://registry.npmjs.org/@babel%2fhelper-string-parser 45ms (cache miss)
1226 silly packumentCache full:https://registry.npmjs.org/@babel%2fhelper-string-parser set size:undefined disposed:false
1227 http fetch GET 200 https://registry.npmjs.org/@babel%2fcode-frame 64ms (cache miss)
1228 silly packumentCache full:https://registry.npmjs.org/@babel%2fcode-frame set size:undefined disposed:false
1229 http fetch GET 200 https://registry.npmjs.org/@babel%2ftemplate 70ms (cache miss)
1230 silly packumentCache full:https://registry.npmjs.org/@babel%2ftemplate set size:undefined disposed:false
1231 http fetch GET 200 https://registry.npmjs.org/@babel%2fhelper-validator-identifier 52ms (cache miss)
1232 silly packumentCache full:https://registry.npmjs.org/@babel%2fhelper-validator-identifier set size:undefined disposed:false
1233 http fetch GET 200 https://registry.npmjs.org/@jridgewell%2ftrace-mapping 123ms (cache miss)
1234 silly packumentCache full:https://registry.npmjs.org/@jridgewell%2ftrace-mapping set size:undefined disposed:false
1235 http fetch GET 200 https://registry.npmjs.org/@jridgewell%2fgen-mapping 127ms (cache miss)
1236 silly packumentCache full:https://registry.npmjs.org/@jridgewell%2fgen-mapping set size:undefined disposed:false
1237 silly placeDep ROOT @jridgewell/gen-mapping@0.3.13 OK for: @babel/generator@7.29.1 want: ^0.3.12
1238 silly placeDep ROOT @jridgewell/trace-mapping@0.3.31 OK for: @babel/generator@7.29.1 want: ^0.3.28
1239 silly placeDep ROOT jsesc@3.1.0 OK for: @babel/generator@7.29.1 want: ^3.0.2
1240 silly fetch manifest @jridgewell/sourcemap-codec@^1.5.0
1241 silly packumentCache full:https://registry.npmjs.org/@jridgewell%2fsourcemap-codec cache-miss
1242 silly fetch manifest @jridgewell/trace-mapping@^0.3.24
1243 silly packumentCache full:https://registry.npmjs.org/@jridgewell%2ftrace-mapping cache-miss
1244 silly fetch manifest @jridgewell/resolve-uri@^3.1.0
1245 silly packumentCache full:https://registry.npmjs.org/@jridgewell%2fresolve-uri cache-miss
1246 silly fetch manifest @jridgewell/sourcemap-codec@^1.4.14
1247 silly packumentCache full:https://registry.npmjs.org/@jridgewell%2fsourcemap-codec cache-miss
1248 http cache https://registry.npmjs.org/@jridgewell%2ftrace-mapping 9ms (cache hit)
1249 silly packumentCache full:https://registry.npmjs.org/@jridgewell%2ftrace-mapping set size:170909 disposed:false
1250 http fetch GET 200 https://registry.npmjs.org/@jridgewell%2fsourcemap-codec 40ms (cache miss)
1251 silly packumentCache full:https://registry.npmjs.org/@jridgewell%2fsourcemap-codec set size:undefined disposed:false
1252 http fetch GET 200 https://registry.npmjs.org/@jridgewell%2fsourcemap-codec 43ms (cache miss)
1253 silly packumentCache full:https://registry.npmjs.org/@jridgewell%2fsourcemap-codec set size:undefined disposed:false
1254 http fetch GET 200 https://registry.npmjs.org/@jridgewell%2fresolve-uri 104ms (cache miss)
1255 silly packumentCache full:https://registry.npmjs.org/@jridgewell%2fresolve-uri set size:undefined disposed:false
1256 silly placeDep ROOT @babel/code-frame@7.29.0 OK for: @babel/traverse@7.29.0 want: ^7.29.0
1257 silly placeDep ROOT @babel/helper-globals@7.28.0 OK for: @babel/traverse@7.29.0 want: ^7.28.0
1258 silly placeDep ROOT @babel/template@7.28.6 OK for: @babel/traverse@7.29.0 want: ^7.28.6
1259 silly placeDep ROOT debug@4.4.3 OK for: @babel/traverse@7.29.0 want: ^4.3.1
1260 silly fetch manifest js-tokens@^4.0.0
1261 silly packumentCache full:https://registry.npmjs.org/js-tokens cache-miss
1262 silly fetch manifest ms@^2.1.3
1263 silly packumentCache full:https://registry.npmjs.org/ms cache-miss
1264 http fetch GET 200 https://registry.npmjs.org/js-tokens 28ms (cache miss)
1265 silly packumentCache full:https://registry.npmjs.org/js-tokens set size:undefined disposed:false
1266 http fetch GET 200 https://registry.npmjs.org/ms 230ms (cache miss)
1267 silly packumentCache full:https://registry.npmjs.org/ms set size:undefined disposed:false
1268 silly placeDep ROOT @babel/helper-validator-identifier@7.28.5 OK for: @babel/code-frame@7.29.0 want: ^7.28.5
1269 silly placeDep ROOT js-tokens@4.0.0 OK for: @babel/code-frame@7.29.0 want: ^4.0.0
1270 silly placeDep ROOT picocolors@1.1.1 OK for: @babel/code-frame@7.29.0 want: ^1.1.1
1271 silly placeDep ROOT @babel/helper-string-parser@7.27.1 OK for: @babel/types@7.29.0 want: ^7.27.1
1272 silly placeDep ROOT @babel/runtime@7.29.2 OK for: @hello-pangea/dnd@18.0.1 want: ^7.26.7
1273 silly placeDep ROOT css-box-model@1.2.1 OK for: @hello-pangea/dnd@18.0.1 want: ^1.2.1
1274 silly placeDep ROOT raf-schd@4.0.3 OK for: @hello-pangea/dnd@18.0.1 want: ^4.0.3
1275 silly placeDep ROOT react-redux@9.2.0 OK for: @hello-pangea/dnd@18.0.1 want: ^9.2.0
1276 silly placeDep ROOT redux@5.0.1 OK for: @hello-pangea/dnd@18.0.1 want: ^5.0.1
1277 silly fetch manifest tiny-invariant@^1.0.6
1278 silly packumentCache full:https://registry.npmjs.org/tiny-invariant cache-miss
1279 silly fetch manifest @types/use-sync-external-store@^0.0.6
1280 silly packumentCache full:https://registry.npmjs.org/@types%2fuse-sync-external-store cache-miss
1281 silly fetch manifest use-sync-external-store@^1.4.0
1282 silly packumentCache full:https://registry.npmjs.org/use-sync-external-store cache-miss
1283 http cache https://registry.npmjs.org/tiny-invariant 10ms (cache hit)
1284 silly packumentCache full:https://registry.npmjs.org/tiny-invariant set size:98310 disposed:false
1285 http cache https://registry.npmjs.org/use-sync-external-store 24ms (cache hit)
1286 silly packumentCache full:https://registry.npmjs.org/use-sync-external-store set size:4661951 disposed:false
1287 http fetch GET 200 https://registry.npmjs.org/@types%2fuse-sync-external-store 429ms (cache miss)
1288 silly packumentCache full:https://registry.npmjs.org/@types%2fuse-sync-external-store set size:undefined disposed:false
1289 silly placeDep ROOT @standard-schema/utils@0.3.0 OK for: @hookform/resolvers@5.2.2 want: ^0.3.0
1290 silly placeDep ROOT @jridgewell/sourcemap-codec@1.5.5 OK for: @jridgewell/gen-mapping@0.3.13 want: ^1.5.0
1291 silly placeDep ROOT @jridgewell/resolve-uri@3.1.2 OK for: @jridgewell/trace-mapping@0.3.31 want: ^3.1.0
1292 silly placeDep ROOT @radix-ui/primitive@1.1.3 OK for: @radix-ui/react-accordion@1.2.12 want: 1.1.3
1293 silly placeDep ROOT @radix-ui/react-collection@1.1.7 OK for: @radix-ui/react-accordion@1.2.12 want: 1.1.7
1294 silly placeDep ROOT @radix-ui/react-compose-refs@1.1.2 OK for: @radix-ui/react-accordion@1.2.12 want: 1.1.2
1295 silly placeDep ROOT @radix-ui/react-context@1.1.2 OK for: @radix-ui/react-accordion@1.2.12 want: 1.1.2
1296 silly placeDep ROOT @radix-ui/react-direction@1.1.1 OK for: @radix-ui/react-accordion@1.2.12 want: 1.1.1
1297 silly placeDep ROOT @radix-ui/react-id@1.1.1 OK for: @radix-ui/react-accordion@1.2.12 want: 1.1.1
1298 silly placeDep ROOT @radix-ui/react-primitive@2.1.3 OK for: @radix-ui/react-accordion@1.2.12 want: 2.1.3
1299 silly placeDep ROOT @radix-ui/react-use-controllable-state@1.2.2 OK for: @radix-ui/react-accordion@1.2.12 want: 1.2.2
1300 silly fetch manifest @radix-ui/react-use-effect-event@0.0.2
1301 silly packumentCache full:https://registry.npmjs.org/@radix-ui%2freact-use-effect-event cache-miss
1302 http fetch GET 200 https://registry.npmjs.org/@radix-ui%2freact-use-effect-event 40ms (cache miss)
1303 silly packumentCache full:https://registry.npmjs.org/@radix-ui%2freact-use-effect-event set size:undefined disposed:false
1304 silly placeDep node_modules/@radix-ui/react-alert-dialog @radix-ui/react-slot@1.2.3 OK for: @radix-ui/react-alert-dialog@1.1.15 want: 1.2.3
1305 silly placeDep node_modules/@radix-ui/react-aspect-ratio @radix-ui/react-primitive@2.1.4 OK for: @radix-ui/react-aspect-ratio@1.1.8 want: 2.1.4
1306 silly placeDep node_modules/@radix-ui/react-avatar @radix-ui/react-context@1.1.3 OK for: @radix-ui/react-avatar@1.1.11 want: 1.1.3
1307 silly placeDep node_modules/@radix-ui/react-avatar @radix-ui/react-primitive@2.1.4 OK for: @radix-ui/react-avatar@1.1.11 want: 2.1.4
1308 silly placeDep ROOT @radix-ui/react-use-callback-ref@1.1.1 OK for: @radix-ui/react-avatar@1.1.11 want: 1.1.1
1309 silly placeDep ROOT @radix-ui/react-use-is-hydrated@0.1.0 OK for: @radix-ui/react-avatar@1.1.11 want: 0.1.0
1310 silly placeDep ROOT @radix-ui/react-use-layout-effect@1.1.1 OK for: @radix-ui/react-avatar@1.1.11 want: 1.1.1
1311 silly fetch manifest use-sync-external-store@^1.5.0
1312 silly packumentCache full:https://registry.npmjs.org/use-sync-external-store cache-miss
1313 http cache https://registry.npmjs.org/use-sync-external-store 17ms (cache hit)
1314 silly packumentCache full:https://registry.npmjs.org/use-sync-external-store set size:4661951 disposed:false
1315 silly placeDep ROOT @radix-ui/react-presence@1.1.5 OK for: @radix-ui/react-checkbox@1.3.3 want: 1.1.5
1316 silly placeDep ROOT @radix-ui/react-use-previous@1.1.1 OK for: @radix-ui/react-checkbox@1.3.3 want: 1.1.1
1317 silly placeDep ROOT @radix-ui/react-use-size@1.1.1 OK for: @radix-ui/react-checkbox@1.3.3 want: 1.1.1
1318 silly placeDep node_modules/@radix-ui/react-collection @radix-ui/react-slot@1.2.3 OK for: @radix-ui/react-collection@1.1.7 want: 1.2.3
1319 silly placeDep ROOT @radix-ui/react-menu@2.1.16 OK for: @radix-ui/react-context-menu@2.2.16 want: 2.1.16
1320 silly placeDep ROOT @radix-ui/react-dismissable-layer@1.1.11 OK for: @radix-ui/react-dialog@1.1.15 want: 1.1.11
1321 silly placeDep ROOT @radix-ui/react-focus-guards@1.1.3 OK for: @radix-ui/react-dialog@1.1.15 want: 1.1.3
1322 silly placeDep ROOT @radix-ui/react-focus-scope@1.1.7 OK for: @radix-ui/react-dialog@1.1.15 want: 1.1.7
1323 silly placeDep ROOT @radix-ui/react-portal@1.1.9 OK for: @radix-ui/react-dialog@1.1.15 want: 1.1.9
1324 silly placeDep node_modules/@radix-ui/react-dialog @radix-ui/react-slot@1.2.3 OK for: @radix-ui/react-dialog@1.1.15 want: 1.2.3
1325 silly placeDep ROOT aria-hidden@1.2.6 OK for: @radix-ui/react-dialog@1.1.15 want: ^1.2.4
1326 silly placeDep ROOT react-remove-scroll@2.7.2 OK for: @radix-ui/react-dialog@1.1.15 want: ^2.6.3
1327 silly fetch manifest @radix-ui/react-use-escape-keydown@1.1.1
1328 silly packumentCache full:https://registry.npmjs.org/@radix-ui%2freact-use-escape-keydown cache-miss
1329 silly fetch manifest tslib@^2.0.0
1330 silly packumentCache full:https://registry.npmjs.org/tslib cache-miss
1331 silly fetch manifest react-remove-scroll-bar@^2.3.7
1332 silly packumentCache full:https://registry.npmjs.org/react-remove-scroll-bar cache-miss
1333 silly fetch manifest react-style-singleton@^2.2.3
1334 silly packumentCache full:https://registry.npmjs.org/react-style-singleton cache-miss
1335 silly fetch manifest tslib@^2.1.0
1336 silly packumentCache full:https://registry.npmjs.org/tslib cache-miss
1337 silly fetch manifest use-callback-ref@^1.3.3
1338 silly packumentCache full:https://registry.npmjs.org/use-callback-ref cache-miss
1339 silly fetch manifest use-sidecar@^1.1.3
1340 silly packumentCache full:https://registry.npmjs.org/use-sidecar cache-miss
1341 http cache https://registry.npmjs.org/tslib 13ms (cache hit)
1342 silly packumentCache full:https://registry.npmjs.org/tslib set size:108760 disposed:false
1343 http cache https://registry.npmjs.org/tslib 15ms (cache hit)
1344 silly packumentCache full:https://registry.npmjs.org/tslib set size:108760 disposed:false
1345 silly packumentCache full:https://registry.npmjs.org/tslib dispose
1346 http fetch GET 200 https://registry.npmjs.org/use-sidecar 31ms (cache miss)
1347 silly packumentCache full:https://registry.npmjs.org/use-sidecar set size:undefined disposed:false
1348 http fetch GET 200 https://registry.npmjs.org/react-style-singleton 34ms (cache miss)
1349 silly packumentCache full:https://registry.npmjs.org/react-style-singleton set size:undefined disposed:false
1350 http fetch GET 200 https://registry.npmjs.org/use-callback-ref 36ms (cache miss)
1351 silly packumentCache full:https://registry.npmjs.org/use-callback-ref set size:undefined disposed:false
1352 http fetch GET 200 https://registry.npmjs.org/react-remove-scroll-bar 252ms (cache miss)
1353 silly packumentCache full:https://registry.npmjs.org/react-remove-scroll-bar set size:undefined disposed:false
1354 http fetch GET 200 https://registry.npmjs.org/@radix-ui%2freact-use-escape-keydown 548ms (cache miss)
1355 silly packumentCache full:https://registry.npmjs.org/@radix-ui%2freact-use-escape-keydown set size:undefined disposed:false
1356 silly placeDep ROOT @radix-ui/react-use-escape-keydown@1.1.1 OK for: @radix-ui/react-dismissable-layer@1.1.11 want: 1.1.1
1357 silly placeDep ROOT @radix-ui/react-popper@1.2.8 OK for: @radix-ui/react-hover-card@1.1.15 want: 1.2.8
1358 silly fetch manifest @radix-ui/rect@1.1.1
1359 silly packumentCache full:https://registry.npmjs.org/@radix-ui%2frect cache-miss
1360 silly fetch manifest @radix-ui/react-arrow@1.1.7
1361 silly packumentCache full:https://registry.npmjs.org/@radix-ui%2freact-arrow cache-miss
1362 silly fetch manifest @floating-ui/react-dom@^2.0.0
1363 silly packumentCache full:https://registry.npmjs.org/@floating-ui%2freact-dom cache-miss
1364 silly fetch manifest @radix-ui/react-use-rect@1.1.1
1365 silly packumentCache full:https://registry.npmjs.org/@radix-ui%2freact-use-rect cache-miss
1366 http fetch GET 200 https://registry.npmjs.org/@radix-ui%2frect 50ms (cache miss)
1367 silly packumentCache full:https://registry.npmjs.org/@radix-ui%2frect set size:undefined disposed:false
1368 http fetch GET 200 https://registry.npmjs.org/@floating-ui%2freact-dom 52ms (cache miss)
1369 silly packumentCache full:https://registry.npmjs.org/@floating-ui%2freact-dom set size:undefined disposed:false
1370 http fetch GET 200 https://registry.npmjs.org/@radix-ui%2freact-arrow 321ms (cache miss)
1371 silly packumentCache full:https://registry.npmjs.org/@radix-ui%2freact-arrow set size:undefined disposed:false
1372 http fetch GET 200 https://registry.npmjs.org/@radix-ui%2freact-use-rect 472ms (cache miss)
1373 silly packumentCache full:https://registry.npmjs.org/@radix-ui%2freact-use-rect set size:undefined disposed:false
1374 silly placeDep node_modules/@radix-ui/react-label @radix-ui/react-primitive@2.1.4 OK for: @radix-ui/react-label@2.1.8 want: 2.1.4
1375 silly placeDep ROOT @radix-ui/react-roving-focus@1.1.11 OK for: @radix-ui/react-menu@2.1.16 want: 1.1.11
1376 silly placeDep node_modules/@radix-ui/react-menu @radix-ui/react-slot@1.2.3 OK for: @radix-ui/react-menu@2.1.16 want: 1.2.3
1377 silly placeDep ROOT @radix-ui/react-visually-hidden@1.2.3 OK for: @radix-ui/react-navigation-menu@1.2.14 want: 1.2.3
1378 silly placeDep node_modules/@radix-ui/react-popover @radix-ui/react-slot@1.2.3 OK for: @radix-ui/react-popover@1.1.15 want: 1.2.3
1379 silly placeDep ROOT @floating-ui/react-dom@2.1.8 OK for: @radix-ui/react-popper@1.2.8 want: ^2.0.0
1380 silly placeDep ROOT @radix-ui/react-arrow@1.1.7 OK for: @radix-ui/react-popper@1.2.8 want: 1.1.7
1381 silly placeDep ROOT @radix-ui/react-use-rect@1.1.1 OK for: @radix-ui/react-popper@1.2.8 want: 1.1.1
1382 silly placeDep ROOT @radix-ui/rect@1.1.1 OK for: @radix-ui/react-popper@1.2.8 want: 1.1.1
1383 silly fetch manifest @floating-ui/dom@^1.7.6
1384 silly packumentCache full:https://registry.npmjs.org/@floating-ui%2fdom cache-miss
1385 http fetch GET 200 https://registry.npmjs.org/@floating-ui%2fdom 220ms (cache miss)
1386 silly packumentCache full:https://registry.npmjs.org/@floating-ui%2fdom set size:undefined disposed:false
1387 silly placeDep ROOT @floating-ui/dom@1.7.6 OK for: @floating-ui/react-dom@2.1.8 want: ^1.7.6
1388 silly fetch manifest @floating-ui/core@^1.7.5
1389 silly packumentCache full:https://registry.npmjs.org/@floating-ui%2fcore cache-miss
1390 silly fetch manifest @floating-ui/utils@^0.2.11
1391 silly packumentCache full:https://registry.npmjs.org/@floating-ui%2futils cache-miss
1392 http fetch GET 200 https://registry.npmjs.org/@floating-ui%2futils 39ms (cache miss)
1393 silly packumentCache full:https://registry.npmjs.org/@floating-ui%2futils set size:undefined disposed:false
1394 http fetch GET 200 https://registry.npmjs.org/@floating-ui%2fcore 46ms (cache miss)
1395 silly packumentCache full:https://registry.npmjs.org/@floating-ui%2fcore set size:undefined disposed:false
1396 silly placeDep ROOT @floating-ui/core@1.7.5 OK for: @floating-ui/dom@1.7.6 want: ^1.7.5
1397 silly placeDep ROOT @floating-ui/utils@0.2.11 OK for: @floating-ui/dom@1.7.6 want: ^0.2.11
1398 silly placeDep node_modules/@radix-ui/react-primitive @radix-ui/react-slot@1.2.3 OK for: @radix-ui/react-primitive@2.1.3 want: 1.2.3
1399 silly placeDep node_modules/@radix-ui/react-progress @radix-ui/react-context@1.1.3 OK for: @radix-ui/react-progress@1.1.8 want: 1.1.3
1400 silly placeDep node_modules/@radix-ui/react-progress @radix-ui/react-primitive@2.1.4 OK for: @radix-ui/react-progress@1.1.8 want: 2.1.4
1401 silly placeDep ROOT @radix-ui/number@1.1.1 OK for: @radix-ui/react-scroll-area@1.2.10 want: 1.1.1
1402 silly placeDep node_modules/@radix-ui/react-select @radix-ui/react-slot@1.2.3 OK for: @radix-ui/react-select@2.2.6 want: 1.2.3
1403 silly placeDep node_modules/@radix-ui/react-separator @radix-ui/react-primitive@2.1.4 OK for: @radix-ui/react-separator@1.1.8 want: 2.1.4
1404 silly placeDep node_modules/@radix-ui/react-tooltip @radix-ui/react-slot@1.2.3 OK for: @radix-ui/react-tooltip@1.2.8 want: 1.2.3
1405 silly placeDep ROOT @radix-ui/react-use-effect-event@0.0.2 OK for: @radix-ui/react-use-controllable-state@1.2.2 want: 0.0.2
1406 silly placeDep ROOT use-sync-external-store@1.6.0 OK for: @radix-ui/react-use-is-hydrated@0.1.0 want: ^1.5.0
1407 silly placeDep ROOT prop-types@15.8.1 OK for: @stripe/react-stripe-js@6.3.0 want: ^15.7.2
1408 silly fetch manifest loose-envify@^1.4.0
1409 silly packumentCache full:https://registry.npmjs.org/loose-envify cache-miss
1410 silly fetch manifest object-assign@^4.1.1
1411 silly packumentCache full:https://registry.npmjs.org/object-assign cache-miss
1412 silly fetch manifest react-is@^16.13.1
1413 silly packumentCache full:https://registry.npmjs.org/react-is cache-miss
1414 http fetch GET 200 https://registry.npmjs.org/object-assign 30ms (cache miss)
1415 silly packumentCache full:https://registry.npmjs.org/object-assign set size:undefined disposed:false
1416 http fetch GET 200 https://registry.npmjs.org/loose-envify 32ms (cache miss)
1417 silly packumentCache full:https://registry.npmjs.org/loose-envify set size:undefined disposed:false
1418 http fetch GET 200 https://registry.npmjs.org/react-is 150ms (cache miss)
1419 silly packumentCache full:https://registry.npmjs.org/react-is set size:undefined disposed:false
1420 silly placeDep ROOT @tanstack/query-core@5.100.8 OK for: @tanstack/react-query@5.100.8 want: 5.100.8
1421 silly placeDep ROOT @babel/core@7.29.0 OK for: @vitejs/plugin-react@5.2.0 want: ^7.29.0
1422 silly placeDep ROOT @babel/plugin-transform-react-jsx-self@7.27.1 OK for: @vitejs/plugin-react@5.2.0 want: ^7.27.1
1423 silly placeDep ROOT @babel/plugin-transform-react-jsx-source@7.27.1 OK for: @vitejs/plugin-react@5.2.0 want: ^7.27.1
1424 silly placeDep ROOT @rolldown/pluginutils@1.0.0-rc.3 OK for: @vitejs/plugin-react@5.2.0 want: 1.0.0-rc.3
1425 silly placeDep ROOT @types/babel__core@7.20.5 OK for: @vitejs/plugin-react@5.2.0 want: ^7.20.5
1426 silly placeDep ROOT react-refresh@0.18.0 OK for: @vitejs/plugin-react@5.2.0 want: ^0.18.0
1427 silly fetch manifest json5@^2.2.3
1428 silly packumentCache full:https://registry.npmjs.org/json5 cache-miss
1429 silly fetch manifest semver@^6.3.1
1430 silly packumentCache full:https://registry.npmjs.org/semver cache-miss
1431 silly fetch manifest gensync@^1.0.0-beta.2
1432 silly packumentCache full:https://registry.npmjs.org/gensync cache-miss
1433 silly fetch manifest @babel/helpers@^7.28.6
1434 silly packumentCache full:https://registry.npmjs.org/@babel%2fhelpers cache-miss
1435 silly fetch manifest convert-source-map@^2.0.0
1436 silly packumentCache full:https://registry.npmjs.org/convert-source-map cache-miss
1437 silly fetch manifest @jridgewell/remapping@^2.3.5
1438 silly packumentCache full:https://registry.npmjs.org/@jridgewell%2fremapping cache-miss
1439 silly fetch manifest @babel/helper-module-transforms@^7.28.6
1440 silly packumentCache full:https://registry.npmjs.org/@babel%2fhelper-module-transforms cache-miss
1441 silly fetch manifest @babel/helper-compilation-targets@^7.28.6
1442 silly packumentCache full:https://registry.npmjs.org/@babel%2fhelper-compilation-targets cache-miss
1443 silly fetch manifest @babel/helper-plugin-utils@^7.27.1
1444 silly packumentCache full:https://registry.npmjs.org/@babel%2fhelper-plugin-utils cache-miss
1445 silly fetch manifest @babel/helper-plugin-utils@^7.27.1
1446 silly packumentCache full:https://registry.npmjs.org/@babel%2fhelper-plugin-utils cache-miss
1447 silly fetch manifest @types/babel__template@*
1448 silly packumentCache full:https://registry.npmjs.org/@types%2fbabel__template cache-miss
1449 http cache https://registry.npmjs.org/semver 50ms (cache hit)
1450 silly packumentCache full:https://registry.npmjs.org/semver set size:229571 disposed:false
1451 silly fetch manifest @types/babel__traverse@*
1452 silly packumentCache full:https://registry.npmjs.org/@types%2fbabel__traverse cache-miss
1453 http fetch GET 200 https://registry.npmjs.org/gensync 84ms (cache miss)
1454 silly packumentCache full:https://registry.npmjs.org/gensync set size:undefined disposed:false
1455 silly fetch manifest @types/babel__generator@*
1456 silly packumentCache full:https://registry.npmjs.org/@types%2fbabel__generator cache-miss
1457 http fetch GET 200 https://registry.npmjs.org/convert-source-map 89ms (cache miss)
1458 silly packumentCache full:https://registry.npmjs.org/convert-source-map set size:undefined disposed:false
1459 http fetch GET 200 https://registry.npmjs.org/@types%2fbabel__template 89ms (cache miss)
1460 silly packumentCache full:https://registry.npmjs.org/@types%2fbabel__template set size:undefined disposed:false
1461 http fetch GET 200 https://registry.npmjs.org/json5 98ms (cache miss)
1462 silly packumentCache full:https://registry.npmjs.org/json5 set size:undefined disposed:false
1463 http fetch GET 200 https://registry.npmjs.org/@babel%2fhelper-plugin-utils 99ms (cache miss)
1464 silly packumentCache full:https://registry.npmjs.org/@babel%2fhelper-plugin-utils set size:undefined disposed:false
1465 http fetch GET 200 https://registry.npmjs.org/@babel%2fhelper-compilation-targets 104ms (cache miss)
1466 silly packumentCache full:https://registry.npmjs.org/@babel%2fhelper-compilation-targets set size:undefined disposed:false
1467 http fetch GET 200 https://registry.npmjs.org/@babel%2fhelper-plugin-utils 112ms (cache miss)
1468 silly packumentCache full:https://registry.npmjs.org/@babel%2fhelper-plugin-utils set size:undefined disposed:false
1469 http fetch GET 200 https://registry.npmjs.org/@babel%2fhelper-module-transforms 117ms (cache miss)
1470 silly packumentCache full:https://registry.npmjs.org/@babel%2fhelper-module-transforms set size:undefined disposed:false
1471 http fetch GET 200 https://registry.npmjs.org/@types%2fbabel__traverse 68ms (cache miss)
1472 silly packumentCache full:https://registry.npmjs.org/@types%2fbabel__traverse set size:undefined disposed:false
1473 http fetch GET 200 https://registry.npmjs.org/@babel%2fhelpers 128ms (cache miss)
1474 silly packumentCache full:https://registry.npmjs.org/@babel%2fhelpers set size:undefined disposed:false
1475 http fetch GET 200 https://registry.npmjs.org/@types%2fbabel__generator 48ms (cache miss)
1476 silly packumentCache full:https://registry.npmjs.org/@types%2fbabel__generator set size:undefined disposed:false
1477 http fetch GET 200 https://registry.npmjs.org/@jridgewell%2fremapping 528ms (cache miss)
1478 silly packumentCache full:https://registry.npmjs.org/@jridgewell%2fremapping set size:undefined disposed:false
1479 silly placeDep ROOT @babel/helper-compilation-targets@7.28.6 OK for: @babel/core@7.29.0 want: ^7.28.6
1480 silly placeDep ROOT @babel/helper-module-transforms@7.28.6 OK for: @babel/core@7.29.0 want: ^7.28.6
1481 silly placeDep ROOT @babel/helpers@7.29.2 OK for: @babel/core@7.29.0 want: ^7.28.6
1482 silly placeDep ROOT @jridgewell/remapping@2.3.5 OK for: @babel/core@7.29.0 want: ^2.3.5
1483 silly placeDep ROOT convert-source-map@2.0.0 OK for: @babel/core@7.29.0 want: ^2.0.0
1484 silly placeDep ROOT gensync@1.0.0-beta.2 OK for: @babel/core@7.29.0 want: ^1.0.0-beta.2
1485 silly placeDep ROOT json5@2.2.3 OK for: @babel/core@7.29.0 want: ^2.2.3
1486 silly placeDep ROOT semver@6.3.1 OK for: @babel/core@7.29.0 want: ^6.3.1
1487 silly fetch manifest lru-cache@^5.1.1
1488 silly packumentCache full:https://registry.npmjs.org/lru-cache cache-miss
1489 silly fetch manifest browserslist@^4.24.0
1490 silly packumentCache full:https://registry.npmjs.org/browserslist cache-miss
1491 silly fetch manifest @babel/compat-data@^7.28.6
1492 silly packumentCache full:https://registry.npmjs.org/@babel%2fcompat-data cache-miss
1493 silly fetch manifest @babel/helper-validator-option@^7.27.1
1494 silly packumentCache full:https://registry.npmjs.org/@babel%2fhelper-validator-option cache-miss
1495 silly fetch manifest @babel/helper-module-imports@^7.28.6
1496 silly packumentCache full:https://registry.npmjs.org/@babel%2fhelper-module-imports cache-miss
1497 http cache https://registry.npmjs.org/browserslist 11ms (cache hit)
1498 silly packumentCache full:https://registry.npmjs.org/browserslist set size:504681 disposed:false
1499 http fetch GET 200 https://registry.npmjs.org/@babel%2fhelper-validator-option 49ms (cache miss)
1500 silly packumentCache full:https://registry.npmjs.org/@babel%2fhelper-validator-option set size:undefined disposed:false
1501 http fetch GET 200 https://registry.npmjs.org/@babel%2fhelper-module-imports 50ms (cache miss)
1502 silly packumentCache full:https://registry.npmjs.org/@babel%2fhelper-module-imports set size:undefined disposed:false
1503 http fetch GET 200 https://registry.npmjs.org/lru-cache 63ms (cache miss)
1504 silly packumentCache full:https://registry.npmjs.org/lru-cache set size:undefined disposed:false
1505 http fetch GET 200 https://registry.npmjs.org/@babel%2fcompat-data 69ms (cache miss)
1506 silly packumentCache full:https://registry.npmjs.org/@babel%2fcompat-data set size:undefined disposed:false
1507 silly placeDep ROOT @babel/compat-data@7.29.3 OK for: @babel/helper-compilation-targets@7.28.6 want: ^7.28.6
1508 silly placeDep ROOT @babel/helper-validator-option@7.27.1 OK for: @babel/helper-compilation-targets@7.28.6 want: ^7.27.1
1509 silly placeDep ROOT browserslist@4.28.2 OK for: @babel/helper-compilation-targets@7.28.6 want: ^4.24.0
1510 silly placeDep ROOT lru-cache@5.1.1 OK for: @babel/helper-compilation-targets@7.28.6 want: ^5.1.1
1511 silly fetch manifest baseline-browser-mapping@^2.10.12
1512 silly packumentCache full:https://registry.npmjs.org/baseline-browser-mapping cache-miss
1513 silly fetch manifest caniuse-lite@^1.0.30001782
1514 silly packumentCache full:https://registry.npmjs.org/caniuse-lite cache-miss
1515 silly fetch manifest electron-to-chromium@^1.5.328
1516 silly packumentCache full:https://registry.npmjs.org/electron-to-chromium cache-miss
1517 silly fetch manifest node-releases@^2.0.36
1518 silly packumentCache full:https://registry.npmjs.org/node-releases cache-miss
1519 silly fetch manifest update-browserslist-db@^1.2.3
1520 silly packumentCache full:https://registry.npmjs.org/update-browserslist-db cache-miss
1521 silly fetch manifest yallist@^3.0.2
1522 silly packumentCache full:https://registry.npmjs.org/yallist cache-miss
1523 http cache https://registry.npmjs.org/caniuse-lite 16ms (cache hit)
1524 silly packumentCache full:https://registry.npmjs.org/caniuse-lite set size:2289092 disposed:false
1525 http fetch GET 200 https://registry.npmjs.org/yallist 55ms (cache miss)
1526 silly packumentCache full:https://registry.npmjs.org/yallist set size:undefined disposed:false
1527 http fetch GET 200 https://registry.npmjs.org/update-browserslist-db 58ms (cache miss)
1528 silly packumentCache full:https://registry.npmjs.org/update-browserslist-db set size:undefined disposed:false
1529 http fetch GET 200 https://registry.npmjs.org/node-releases 69ms (cache miss)
1530 silly packumentCache full:https://registry.npmjs.org/node-releases set size:undefined disposed:false
1531 http fetch GET 200 https://registry.npmjs.org/baseline-browser-mapping 79ms (cache miss)
1532 silly packumentCache full:https://registry.npmjs.org/baseline-browser-mapping set size:undefined disposed:false
1533 http fetch GET 200 https://registry.npmjs.org/electron-to-chromium 133ms (cache miss)
1534 silly packumentCache full:https://registry.npmjs.org/electron-to-chromium set size:undefined disposed:false
1535 silly placeDep ROOT @babel/helper-module-imports@7.28.6 OK for: @babel/helper-module-transforms@7.28.6 want: ^7.28.6
1536 silly placeDep ROOT @babel/helper-plugin-utils@7.28.6 OK for: @babel/plugin-transform-react-jsx-self@7.27.1 want: ^7.27.1
1537 silly placeDep ROOT @types/babel__generator@7.27.0 OK for: @types/babel__core@7.20.5 want: *
1538 silly placeDep ROOT @types/babel__template@7.4.4 OK for: @types/babel__core@7.20.5 want: *
1539 silly placeDep ROOT @types/babel__traverse@7.28.0 OK for: @types/babel__core@7.20.5 want: *
1540 silly placeDep ROOT tslib@2.8.1 OK for: aria-hidden@1.2.6 want: ^2.0.0
1541 silly placeDep ROOT @astrojs/compiler@4.0.0 OK for: astro@6.2.1 want: ^4.0.0
1542 silly placeDep ROOT @astrojs/markdown-remark@7.1.1 OK for: astro@6.2.1 want: 7.1.1
1543 silly placeDep ROOT @astrojs/telemetry@3.3.1 OK for: astro@6.2.1 want: 3.3.1
1544 silly placeDep ROOT @capsizecss/unpack@4.0.0 OK for: astro@6.2.1 want: ^4.0.0
1545 silly placeDep ROOT @clack/prompts@1.3.0 OK for: astro@6.2.1 want: ^1.1.0
1546 silly placeDep ROOT @oslojs/encoding@1.1.0 OK for: astro@6.2.1 want: ^1.1.0
1547 silly placeDep ROOT @rollup/pluginutils@5.3.0 OK for: astro@6.2.1 want: ^5.3.0
1548 silly placeDep ROOT aria-query@5.3.2 OK for: astro@6.2.1 want: ^5.3.2
1549 silly placeDep ROOT axobject-query@4.1.0 OK for: astro@6.2.1 want: ^4.1.0
1550 silly placeDep ROOT ci-info@4.4.0 OK for: astro@6.2.1 want: ^4.4.0
1551 silly placeDep ROOT common-ancestor-path@2.0.0 OK for: astro@6.2.1 want: ^2.0.0
1552 silly placeDep ROOT cookie@1.1.1 OK for: astro@6.2.1 want: ^1.1.1
1553 silly placeDep ROOT diff@8.0.4 OK for: astro@6.2.1 want: ^8.0.3
1554 silly placeDep ROOT dset@3.1.4 OK for: astro@6.2.1 want: ^3.1.4
1555 silly placeDep ROOT es-module-lexer@2.1.0 OK for: astro@6.2.1 want: ^2.0.0
1556 silly placeDep ROOT esbuild@0.27.7 OK for: astro@6.2.1 want: ^0.27.3
1557 silly placeDep ROOT flattie@1.1.1 OK for: astro@6.2.1 want: ^1.1.1
1558 silly placeDep ROOT fontace@0.4.1 OK for: astro@6.2.1 want: ~0.4.1
1559 silly placeDep ROOT github-slugger@2.0.0 OK for: astro@6.2.1 want: ^2.0.0
1560 silly placeDep ROOT html-escaper@3.0.3 OK for: astro@6.2.1 want: 3.0.3
1561 silly placeDep ROOT http-cache-semantics@4.2.0 OK for: astro@6.2.1 want: ^4.2.0
1562 silly placeDep ROOT js-yaml@4.1.1 OK for: astro@6.2.1 want: ^4.1.1
1563 silly placeDep ROOT magic-string@0.30.21 OK for: astro@6.2.1 want: ^0.30.21
1564 silly placeDep ROOT magicast@0.5.2 OK for: astro@6.2.1 want: ^0.5.2
1565 silly placeDep ROOT mrmime@2.0.1 OK for: astro@6.2.1 want: ^2.0.1
1566 silly placeDep ROOT neotraverse@0.6.18 OK for: astro@6.2.1 want: ^0.6.18
1567 silly placeDep ROOT obug@2.1.1 OK for: astro@6.2.1 want: ^2.1.1
1568 silly placeDep ROOT p-limit@7.3.0 OK for: astro@6.2.1 want: ^7.3.0
1569 silly placeDep ROOT p-queue@9.2.0 OK for: astro@6.2.1 want: ^9.1.0
1570 silly placeDep ROOT package-manager-detector@1.6.0 OK for: astro@6.2.1 want: ^1.6.0
1571 silly placeDep ROOT piccolore@0.1.3 OK for: astro@6.2.1 want: ^0.1.3
1572 silly placeDep ROOT rehype@13.0.2 OK for: astro@6.2.1 want: ^13.0.2
1573 silly placeDep node_modules/astro semver@7.7.4 OK for: astro@6.2.1 want: ^7.7.4
1574 silly placeDep ROOT sharp@0.34.5 OK for: astro@6.2.1 want: ^0.34.0
1575 silly placeDep ROOT shiki@4.0.2 OK for: astro@6.2.1 want: ^4.0.2
1576 silly placeDep ROOT smol-toml@1.6.1 OK for: astro@6.2.1 want: ^1.6.0
1577 silly placeDep ROOT svgo@4.0.1 OK for: astro@6.2.1 want: ^4.0.1
1578 silly placeDep ROOT tinyclip@0.1.12 OK for: astro@6.2.1 want: ^0.1.12
1579 silly placeDep ROOT tinyexec@1.1.2 OK for: astro@6.2.1 want: ^1.0.4
1580 silly placeDep ROOT tinyglobby@0.2.16 OK for: astro@6.2.1 want: ^0.2.15
1581 silly placeDep ROOT tsconfck@3.1.6 OK for: astro@6.2.1 want: ^3.1.6
1582 silly placeDep ROOT unifont@0.7.4 OK for: astro@6.2.1 want: ~0.7.4
1583 silly placeDep ROOT unist-util-visit@5.1.0 OK for: astro@6.2.1 want: ^5.1.0
1584 silly placeDep ROOT unstorage@1.17.5 OK for: astro@6.2.1 want: ^1.17.5
1585 silly placeDep ROOT vfile@6.0.3 OK for: astro@6.2.1 want: ^6.0.3
1586 silly placeDep ROOT vitefu@1.1.3 OK for: astro@6.2.1 want: ^1.1.2
1587 silly placeDep ROOT xxhash-wasm@1.1.0 OK for: astro@6.2.1 want: ^1.1.0
1588 silly placeDep ROOT yargs-parser@22.0.0 OK for: astro@6.2.1 want: ^22.0.0
1589 silly fetch manifest hast-util-from-html@^2.0.3
1590 silly packumentCache full:https://registry.npmjs.org/hast-util-from-html cache-miss
1591 silly fetch manifest hast-util-to-text@^4.0.2
1592 silly packumentCache full:https://registry.npmjs.org/hast-util-to-text cache-miss
1593 silly fetch manifest mdast-util-definitions@^6.0.0
1594 silly packumentCache full:https://registry.npmjs.org/mdast-util-definitions cache-miss
1595 silly fetch manifest rehype-raw@^7.0.0
1596 silly packumentCache full:https://registry.npmjs.org/rehype-raw cache-miss
1597 silly fetch manifest rehype-stringify@^10.0.1
1598 silly packumentCache full:https://registry.npmjs.org/rehype-stringify cache-miss
1599 silly fetch manifest remark-gfm@^4.0.1
1600 silly packumentCache full:https://registry.npmjs.org/remark-gfm cache-miss
1601 silly fetch manifest remark-rehype@^11.1.2
1602 silly packumentCache full:https://registry.npmjs.org/remark-rehype cache-miss
1603 silly fetch manifest remark-smartypants@^3.0.2
1604 silly packumentCache full:https://registry.npmjs.org/remark-smartypants cache-miss
1605 silly fetch manifest retext-smartypants@^6.2.0
1606 silly packumentCache full:https://registry.npmjs.org/retext-smartypants cache-miss
1607 silly fetch manifest shiki@^4.0.0
1608 silly packumentCache full:https://registry.npmjs.org/shiki cache-miss
1609 silly fetch manifest unified@^11.0.5
1610 silly packumentCache full:https://registry.npmjs.org/unified cache-miss
1611 http cache https://registry.npmjs.org/unified 21ms (cache hit)
1612 silly packumentCache full:https://registry.npmjs.org/unified set size:321787 disposed:false
1613 silly fetch manifest unist-util-remove-position@^5.0.0
1614 silly packumentCache full:https://registry.npmjs.org/unist-util-remove-position cache-miss
1615 http cache https://registry.npmjs.org/remark-rehype 35ms (cache hit)
1616 silly packumentCache full:https://registry.npmjs.org/remark-rehype set size:110976 disposed:false
1617 silly fetch manifest unist-util-visit-parents@^6.0.2
1618 silly packumentCache full:https://registry.npmjs.org/unist-util-visit-parents cache-miss
1619 http cache https://registry.npmjs.org/shiki 80ms (cache hit)
1620 silly packumentCache full:https://registry.npmjs.org/shiki set size:609021 disposed:false
1621 silly fetch manifest @astrojs/prism@4.0.1
1622 silly packumentCache full:https://registry.npmjs.org/@astrojs%2fprism cache-miss
1623 http fetch GET 200 https://registry.npmjs.org/rehype-raw 110ms (cache miss)
1624 silly packumentCache full:https://registry.npmjs.org/rehype-raw set size:undefined disposed:false
1625 silly fetch manifest dlv@^1.1.3
1626 silly packumentCache full:https://registry.npmjs.org/dlv cache-miss
1627 http fetch GET 200 https://registry.npmjs.org/hast-util-to-text 114ms (cache miss)
1628 silly packumentCache full:https://registry.npmjs.org/hast-util-to-text set size:undefined disposed:false
1629 silly fetch manifest is-docker@^4.0.0
1630 silly packumentCache full:https://registry.npmjs.org/is-docker cache-miss
1631 http fetch GET 200 https://registry.npmjs.org/remark-smartypants 115ms (cache miss)
1632 silly packumentCache full:https://registry.npmjs.org/remark-smartypants set size:undefined disposed:false
1633 silly fetch manifest is-wsl@^3.1.1
1634 silly packumentCache full:https://registry.npmjs.org/is-wsl cache-miss
1635 http fetch GET 200 https://registry.npmjs.org/mdast-util-definitions 121ms (cache miss)
1636 silly packumentCache full:https://registry.npmjs.org/mdast-util-definitions set size:undefined disposed:false
1637 silly fetch manifest which-pm-runs@^1.1.0
1638 silly packumentCache full:https://registry.npmjs.org/which-pm-runs cache-miss
1639 http fetch GET 200 https://registry.npmjs.org/remark-gfm 123ms (cache miss)
1640 silly packumentCache full:https://registry.npmjs.org/remark-gfm set size:undefined disposed:false
1641 silly fetch manifest fontkitten@^1.0.0
1642 silly packumentCache full:https://registry.npmjs.org/fontkitten cache-miss
1643 http fetch GET 200 https://registry.npmjs.org/unist-util-remove-position 90ms (cache miss)
1644 silly packumentCache full:https://registry.npmjs.org/unist-util-remove-position set size:undefined disposed:false
1645 silly fetch manifest fast-string-width@^3.0.2
1646 silly packumentCache full:https://registry.npmjs.org/fast-string-width cache-miss
1647 http fetch GET 200 https://registry.npmjs.org/rehype-stringify 133ms (cache miss)
1648 silly packumentCache full:https://registry.npmjs.org/rehype-stringify set size:undefined disposed:false
1649 silly fetch manifest fast-wrap-ansi@^0.2.0
1650 silly packumentCache full:https://registry.npmjs.org/fast-wrap-ansi cache-miss
1651 http fetch GET 200 https://registry.npmjs.org/hast-util-from-html 138ms (cache miss)
1652 silly packumentCache full:https://registry.npmjs.org/hast-util-from-html set size:undefined disposed:false
1653 silly fetch manifest sisteransi@^1.0.5
1654 silly packumentCache full:https://registry.npmjs.org/sisteransi cache-miss
1655 http fetch GET 200 https://registry.npmjs.org/retext-smartypants 140ms (cache miss)
1656 silly packumentCache full:https://registry.npmjs.org/retext-smartypants set size:undefined disposed:false
1657 silly fetch manifest @clack/core@1.3.0
1658 silly packumentCache full:https://registry.npmjs.org/@clack%2fcore cache-miss
1659 http fetch GET 200 https://registry.npmjs.org/unist-util-visit-parents 106ms (cache miss)
1660 silly packumentCache full:https://registry.npmjs.org/unist-util-visit-parents set size:undefined disposed:false
1661 silly fetch manifest @types/estree@^1.0.0
1662 silly packumentCache full:https://registry.npmjs.org/@types%2festree cache-miss
1663 http fetch GET 200 https://registry.npmjs.org/which-pm-runs 45ms (cache miss)
1664 silly packumentCache full:https://registry.npmjs.org/which-pm-runs set size:undefined disposed:false
1665 silly fetch manifest estree-walker@^2.0.2
1666 silly packumentCache full:https://registry.npmjs.org/estree-walker cache-miss
1667 http fetch GET 200 https://registry.npmjs.org/is-wsl 53ms (cache miss)
1668 silly packumentCache full:https://registry.npmjs.org/is-wsl set size:undefined disposed:false
1669 silly fetch manifest @esbuild/aix-ppc64@0.27.7
1670 silly packumentCache full:https://registry.npmjs.org/@esbuild%2faix-ppc64 cache-miss
1671 http fetch GET 200 https://registry.npmjs.org/dlv 66ms (cache miss)
1672 silly packumentCache full:https://registry.npmjs.org/dlv set size:undefined disposed:false
1673 silly fetch manifest @esbuild/linux-arm@0.27.7
1674 silly packumentCache full:https://registry.npmjs.org/@esbuild%2flinux-arm cache-miss
1675 http fetch GET 200 https://registry.npmjs.org/is-docker 65ms (cache miss)
1676 silly packumentCache full:https://registry.npmjs.org/is-docker set size:undefined disposed:false
1677 silly fetch manifest @esbuild/linux-x64@0.27.7
1678 silly packumentCache full:https://registry.npmjs.org/@esbuild%2flinux-x64 cache-miss
1679 http fetch GET 200 https://registry.npmjs.org/fontkitten 59ms (cache miss)
1680 silly packumentCache full:https://registry.npmjs.org/fontkitten set size:undefined disposed:false
1681 silly fetch manifest @esbuild/sunos-x64@0.27.7
1682 silly packumentCache full:https://registry.npmjs.org/@esbuild%2fsunos-x64 cache-miss
1683 http fetch GET 200 https://registry.npmjs.org/fast-string-width 57ms (cache miss)
1684 silly packumentCache full:https://registry.npmjs.org/fast-string-width set size:undefined disposed:false
1685 silly fetch manifest @esbuild/win32-x64@0.27.7
1686 silly packumentCache full:https://registry.npmjs.org/@esbuild%2fwin32-x64 cache-miss
1687 http fetch GET 200 https://registry.npmjs.org/fast-wrap-ansi 68ms (cache miss)
1688 silly packumentCache full:https://registry.npmjs.org/fast-wrap-ansi set size:undefined disposed:false
1689 silly fetch manifest @esbuild/darwin-x64@0.27.7
1690 silly packumentCache full:https://registry.npmjs.org/@esbuild%2fdarwin-x64 cache-miss
1691 http fetch GET 200 https://registry.npmjs.org/@types%2festree 58ms (cache miss)
1692 silly packumentCache full:https://registry.npmjs.org/@types%2festree set size:undefined disposed:false
1693 silly fetch manifest @esbuild/linux-ia32@0.27.7
1694 silly packumentCache full:https://registry.npmjs.org/@esbuild%2flinux-ia32 cache-miss
1695 http fetch GET 200 https://registry.npmjs.org/@astrojs%2fprism 120ms (cache miss)
1696 silly packumentCache full:https://registry.npmjs.org/@astrojs%2fprism set size:undefined disposed:false
1697 silly fetch manifest @esbuild/netbsd-x64@0.27.7
1698 silly packumentCache full:https://registry.npmjs.org/@esbuild%2fnetbsd-x64 cache-miss
1699 http fetch GET 200 https://registry.npmjs.org/estree-walker 47ms (cache miss)
1700 silly packumentCache full:https://registry.npmjs.org/estree-walker set size:undefined disposed:false
1701 silly fetch manifest @esbuild/win32-ia32@0.27.7
1702 silly packumentCache full:https://registry.npmjs.org/@esbuild%2fwin32-ia32 cache-miss
1703 http fetch GET 200 https://registry.npmjs.org/@esbuild%2faix-ppc64 79ms (cache miss)
1704 silly packumentCache full:https://registry.npmjs.org/@esbuild%2faix-ppc64 set size:undefined disposed:false
1705 silly fetch manifest @esbuild/android-arm@0.27.7
1706 silly packumentCache full:https://registry.npmjs.org/@esbuild%2fandroid-arm cache-miss
1707 http fetch GET 200 https://registry.npmjs.org/@esbuild%2flinux-arm 88ms (cache miss)
1708 silly packumentCache full:https://registry.npmjs.org/@esbuild%2flinux-arm set size:undefined disposed:false
1709 silly fetch manifest @esbuild/android-x64@0.27.7
1710 silly packumentCache full:https://registry.npmjs.org/@esbuild%2fandroid-x64 cache-miss
1711 http fetch GET 200 https://registry.npmjs.org/@esbuild%2fsunos-x64 90ms (cache miss)
1712 silly packumentCache full:https://registry.npmjs.org/@esbuild%2fsunos-x64 set size:undefined disposed:false
1713 silly fetch manifest @esbuild/freebsd-x64@0.27.7
1714 silly packumentCache full:https://registry.npmjs.org/@esbuild%2ffreebsd-x64 cache-miss
1715 http fetch GET 200 https://registry.npmjs.org/@esbuild%2flinux-x64 98ms (cache miss)
1716 silly packumentCache full:https://registry.npmjs.org/@esbuild%2flinux-x64 set size:undefined disposed:false
1717 silly fetch manifest @esbuild/linux-arm64@0.27.7
1718 silly packumentCache full:https://registry.npmjs.org/@esbuild%2flinux-arm64 cache-miss
1719 http fetch GET 200 https://registry.npmjs.org/@esbuild%2fdarwin-x64 79ms (cache miss)
1720 silly packumentCache full:https://registry.npmjs.org/@esbuild%2fdarwin-x64 set size:undefined disposed:false
1721 silly fetch manifest @esbuild/linux-ppc64@0.27.7
1722 silly packumentCache full:https://registry.npmjs.org/@esbuild%2flinux-ppc64 cache-miss
1723 http fetch GET 200 https://registry.npmjs.org/@esbuild%2fwin32-x64 101ms (cache miss)
1724 silly packumentCache full:https://registry.npmjs.org/@esbuild%2fwin32-x64 set size:undefined disposed:false
1725 silly fetch manifest @esbuild/linux-s390x@0.27.7
1726 silly packumentCache full:https://registry.npmjs.org/@esbuild%2flinux-s390x cache-miss
1727 http fetch GET 200 https://registry.npmjs.org/@esbuild%2flinux-ia32 91ms (cache miss)
1728 silly packumentCache full:https://registry.npmjs.org/@esbuild%2flinux-ia32 set size:undefined disposed:false
1729 silly fetch manifest @esbuild/openbsd-x64@0.27.7
1730 silly packumentCache full:https://registry.npmjs.org/@esbuild%2fopenbsd-x64 cache-miss
1731 http fetch GET 200 https://registry.npmjs.org/@clack%2fcore 164ms (cache miss)
1732 silly packumentCache full:https://registry.npmjs.org/@clack%2fcore set size:undefined disposed:false
1733 silly fetch manifest @esbuild/win32-arm64@0.27.7
1734 silly packumentCache full:https://registry.npmjs.org/@esbuild%2fwin32-arm64 cache-miss
1735 http fetch GET 200 https://registry.npmjs.org/@esbuild%2fnetbsd-x64 102ms (cache miss)
1736 silly packumentCache full:https://registry.npmjs.org/@esbuild%2fnetbsd-x64 set size:undefined disposed:false
1737 silly fetch manifest @esbuild/darwin-arm64@0.27.7
1738 silly packumentCache full:https://registry.npmjs.org/@esbuild%2fdarwin-arm64 cache-miss
1739 http fetch GET 200 https://registry.npmjs.org/@esbuild%2fwin32-ia32 107ms (cache miss)
1740 silly packumentCache full:https://registry.npmjs.org/@esbuild%2fwin32-ia32 set size:undefined disposed:false
1741 silly fetch manifest @esbuild/netbsd-arm64@0.27.7
1742 silly packumentCache full:https://registry.npmjs.org/@esbuild%2fnetbsd-arm64 cache-miss
1743 http fetch GET 200 https://registry.npmjs.org/@esbuild%2fandroid-arm 90ms (cache miss)
1744 silly packumentCache full:https://registry.npmjs.org/@esbuild%2fandroid-arm set size:undefined disposed:false
1745 silly fetch manifest @esbuild/android-arm64@0.27.7
1746 silly packumentCache full:https://registry.npmjs.org/@esbuild%2fandroid-arm64 cache-miss
1747 http fetch GET 200 https://registry.npmjs.org/@esbuild%2fandroid-x64 86ms (cache miss)
1748 silly packumentCache full:https://registry.npmjs.org/@esbuild%2fandroid-x64 set size:undefined disposed:false
1749 silly fetch manifest @esbuild/freebsd-arm64@0.27.7
1750 silly packumentCache full:https://registry.npmjs.org/@esbuild%2ffreebsd-arm64 cache-miss
1751 http fetch GET 200 https://registry.npmjs.org/@esbuild%2ffreebsd-x64 91ms (cache miss)
1752 silly packumentCache full:https://registry.npmjs.org/@esbuild%2ffreebsd-x64 set size:undefined disposed:false
1753 silly fetch manifest @esbuild/linux-loong64@0.27.7
1754 silly packumentCache full:https://registry.npmjs.org/@esbuild%2flinux-loong64 cache-miss
1755 http fetch GET 200 https://registry.npmjs.org/@esbuild%2flinux-ppc64 87ms (cache miss)
1756 silly packumentCache full:https://registry.npmjs.org/@esbuild%2flinux-ppc64 set size:undefined disposed:false
1757 silly fetch manifest @esbuild/linux-riscv64@0.27.7
1758 silly packumentCache full:https://registry.npmjs.org/@esbuild%2flinux-riscv64 cache-miss
1759 http fetch GET 200 https://registry.npmjs.org/@esbuild%2flinux-arm64 104ms (cache miss)
1760 silly packumentCache full:https://registry.npmjs.org/@esbuild%2flinux-arm64 set size:undefined disposed:false
1761 silly fetch manifest @esbuild/openbsd-arm64@0.27.7
1762 silly packumentCache full:https://registry.npmjs.org/@esbuild%2fopenbsd-arm64 cache-miss
1763 http fetch GET 200 https://registry.npmjs.org/@esbuild%2flinux-s390x 96ms (cache miss)
1764 silly packumentCache full:https://registry.npmjs.org/@esbuild%2flinux-s390x set size:undefined disposed:false
1765 silly fetch manifest @esbuild/linux-mips64el@0.27.7
1766 silly packumentCache full:https://registry.npmjs.org/@esbuild%2flinux-mips64el cache-miss
1767 http fetch GET 200 https://registry.npmjs.org/@esbuild%2fopenbsd-x64 94ms (cache miss)
1768 silly packumentCache full:https://registry.npmjs.org/@esbuild%2fopenbsd-x64 set size:undefined disposed:false
1769 silly fetch manifest @esbuild/openharmony-arm64@0.27.7
1770 silly packumentCache full:https://registry.npmjs.org/@esbuild%2fopenharmony-arm64 cache-miss
1771 http fetch GET 200 https://registry.npmjs.org/@esbuild%2fnetbsd-arm64 72ms (cache miss)
1772 silly packumentCache full:https://registry.npmjs.org/@esbuild%2fnetbsd-arm64 set size:undefined disposed:false
1773 silly fetch manifest fontkitten@^1.0.2
1774 silly packumentCache full:https://registry.npmjs.org/fontkitten cache-miss
1775 http fetch GET 200 https://registry.npmjs.org/@esbuild%2fwin32-arm64 105ms (cache miss)
1776 silly packumentCache full:https://registry.npmjs.org/@esbuild%2fwin32-arm64 set size:undefined disposed:false
1777 silly fetch manifest argparse@^2.0.1
1778 silly packumentCache full:https://registry.npmjs.org/argparse cache-miss
1779 http fetch GET 200 https://registry.npmjs.org/sisteransi 287ms (cache miss)
1780 silly packumentCache full:https://registry.npmjs.org/sisteransi set size:undefined disposed:false
1781 silly fetch manifest yocto-queue@^1.2.1
1782 silly packumentCache full:https://registry.npmjs.org/yocto-queue cache-miss
1783 http fetch GET 200 https://registry.npmjs.org/@esbuild%2fdarwin-arm64 107ms (cache miss)
1784 silly packumentCache full:https://registry.npmjs.org/@esbuild%2fdarwin-arm64 set size:undefined disposed:false
1785 silly fetch manifest eventemitter3@^5.0.4
1786 silly packumentCache full:https://registry.npmjs.org/eventemitter3 cache-miss
1787 http fetch GET 200 https://registry.npmjs.org/@esbuild%2fandroid-arm64 110ms (cache miss)
1788 silly packumentCache full:https://registry.npmjs.org/@esbuild%2fandroid-arm64 set size:undefined disposed:false
1789 silly fetch manifest p-timeout@^7.0.0
1790 silly packumentCache full:https://registry.npmjs.org/p-timeout cache-miss
1791 http cache https://registry.npmjs.org/fontkitten 55ms (cache hit)
1792 silly packumentCache full:https://registry.npmjs.org/fontkitten set size:43549 disposed:false
1793 silly fetch manifest rehype-parse@^9.0.0
1794 silly packumentCache full:https://registry.npmjs.org/rehype-parse cache-miss
1795 http cache https://registry.npmjs.org/eventemitter3 39ms (cache hit)
1796 silly packumentCache full:https://registry.npmjs.org/eventemitter3 set size:92292 disposed:false
1797 silly fetch manifest rehype-stringify@^10.0.0
1798 silly packumentCache full:https://registry.npmjs.org/rehype-stringify cache-miss
1799 http fetch GET 200 https://registry.npmjs.org/@esbuild%2fopenharmony-arm64 79ms (cache miss)
1800 silly packumentCache full:https://registry.npmjs.org/@esbuild%2fopenharmony-arm64 set size:undefined disposed:false
1801 silly fetch manifest semver@^7.7.3
1802 silly packumentCache full:https://registry.npmjs.org/semver cache-hit
1803 silly fetch manifest @img/colour@^1.0.0
1804 silly packumentCache full:https://registry.npmjs.org/@img%2fcolour cache-miss
1805 http fetch GET 200 https://registry.npmjs.org/@esbuild%2fopenbsd-arm64 99ms (cache miss)
1806 silly packumentCache full:https://registry.npmjs.org/@esbuild%2fopenbsd-arm64 set size:undefined disposed:false
1807 silly fetch manifest detect-libc@^2.1.2
1808 silly packumentCache full:https://registry.npmjs.org/detect-libc cache-miss
1809 http fetch GET 200 https://registry.npmjs.org/@esbuild%2ffreebsd-arm64 127ms (cache miss)
1810 silly packumentCache full:https://registry.npmjs.org/@esbuild%2ffreebsd-arm64 set size:undefined disposed:false
1811 silly fetch manifest @img/sharp-wasm32@0.34.5
1812 silly packumentCache full:https://registry.npmjs.org/@img%2fsharp-wasm32 cache-miss
1813 http fetch GET 200 https://registry.npmjs.org/@esbuild%2flinux-riscv64 119ms (cache miss)
1814 silly packumentCache full:https://registry.npmjs.org/@esbuild%2flinux-riscv64 set size:undefined disposed:false
1815 silly fetch manifest @img/sharp-linux-arm@0.34.5
1816 silly packumentCache full:https://registry.npmjs.org/@img%2fsharp-linux-arm cache-miss
1817 http fetch GET 200 https://registry.npmjs.org/@esbuild%2flinux-loong64 131ms (cache miss)
1818 silly packumentCache full:https://registry.npmjs.org/@esbuild%2flinux-loong64 set size:undefined disposed:false
1819 silly fetch manifest @img/sharp-linux-x64@0.34.5
1820 silly packumentCache full:https://registry.npmjs.org/@img%2fsharp-linux-x64 cache-miss
1821 http fetch GET 200 https://registry.npmjs.org/argparse 89ms (cache miss)
1822 silly packumentCache full:https://registry.npmjs.org/argparse set size:undefined disposed:false
1823 silly fetch manifest @img/sharp-win32-x64@0.34.5
1824 silly packumentCache full:https://registry.npmjs.org/@img%2fsharp-win32-x64 cache-miss
1825 http fetch GET 200 https://registry.npmjs.org/@esbuild%2flinux-mips64el 125ms (cache miss)
1826 silly packumentCache full:https://registry.npmjs.org/@esbuild%2flinux-mips64el set size:undefined disposed:false
1827 silly fetch manifest @img/sharp-darwin-x64@0.34.5
1828 silly packumentCache full:https://registry.npmjs.org/@img%2fsharp-darwin-x64 cache-miss
1829 http fetch GET 200 https://registry.npmjs.org/yocto-queue 93ms (cache miss)
1830 silly packumentCache full:https://registry.npmjs.org/yocto-queue set size:undefined disposed:false
1831 silly fetch manifest @img/sharp-win32-ia32@0.34.5
1832 silly packumentCache full:https://registry.npmjs.org/@img%2fsharp-win32-ia32 cache-miss
1833 http cache https://registry.npmjs.org/rehype-stringify 55ms (cache hit)
1834 silly packumentCache full:https://registry.npmjs.org/rehype-stringify set size:58160 disposed:false
1835 silly fetch manifest @img/sharp-linux-arm64@0.34.5
1836 silly packumentCache full:https://registry.npmjs.org/@img%2fsharp-linux-arm64 cache-miss
1837 http fetch GET 200 https://registry.npmjs.org/p-timeout 75ms (cache miss)
1838 silly packumentCache full:https://registry.npmjs.org/p-timeout set size:undefined disposed:false
1839 silly fetch manifest @img/sharp-linux-ppc64@0.34.5
1840 silly packumentCache full:https://registry.npmjs.org/@img%2fsharp-linux-ppc64 cache-miss
1841 http fetch GET 200 https://registry.npmjs.org/detect-libc 54ms (cache miss)
1842 silly packumentCache full:https://registry.npmjs.org/detect-libc set size:undefined disposed:false
1843 silly fetch manifest @img/sharp-linux-s390x@0.34.5
1844 silly packumentCache full:https://registry.npmjs.org/@img%2fsharp-linux-s390x cache-miss
1845 http fetch GET 200 https://registry.npmjs.org/@img%2fcolour 66ms (cache miss)
1846 silly packumentCache full:https://registry.npmjs.org/@img%2fcolour set size:undefined disposed:false
1847 silly fetch manifest @img/sharp-win32-arm64@0.34.5
1848 silly packumentCache full:https://registry.npmjs.org/@img%2fsharp-win32-arm64 cache-miss
1849 http fetch GET 200 https://registry.npmjs.org/@img%2fsharp-wasm32 58ms (cache miss)
1850 silly packumentCache full:https://registry.npmjs.org/@img%2fsharp-wasm32 set size:undefined disposed:false
1851 silly fetch manifest @img/sharp-darwin-arm64@0.34.5
1852 silly packumentCache full:https://registry.npmjs.org/@img%2fsharp-darwin-arm64 cache-miss
1853 http fetch GET 200 https://registry.npmjs.org/@img%2fsharp-win32-arm64 34ms (cache miss)
1854 silly packumentCache full:https://registry.npmjs.org/@img%2fsharp-win32-arm64 set size:undefined disposed:false
1855 silly fetch manifest @img/sharp-linux-riscv64@0.34.5
1856 silly packumentCache full:https://registry.npmjs.org/@img%2fsharp-linux-riscv64 cache-miss
1857 http fetch GET 200 https://registry.npmjs.org/@img%2fsharp-linux-arm 107ms (cache miss)
1858 silly packumentCache full:https://registry.npmjs.org/@img%2fsharp-linux-arm set size:undefined disposed:false
1859 silly fetch manifest @img/sharp-linuxmusl-x64@0.34.5
1860 silly packumentCache full:https://registry.npmjs.org/@img%2fsharp-linuxmusl-x64 cache-miss
1861 http fetch GET 200 https://registry.npmjs.org/@img%2fsharp-win32-x64 131ms (cache miss)
1862 silly packumentCache full:https://registry.npmjs.org/@img%2fsharp-win32-x64 set size:undefined disposed:false
1863 silly fetch manifest @img/sharp-linuxmusl-arm64@0.34.5
1864 silly packumentCache full:https://registry.npmjs.org/@img%2fsharp-linuxmusl-arm64 cache-miss
1865 http fetch GET 200 https://registry.npmjs.org/@img%2fsharp-linux-ppc64 124ms (cache miss)
1866 silly packumentCache full:https://registry.npmjs.org/@img%2fsharp-linux-ppc64 set size:undefined disposed:false
1867 silly fetch manifest @img/sharp-libvips-linux-arm@1.2.4
1868 silly packumentCache full:https://registry.npmjs.org/@img%2fsharp-libvips-linux-arm cache-miss
1869 http fetch GET 200 https://registry.npmjs.org/@img%2fsharp-linux-s390x 128ms (cache miss)
1870 silly packumentCache full:https://registry.npmjs.org/@img%2fsharp-linux-s390x set size:undefined disposed:false
1871 silly fetch manifest @img/sharp-libvips-linux-x64@1.2.4
1872 silly packumentCache full:https://registry.npmjs.org/@img%2fsharp-libvips-linux-x64 cache-miss
1873 http fetch GET 200 https://registry.npmjs.org/@img%2fsharp-win32-ia32 155ms (cache miss)
1874 silly packumentCache full:https://registry.npmjs.org/@img%2fsharp-win32-ia32 set size:undefined disposed:false
1875 silly fetch manifest @img/sharp-libvips-darwin-x64@1.2.4
1876 silly packumentCache full:https://registry.npmjs.org/@img%2fsharp-libvips-darwin-x64 cache-miss
1877 http fetch GET 200 https://registry.npmjs.org/@img%2fsharp-linuxmusl-x64 73ms (cache miss)
1878 silly packumentCache full:https://registry.npmjs.org/@img%2fsharp-linuxmusl-x64 set size:undefined disposed:false
1879 silly fetch manifest @img/sharp-libvips-linux-arm64@1.2.4
1880 silly packumentCache full:https://registry.npmjs.org/@img%2fsharp-libvips-linux-arm64 cache-miss
1881 http fetch GET 200 https://registry.npmjs.org/@img%2fsharp-libvips-linux-x64 48ms (cache miss)
1882 silly packumentCache full:https://registry.npmjs.org/@img%2fsharp-libvips-linux-x64 set size:undefined disposed:false
1883 silly fetch manifest @img/sharp-libvips-linux-ppc64@1.2.4
1884 silly packumentCache full:https://registry.npmjs.org/@img%2fsharp-libvips-linux-ppc64 cache-miss
1885 http fetch GET 200 https://registry.npmjs.org/rehype-parse 265ms (cache miss)
1886 silly packumentCache full:https://registry.npmjs.org/rehype-parse set size:undefined disposed:false
1887 silly fetch manifest @img/sharp-libvips-linux-s390x@1.2.4
1888 silly packumentCache full:https://registry.npmjs.org/@img%2fsharp-libvips-linux-s390x cache-miss
1889 http fetch GET 200 https://registry.npmjs.org/@img%2fsharp-linuxmusl-arm64 101ms (cache miss)
1890 silly packumentCache full:https://registry.npmjs.org/@img%2fsharp-linuxmusl-arm64 set size:undefined disposed:false
1891 silly fetch manifest @img/sharp-libvips-darwin-arm64@1.2.4
1892 silly packumentCache full:https://registry.npmjs.org/@img%2fsharp-libvips-darwin-arm64 cache-miss
1893 http fetch GET 200 https://registry.npmjs.org/@img%2fsharp-libvips-linux-arm 103ms (cache miss)
1894 silly packumentCache full:https://registry.npmjs.org/@img%2fsharp-libvips-linux-arm set size:undefined disposed:false
1895 silly fetch manifest @img/sharp-libvips-linux-riscv64@1.2.4
1896 silly packumentCache full:https://registry.npmjs.org/@img%2fsharp-libvips-linux-riscv64 cache-miss
1897 http fetch GET 200 https://registry.npmjs.org/@img%2fsharp-libvips-linux-riscv64 31ms (cache miss)
1898 silly packumentCache full:https://registry.npmjs.org/@img%2fsharp-libvips-linux-riscv64 set size:undefined disposed:false
1899 silly fetch manifest @img/sharp-libvips-linuxmusl-x64@1.2.4
1900 silly packumentCache full:https://registry.npmjs.org/@img%2fsharp-libvips-linuxmusl-x64 cache-miss
1901 http fetch GET 200 https://registry.npmjs.org/@img%2fsharp-linux-x64 308ms (cache miss)
1902 silly packumentCache full:https://registry.npmjs.org/@img%2fsharp-linux-x64 set size:undefined disposed:false
1903 silly fetch manifest @img/sharp-libvips-linuxmusl-arm64@1.2.4
1904 silly packumentCache full:https://registry.npmjs.org/@img%2fsharp-libvips-linuxmusl-arm64 cache-miss
1905 http fetch GET 200 https://registry.npmjs.org/@img%2fsharp-libvips-linux-ppc64 103ms (cache miss)
1906 silly packumentCache full:https://registry.npmjs.org/@img%2fsharp-libvips-linux-ppc64 set size:undefined disposed:false
1907 silly fetch manifest @shikijs/vscode-textmate@^10.0.2
1908 silly packumentCache full:https://registry.npmjs.org/@shikijs%2fvscode-textmate cache-miss
1909 http fetch GET 200 https://registry.npmjs.org/@img%2fsharp-darwin-x64 318ms (cache miss)
1910 silly packumentCache full:https://registry.npmjs.org/@img%2fsharp-darwin-x64 set size:undefined disposed:false
1911 silly fetch manifest @types/hast@^3.0.4
1912 silly packumentCache full:https://registry.npmjs.org/@types%2fhast cache-miss
1913 http fetch GET 200 https://registry.npmjs.org/@img%2fsharp-libvips-linux-s390x 109ms (cache miss)
1914 silly packumentCache full:https://registry.npmjs.org/@img%2fsharp-libvips-linux-s390x set size:undefined disposed:false
1915 silly fetch manifest @shikijs/core@4.0.2
1916 silly packumentCache full:https://registry.npmjs.org/@shikijs%2fcore cache-miss
1917 http cache https://registry.npmjs.org/@types%2fhast 17ms (cache hit)
1918 silly packumentCache full:https://registry.npmjs.org/@types%2fhast set size:32563 disposed:false
1919 silly fetch manifest @shikijs/themes@4.0.2
1920 silly packumentCache full:https://registry.npmjs.org/@shikijs%2fthemes cache-miss
1921 http fetch GET 200 https://registry.npmjs.org/@img%2fsharp-libvips-darwin-arm64 108ms (cache miss)
1922 silly packumentCache full:https://registry.npmjs.org/@img%2fsharp-libvips-darwin-arm64 set size:undefined disposed:false
1923 silly fetch manifest @shikijs/engine-oniguruma@4.0.2
1924 silly packumentCache full:https://registry.npmjs.org/@shikijs%2fengine-oniguruma cache-miss
1925 http fetch GET 200 https://registry.npmjs.org/@img%2fsharp-libvips-linuxmusl-arm64 47ms (cache miss)
1926 silly packumentCache full:https://registry.npmjs.org/@img%2fsharp-libvips-linuxmusl-arm64 set size:undefined disposed:false
1927 silly fetch manifest @shikijs/langs@4.0.2
1928 silly packumentCache full:https://registry.npmjs.org/@shikijs%2flangs cache-miss
1929 http fetch GET 200 https://registry.npmjs.org/@img%2fsharp-darwin-arm64 314ms (cache miss)
1930 silly packumentCache full:https://registry.npmjs.org/@img%2fsharp-darwin-arm64 set size:undefined disposed:false
1931 silly fetch manifest @shikijs/engine-javascript@4.0.2
1932 silly packumentCache full:https://registry.npmjs.org/@shikijs%2fengine-javascript cache-miss
1933 http fetch GET 200 https://registry.npmjs.org/@img%2fsharp-linux-riscv64 321ms (cache miss)
1934 silly packumentCache full:https://registry.npmjs.org/@img%2fsharp-linux-riscv64 set size:undefined disposed:false
1935 silly fetch manifest @shikijs/types@4.0.2
1936 silly packumentCache full:https://registry.npmjs.org/@shikijs%2ftypes cache-miss
1937 http fetch GET 200 https://registry.npmjs.org/@img%2fsharp-libvips-linux-arm64 241ms (cache miss)
1938 silly packumentCache full:https://registry.npmjs.org/@img%2fsharp-libvips-linux-arm64 set size:undefined disposed:false
1939 silly fetch manifest sax@^1.5.0
1940 silly packumentCache full:https://registry.npmjs.org/sax cache-miss
1941 http fetch GET 200 https://registry.npmjs.org/@shikijs%2fvscode-textmate 99ms (cache miss)
1942 silly packumentCache full:https://registry.npmjs.org/@shikijs%2fvscode-textmate set size:undefined disposed:false
1943 silly fetch manifest csso@^5.0.5
1944 silly packumentCache full:https://registry.npmjs.org/csso cache-miss
1945 http fetch GET 200 https://registry.npmjs.org/@shikijs%2fcore 104ms (cache miss)
1946 silly packumentCache full:https://registry.npmjs.org/@shikijs%2fcore set size:undefined disposed:false
1947 silly fetch manifest css-tree@^3.0.1
1948 silly packumentCache full:https://registry.npmjs.org/css-tree cache-miss
1949 http fetch GET 200 https://registry.npmjs.org/sax 35ms (cache miss)
1950 silly packumentCache full:https://registry.npmjs.org/sax set size:undefined disposed:false
1951 silly fetch manifest css-what@^6.1.0
1952 silly packumentCache full:https://registry.npmjs.org/css-what cache-miss
1953 http fetch GET 200 https://registry.npmjs.org/@shikijs%2fengine-oniguruma 150ms (cache miss)
1954 silly packumentCache full:https://registry.npmjs.org/@shikijs%2fengine-oniguruma set size:undefined disposed:false
1955 silly fetch manifest commander@^11.1.0
1956 silly packumentCache full:https://registry.npmjs.org/commander cache-miss
1957 http fetch GET 200 https://registry.npmjs.org/@shikijs%2fthemes 162ms (cache miss)
1958 silly packumentCache full:https://registry.npmjs.org/@shikijs%2fthemes set size:undefined disposed:false
1959 silly fetch manifest css-select@^5.1.0
1960 silly packumentCache full:https://registry.npmjs.org/css-select cache-miss
1961 http fetch GET 200 https://registry.npmjs.org/csso 91ms (cache miss)
1962 silly packumentCache full:https://registry.npmjs.org/csso set size:undefined disposed:false
1963 silly fetch manifest css-tree@^3.1.0
1964 silly packumentCache full:https://registry.npmjs.org/css-tree cache-miss
1965 http fetch GET 200 https://registry.npmjs.org/css-what 70ms (cache miss)
1966 silly packumentCache full:https://registry.npmjs.org/css-what set size:undefined disposed:false
1967 silly fetch manifest ofetch@^1.5.1
1968 silly packumentCache full:https://registry.npmjs.org/ofetch cache-miss
1969 http fetch GET 200 https://registry.npmjs.org/@img%2fsharp-libvips-darwin-x64 362ms (cache miss)
1970 silly packumentCache full:https://registry.npmjs.org/@img%2fsharp-libvips-darwin-x64 set size:undefined disposed:false
1971 silly fetch manifest ohash@^2.0.11
1972 silly packumentCache full:https://registry.npmjs.org/ohash cache-miss
1973 http fetch GET 200 https://registry.npmjs.org/css-tree 97ms (cache miss)
1974 silly packumentCache full:https://registry.npmjs.org/css-tree set size:undefined disposed:false
1975 silly fetch manifest @types/unist@^3.0.0
1976 silly packumentCache full:https://registry.npmjs.org/@types%2funist cache-miss
1977 http fetch GET 200 https://registry.npmjs.org/@shikijs%2ftypes 144ms (cache miss)
1978 silly packumentCache full:https://registry.npmjs.org/@shikijs%2ftypes set size:undefined disposed:false
1979 silly fetch manifest unist-util-is@^6.0.0
1980 silly packumentCache full:https://registry.npmjs.org/unist-util-is cache-miss
1981 http fetch GET 200 https://registry.npmjs.org/css-select 50ms (cache miss)
1982 silly packumentCache full:https://registry.npmjs.org/css-select set size:undefined disposed:false
1983 silly fetch manifest unist-util-visit-parents@^6.0.0
1984 silly packumentCache full:https://registry.npmjs.org/unist-util-visit-parents cache-miss
1985 http fetch GET 200 https://registry.npmjs.org/@shikijs%2flangs 214ms (cache miss)
1986 silly packumentCache full:https://registry.npmjs.org/@shikijs%2flangs set size:undefined disposed:false
1987 silly fetch manifest anymatch@^3.1.3
1988 silly packumentCache full:https://registry.npmjs.org/anymatch cache-miss
1989 http fetch GET 200 https://registry.npmjs.org/ohash 50ms (cache miss)
1990 silly packumentCache full:https://registry.npmjs.org/ohash set size:undefined disposed:false
1991 silly fetch manifest chokidar@^5.0.0
1992 silly packumentCache full:https://registry.npmjs.org/chokidar cache-miss
1993 http fetch GET 200 https://registry.npmjs.org/css-tree 63ms (cache miss)
1994 silly packumentCache full:https://registry.npmjs.org/css-tree set size:undefined disposed:false
1995 silly fetch manifest destr@^2.0.5
1996 silly packumentCache full:https://registry.npmjs.org/destr cache-miss
1997 http cache https://registry.npmjs.org/unist-util-visit-parents 34ms (cache hit)
1998 silly packumentCache full:https://registry.npmjs.org/unist-util-visit-parents set size:103476 disposed:false
1999 silly fetch manifest h3@^1.15.10
2000 silly packumentCache full:https://registry.npmjs.org/h3 cache-miss
2001 http fetch GET 200 https://registry.npmjs.org/@types%2funist 62ms (cache miss)
2002 silly packumentCache full:https://registry.npmjs.org/@types%2funist set size:undefined disposed:false
2003 silly fetch manifest lru-cache@^11.2.7
2004 silly packumentCache full:https://registry.npmjs.org/lru-cache cache-miss
2005 http fetch GET 200 https://registry.npmjs.org/unist-util-is 62ms (cache miss)
2006 silly packumentCache full:https://registry.npmjs.org/unist-util-is set size:undefined disposed:false
2007 silly fetch manifest node-fetch-native@^1.6.7
2008 silly packumentCache full:https://registry.npmjs.org/node-fetch-native cache-miss
2009 http cache https://registry.npmjs.org/lru-cache 17ms (cache hit)
2010 silly packumentCache full:https://registry.npmjs.org/lru-cache set size:439357 disposed:false
2011 silly fetch manifest ofetch@^1.5.1
2012 silly packumentCache full:https://registry.npmjs.org/ofetch cache-miss
2013 http fetch GET 200 https://registry.npmjs.org/anymatch 51ms (cache miss)
2014 silly packumentCache full:https://registry.npmjs.org/anymatch set size:undefined disposed:false
2015 silly fetch manifest ufo@^1.6.3
2016 silly packumentCache full:https://registry.npmjs.org/ufo cache-miss
2017 http fetch GET 200 https://registry.npmjs.org/@img%2fsharp-libvips-linuxmusl-x64 337ms (cache miss)
2018 silly packumentCache full:https://registry.npmjs.org/@img%2fsharp-libvips-linuxmusl-x64 set size:undefined disposed:false
2019 silly fetch manifest vfile-message@^4.0.0
2020 silly packumentCache full:https://registry.npmjs.org/vfile-message cache-miss
2021 http fetch GET 200 https://registry.npmjs.org/destr 50ms (cache miss)
2022 silly packumentCache full:https://registry.npmjs.org/destr set size:undefined disposed:false
2023 http fetch GET 200 https://registry.npmjs.org/node-fetch-native 33ms (cache miss)
2024 silly packumentCache full:https://registry.npmjs.org/node-fetch-native set size:undefined disposed:false
2025 http fetch GET 200 https://registry.npmjs.org/vfile-message 32ms (cache miss)
2026 silly packumentCache full:https://registry.npmjs.org/vfile-message set size:undefined disposed:false
2027 http fetch GET 200 https://registry.npmjs.org/@shikijs%2fengine-javascript 313ms (cache miss)
2028 silly packumentCache full:https://registry.npmjs.org/@shikijs%2fengine-javascript set size:undefined disposed:false
2029 http fetch GET 200 https://registry.npmjs.org/commander 238ms (cache miss)
2030 silly packumentCache full:https://registry.npmjs.org/commander set size:undefined disposed:false
2031 http fetch GET 200 https://registry.npmjs.org/ofetch 244ms (cache miss)
2032 silly packumentCache full:https://registry.npmjs.org/ofetch set size:undefined disposed:false
2033 http fetch GET 200 https://registry.npmjs.org/ofetch 147ms (cache miss)
2034 silly packumentCache full:https://registry.npmjs.org/ofetch set size:undefined disposed:false
2035 http fetch GET 200 https://registry.npmjs.org/chokidar 253ms (cache miss)
2036 silly packumentCache full:https://registry.npmjs.org/chokidar set size:undefined disposed:false
2037 http fetch GET 200 https://registry.npmjs.org/h3 245ms (cache miss)
2038 silly packumentCache full:https://registry.npmjs.org/h3 set size:undefined disposed:false
2039 http fetch GET 200 https://registry.npmjs.org/ufo 261ms (cache miss)
2040 silly packumentCache full:https://registry.npmjs.org/ufo set size:undefined disposed:false
2041 http fetch GET 200 https://registry.npmjs.org/@img%2fsharp-linux-arm64 881ms (cache miss)
2042 silly packumentCache full:https://registry.npmjs.org/@img%2fsharp-linux-arm64 set size:undefined disposed:false
2043 silly placeDep ROOT @astrojs/prism@4.0.1 OK for: @astrojs/markdown-remark@7.1.1 want: 4.0.1
2044 silly placeDep ROOT hast-util-from-html@2.0.3 OK for: @astrojs/markdown-remark@7.1.1 want: ^2.0.3
2045 silly placeDep ROOT hast-util-to-text@4.0.2 OK for: @astrojs/markdown-remark@7.1.1 want: ^4.0.2
2046 silly placeDep ROOT mdast-util-definitions@6.0.0 OK for: @astrojs/markdown-remark@7.1.1 want: ^6.0.0
2047 silly placeDep ROOT rehype-raw@7.0.0 OK for: @astrojs/markdown-remark@7.1.1 want: ^7.0.0
2048 silly placeDep ROOT rehype-stringify@10.0.1 OK for: @astrojs/markdown-remark@7.1.1 want: ^10.0.1
2049 silly placeDep ROOT remark-gfm@4.0.1 OK for: @astrojs/markdown-remark@7.1.1 want: ^4.0.1
2050 silly placeDep ROOT remark-parse@11.0.0 OK for: @astrojs/markdown-remark@7.1.1 want: ^11.0.0
2051 silly placeDep ROOT remark-rehype@11.1.2 OK for: @astrojs/markdown-remark@7.1.1 want: ^11.1.2
2052 silly placeDep ROOT remark-smartypants@3.0.2 OK for: @astrojs/markdown-remark@7.1.1 want: ^3.0.2
2053 silly placeDep ROOT retext-smartypants@6.2.0 OK for: @astrojs/markdown-remark@7.1.1 want: ^6.2.0
2054 silly placeDep ROOT unified@11.0.5 OK for: @astrojs/markdown-remark@7.1.1 want: ^11.0.5
2055 silly placeDep ROOT unist-util-remove-position@5.0.0 OK for: @astrojs/markdown-remark@7.1.1 want: ^5.0.0
2056 silly placeDep ROOT unist-util-visit-parents@6.0.2 OK for: @astrojs/markdown-remark@7.1.1 want: ^6.0.2
2057 silly fetch manifest prismjs@^1.30.0
2058 silly packumentCache full:https://registry.npmjs.org/prismjs cache-miss
2059 silly fetch manifest devlop@^1.1.0
2060 silly packumentCache full:https://registry.npmjs.org/devlop cache-miss
2061 silly fetch manifest hast-util-from-parse5@^8.0.0
2062 silly packumentCache full:https://registry.npmjs.org/hast-util-from-parse5 cache-miss
2063 silly fetch manifest parse5@^7.0.0
2064 silly packumentCache full:https://registry.npmjs.org/parse5 cache-miss
2065 silly fetch manifest hast-util-is-element@^3.0.0
2066 silly packumentCache full:https://registry.npmjs.org/hast-util-is-element cache-miss
2067 silly fetch manifest unist-util-find-after@^5.0.0
2068 silly packumentCache full:https://registry.npmjs.org/unist-util-find-after cache-miss
2069 silly fetch manifest hast-util-raw@^9.0.0
2070 silly packumentCache full:https://registry.npmjs.org/hast-util-raw cache-miss
2071 silly fetch manifest hast-util-to-html@^9.0.0
2072 silly packumentCache full:https://registry.npmjs.org/hast-util-to-html cache-miss
2073 silly fetch manifest mdast-util-gfm@^3.0.0
2074 silly packumentCache full:https://registry.npmjs.org/mdast-util-gfm cache-miss
2075 silly fetch manifest micromark-extension-gfm@^3.0.0
2076 silly packumentCache full:https://registry.npmjs.org/micromark-extension-gfm cache-miss
2077 silly fetch manifest remark-stringify@^11.0.0
2078 silly packumentCache full:https://registry.npmjs.org/remark-stringify cache-miss
2079 http cache https://registry.npmjs.org/devlop 43ms (cache hit)
2080 silly packumentCache full:https://registry.npmjs.org/devlop set size:16868 disposed:false
2081 silly fetch manifest mdast-util-from-markdown@^2.0.0
2082 silly packumentCache full:https://registry.npmjs.org/mdast-util-from-markdown cache-miss
2083 http fetch GET 200 https://registry.npmjs.org/unist-util-find-after 66ms (cache miss)
2084 silly packumentCache full:https://registry.npmjs.org/unist-util-find-after set size:undefined disposed:false
2085 silly fetch manifest micromark-util-types@^2.0.0
2086 silly packumentCache full:https://registry.npmjs.org/micromark-util-types cache-miss
2087 http fetch GET 200 https://registry.npmjs.org/hast-util-is-element 70ms (cache miss)
2088 silly packumentCache full:https://registry.npmjs.org/hast-util-is-element set size:undefined disposed:false
2089 silly fetch manifest retext@^9.0.0
2090 silly packumentCache full:https://registry.npmjs.org/retext cache-miss
2091 http fetch GET 200 https://registry.npmjs.org/hast-util-from-parse5 89ms (cache miss)
2092 silly packumentCache full:https://registry.npmjs.org/hast-util-from-parse5 set size:undefined disposed:false
2093 silly fetch manifest retext-smartypants@^6.0.0
2094 silly packumentCache full:https://registry.npmjs.org/retext-smartypants cache-miss
2095 http fetch GET 200 https://registry.npmjs.org/prismjs 97ms (cache miss)
2096 silly packumentCache full:https://registry.npmjs.org/prismjs set size:undefined disposed:false
2097 silly fetch manifest unified@^11.0.4
2098 silly packumentCache full:https://registry.npmjs.org/unified cache-hit
2099 silly fetch manifest @types/nlcst@^2.0.0
2100 silly packumentCache full:https://registry.npmjs.org/@types%2fnlcst cache-miss
2101 http fetch GET 200 https://registry.npmjs.org/mdast-util-gfm 90ms (cache miss)
2102 silly packumentCache full:https://registry.npmjs.org/mdast-util-gfm set size:undefined disposed:false
2103 silly fetch manifest nlcst-to-string@^4.0.0
2104 silly packumentCache full:https://registry.npmjs.org/nlcst-to-string cache-miss
2105 http fetch GET 200 https://registry.npmjs.org/micromark-extension-gfm 98ms (cache miss)
2106 silly packumentCache full:https://registry.npmjs.org/micromark-extension-gfm set size:undefined disposed:false
2107 silly fetch manifest bail@^2.0.0
2108 silly packumentCache full:https://registry.npmjs.org/bail cache-miss
2109 http fetch GET 200 https://registry.npmjs.org/hast-util-raw 103ms (cache miss)
2110 silly packumentCache full:https://registry.npmjs.org/hast-util-raw set size:undefined disposed:false
2111 silly fetch manifest extend@^3.0.0
2112 silly packumentCache full:https://registry.npmjs.org/extend cache-miss
2113 http fetch GET 200 https://registry.npmjs.org/parse5 115ms (cache miss)
2114 silly packumentCache full:https://registry.npmjs.org/parse5 set size:undefined disposed:false
2115 silly fetch manifest is-plain-obj@^4.0.0
2116 silly packumentCache full:https://registry.npmjs.org/is-plain-obj cache-miss
2117 http fetch GET 200 https://registry.npmjs.org/hast-util-to-html 118ms (cache miss)
2118 silly packumentCache full:https://registry.npmjs.org/hast-util-to-html set size:undefined disposed:false
2119 silly fetch manifest trough@^2.0.0
2120 silly packumentCache full:https://registry.npmjs.org/trough cache-miss
2121 http cache https://registry.npmjs.org/retext-smartypants 46ms (cache hit)
2122 silly packumentCache full:https://registry.npmjs.org/retext-smartypants set size:84409 disposed:false
2123 http fetch GET 200 https://registry.npmjs.org/micromark-util-types 75ms (cache miss)
2124 silly packumentCache full:https://registry.npmjs.org/micromark-util-types set size:undefined disposed:false
2125 http fetch GET 200 https://registry.npmjs.org/@types%2fnlcst 50ms (cache miss)
2126 silly packumentCache full:https://registry.npmjs.org/@types%2fnlcst set size:undefined disposed:false
2127 http fetch GET 200 https://registry.npmjs.org/nlcst-to-string 47ms (cache miss)
2128 silly packumentCache full:https://registry.npmjs.org/nlcst-to-string set size:undefined disposed:false
2129 http fetch GET 200 https://registry.npmjs.org/mdast-util-from-markdown 107ms (cache miss)
2130 silly packumentCache full:https://registry.npmjs.org/mdast-util-from-markdown set size:undefined disposed:false
2131 http fetch GET 200 https://registry.npmjs.org/retext 79ms (cache miss)
2132 silly packumentCache full:https://registry.npmjs.org/retext set size:undefined disposed:false
2133 http fetch GET 200 https://registry.npmjs.org/is-plain-obj 43ms (cache miss)
2134 silly packumentCache full:https://registry.npmjs.org/is-plain-obj set size:undefined disposed:false
2135 http fetch GET 200 https://registry.npmjs.org/trough 34ms (cache miss)
2136 silly packumentCache full:https://registry.npmjs.org/trough set size:undefined disposed:false
2137 http fetch GET 200 https://registry.npmjs.org/remark-stringify 252ms (cache miss)
2138 silly packumentCache full:https://registry.npmjs.org/remark-stringify set size:undefined disposed:false
2139 http fetch GET 200 https://registry.npmjs.org/extend 236ms (cache miss)
2140 silly packumentCache full:https://registry.npmjs.org/extend set size:undefined disposed:false
2141 http fetch GET 200 https://registry.npmjs.org/bail 684ms (cache miss)
2142 silly packumentCache full:https://registry.npmjs.org/bail set size:undefined disposed:false
2143 silly placeDep ROOT prismjs@1.30.0 OK for: @astrojs/prism@4.0.1 want: ^1.30.0
2144 silly placeDep ROOT dlv@1.1.3 OK for: @astrojs/telemetry@3.3.1 want: ^1.1.3
2145 silly placeDep ROOT is-docker@4.0.0 OK for: @astrojs/telemetry@3.3.1 want: ^4.0.0
2146 silly placeDep ROOT is-wsl@3.1.1 OK for: @astrojs/telemetry@3.3.1 want: ^3.1.1
2147 silly placeDep ROOT which-pm-runs@1.1.0 OK for: @astrojs/telemetry@3.3.1 want: ^1.1.0
2148 silly fetch manifest is-inside-container@^1.0.0
2149 silly packumentCache full:https://registry.npmjs.org/is-inside-container cache-miss
2150 http fetch GET 200 https://registry.npmjs.org/is-inside-container 23ms (cache miss)
2151 silly packumentCache full:https://registry.npmjs.org/is-inside-container set size:undefined disposed:false
2152 silly placeDep ROOT fontkitten@1.0.3 OK for: @capsizecss/unpack@4.0.0 want: ^1.0.0
2153 silly fetch manifest tiny-inflate@^1.0.3
2154 silly packumentCache full:https://registry.npmjs.org/tiny-inflate cache-miss
2155 http fetch GET 200 https://registry.npmjs.org/tiny-inflate 26ms (cache miss)
2156 silly packumentCache full:https://registry.npmjs.org/tiny-inflate set size:undefined disposed:false
2157 silly placeDep ROOT @clack/core@1.3.0 OK for: @clack/prompts@1.3.0 want: 1.3.0
2158 silly placeDep ROOT fast-string-width@3.0.2 OK for: @clack/prompts@1.3.0 want: ^3.0.2
2159 silly placeDep ROOT fast-wrap-ansi@0.2.0 OK for: @clack/prompts@1.3.0 want: ^0.2.0
2160 silly placeDep ROOT sisteransi@1.0.5 OK for: @clack/prompts@1.3.0 want: ^1.0.5
2161 silly fetch manifest fast-string-truncated-width@^3.0.2
2162 silly packumentCache full:https://registry.npmjs.org/fast-string-truncated-width cache-miss
2163 http fetch GET 200 https://registry.npmjs.org/fast-string-truncated-width 22ms (cache miss)
2164 silly packumentCache full:https://registry.npmjs.org/fast-string-truncated-width set size:undefined disposed:false
2165 silly placeDep ROOT @types/estree@1.0.8 OK for: @rollup/pluginutils@5.3.0 want: ^1.0.0
2166 silly placeDep ROOT estree-walker@2.0.2 OK for: @rollup/pluginutils@5.3.0 want: ^2.0.2
2167 silly placeDep ROOT caniuse-lite@1.0.30001791 OK for: autoprefixer@10.5.0 want: ^1.0.30001787
2168 silly placeDep ROOT fraction.js@5.3.4 OK for: autoprefixer@10.5.0 want: ^5.3.4
2169 silly placeDep ROOT postcss-value-parser@4.2.0 OK for: autoprefixer@10.5.0 want: ^4.2.0
2170 silly placeDep ROOT follow-redirects@1.16.0 OK for: axios@1.16.0 want: ^1.16.0
2171 silly placeDep ROOT form-data@4.0.5 OK for: axios@1.16.0 want: ^4.0.5
2172 silly placeDep ROOT proxy-from-env@2.1.0 OK for: axios@1.16.0 want: ^2.1.0
2173 silly fetch manifest asynckit@^0.4.0
2174 silly packumentCache full:https://registry.npmjs.org/asynckit cache-miss
2175 silly fetch manifest combined-stream@^1.0.8
2176 silly packumentCache full:https://registry.npmjs.org/combined-stream cache-miss
2177 silly fetch manifest es-set-tostringtag@^2.1.0
2178 silly packumentCache full:https://registry.npmjs.org/es-set-tostringtag cache-miss
2179 silly fetch manifest hasown@^2.0.2
2180 silly packumentCache full:https://registry.npmjs.org/hasown cache-miss
2181 silly fetch manifest mime-types@^2.1.12
2182 silly packumentCache full:https://registry.npmjs.org/mime-types cache-miss
2183 http fetch GET 200 https://registry.npmjs.org/es-set-tostringtag 33ms (cache miss)
2184 silly packumentCache full:https://registry.npmjs.org/es-set-tostringtag set size:undefined disposed:false
2185 http fetch GET 200 https://registry.npmjs.org/asynckit 37ms (cache miss)
2186 silly packumentCache full:https://registry.npmjs.org/asynckit set size:undefined disposed:false
2187 http fetch GET 200 https://registry.npmjs.org/combined-stream 38ms (cache miss)
2188 silly packumentCache full:https://registry.npmjs.org/combined-stream set size:undefined disposed:false
2189 http fetch GET 200 https://registry.npmjs.org/hasown 40ms (cache miss)
2190 silly packumentCache full:https://registry.npmjs.org/hasown set size:undefined disposed:false
2191 http fetch GET 200 https://registry.npmjs.org/mime-types 41ms (cache miss)
2192 silly packumentCache full:https://registry.npmjs.org/mime-types set size:undefined disposed:false
2193 silly placeDep ROOT baseline-browser-mapping@2.10.25 OK for: browserslist@4.28.2 want: ^2.10.12
2194 silly placeDep ROOT electron-to-chromium@1.5.349 OK for: browserslist@4.28.2 want: ^1.5.328
2195 silly placeDep ROOT node-releases@2.0.38 OK for: browserslist@4.28.2 want: ^2.0.36
2196 silly placeDep ROOT update-browserslist-db@1.2.3 OK for: browserslist@4.28.2 want: ^1.2.3
2197 silly fetch manifest escalade@^3.2.0
2198 silly packumentCache full:https://registry.npmjs.org/escalade cache-miss
2199 http fetch GET 200 https://registry.npmjs.org/escalade 24ms (cache miss)
2200 silly packumentCache full:https://registry.npmjs.org/escalade set size:undefined disposed:false
2201 silly placeDep ROOT tiny-invariant@1.3.3 OK for: css-box-model@1.2.1 want: ^1.0.6
2202 silly placeDep ROOT ms@2.1.3 OK for: debug@4.4.3 want: ^2.1.3
2203 silly placeDep ROOT embla-carousel@8.6.0 OK for: embla-carousel-react@8.6.0 want: 8.6.0
2204 silly placeDep ROOT embla-carousel-reactive-utils@8.6.0 OK for: embla-carousel-react@8.6.0 want: 8.6.0
2205 silly placeDep ROOT @esbuild/aix-ppc64@0.27.7 OK for: esbuild@0.27.7 want: 0.27.7
2206 silly placeDep ROOT @esbuild/android-arm@0.27.7 OK for: esbuild@0.27.7 want: 0.27.7
2207 silly placeDep ROOT @esbuild/android-arm64@0.27.7 OK for: esbuild@0.27.7 want: 0.27.7
2208 silly placeDep ROOT @esbuild/android-x64@0.27.7 OK for: esbuild@0.27.7 want: 0.27.7
2209 silly placeDep ROOT @esbuild/darwin-arm64@0.27.7 OK for: esbuild@0.27.7 want: 0.27.7
2210 silly placeDep ROOT @esbuild/darwin-x64@0.27.7 OK for: esbuild@0.27.7 want: 0.27.7
2211 silly placeDep ROOT @esbuild/freebsd-arm64@0.27.7 OK for: esbuild@0.27.7 want: 0.27.7
2212 silly placeDep ROOT @esbuild/freebsd-x64@0.27.7 OK for: esbuild@0.27.7 want: 0.27.7
2213 silly placeDep ROOT @esbuild/linux-arm@0.27.7 OK for: esbuild@0.27.7 want: 0.27.7
2214 silly placeDep ROOT @esbuild/linux-arm64@0.27.7 OK for: esbuild@0.27.7 want: 0.27.7
2215 silly placeDep ROOT @esbuild/linux-ia32@0.27.7 OK for: esbuild@0.27.7 want: 0.27.7
2216 silly placeDep ROOT @esbuild/linux-loong64@0.27.7 OK for: esbuild@0.27.7 want: 0.27.7
2217 silly placeDep ROOT @esbuild/linux-mips64el@0.27.7 OK for: esbuild@0.27.7 want: 0.27.7
2218 silly placeDep ROOT @esbuild/linux-ppc64@0.27.7 OK for: esbuild@0.27.7 want: 0.27.7
2219 silly placeDep ROOT @esbuild/linux-riscv64@0.27.7 OK for: esbuild@0.27.7 want: 0.27.7
2220 silly placeDep ROOT @esbuild/linux-s390x@0.27.7 OK for: esbuild@0.27.7 want: 0.27.7
2221 silly placeDep ROOT @esbuild/linux-x64@0.27.7 OK for: esbuild@0.27.7 want: 0.27.7
2222 silly placeDep ROOT @esbuild/netbsd-arm64@0.27.7 OK for: esbuild@0.27.7 want: 0.27.7
2223 silly placeDep ROOT @esbuild/netbsd-x64@0.27.7 OK for: esbuild@0.27.7 want: 0.27.7
2224 silly placeDep ROOT @esbuild/openbsd-arm64@0.27.7 OK for: esbuild@0.27.7 want: 0.27.7
2225 silly placeDep ROOT @esbuild/openbsd-x64@0.27.7 OK for: esbuild@0.27.7 want: 0.27.7
2226 silly placeDep ROOT @esbuild/openharmony-arm64@0.27.7 OK for: esbuild@0.27.7 want: 0.27.7
2227 silly placeDep ROOT @esbuild/sunos-x64@0.27.7 OK for: esbuild@0.27.7 want: 0.27.7
2228 silly placeDep ROOT @esbuild/win32-arm64@0.27.7 OK for: esbuild@0.27.7 want: 0.27.7
2229 silly placeDep ROOT @esbuild/win32-ia32@0.27.7 OK for: esbuild@0.27.7 want: 0.27.7
2230 silly placeDep ROOT @esbuild/win32-x64@0.27.7 OK for: esbuild@0.27.7 want: 0.27.7
2231 silly placeDep ROOT fast-string-truncated-width@3.0.3 OK for: fast-string-width@3.0.2 want: ^3.0.2
2232 silly placeDep ROOT tiny-inflate@1.0.3 OK for: fontkitten@1.0.3 want: ^1.0.3
2233 silly placeDep ROOT asynckit@0.4.0 OK for: form-data@4.0.5 want: ^0.4.0
2234 silly placeDep ROOT combined-stream@1.0.8 OK for: form-data@4.0.5 want: ^1.0.8
2235 silly placeDep ROOT es-set-tostringtag@2.1.0 OK for: form-data@4.0.5 want: ^2.1.0
2236 silly placeDep ROOT hasown@2.0.3 OK for: form-data@4.0.5 want: ^2.0.2
2237 silly placeDep ROOT mime-types@2.1.35 OK for: form-data@4.0.5 want: ^2.1.12
2238 silly fetch manifest delayed-stream@~1.0.0
2239 silly packumentCache full:https://registry.npmjs.org/delayed-stream cache-miss
2240 silly fetch manifest es-errors@^1.3.0
2241 silly packumentCache full:https://registry.npmjs.org/es-errors cache-miss
2242 silly fetch manifest get-intrinsic@^1.2.6
2243 silly packumentCache full:https://registry.npmjs.org/get-intrinsic cache-miss
2244 silly fetch manifest has-tostringtag@^1.0.2
2245 silly packumentCache full:https://registry.npmjs.org/has-tostringtag cache-miss
2246 silly fetch manifest function-bind@^1.1.2
2247 silly packumentCache full:https://registry.npmjs.org/function-bind cache-miss
2248 silly fetch manifest mime-db@1.52.0
2249 silly packumentCache full:https://registry.npmjs.org/mime-db cache-miss
2250 http fetch GET 200 https://registry.npmjs.org/es-errors 33ms (cache miss)
2251 silly packumentCache full:https://registry.npmjs.org/es-errors set size:undefined disposed:false
2252 http fetch GET 200 https://registry.npmjs.org/delayed-stream 42ms (cache miss)
2253 silly packumentCache full:https://registry.npmjs.org/delayed-stream set size:undefined disposed:false
2254 http fetch GET 200 https://registry.npmjs.org/has-tostringtag 41ms (cache miss)
2255 silly packumentCache full:https://registry.npmjs.org/has-tostringtag set size:undefined disposed:false
2256 http fetch GET 200 https://registry.npmjs.org/function-bind 41ms (cache miss)
2257 silly packumentCache full:https://registry.npmjs.org/function-bind set size:undefined disposed:false
2258 http fetch GET 200 https://registry.npmjs.org/get-intrinsic 44ms (cache miss)
2259 silly packumentCache full:https://registry.npmjs.org/get-intrinsic set size:undefined disposed:false
2260 http fetch GET 200 https://registry.npmjs.org/mime-db 45ms (cache miss)
2261 silly packumentCache full:https://registry.npmjs.org/mime-db set size:undefined disposed:false
2262 silly placeDep ROOT delayed-stream@1.0.0 OK for: combined-stream@1.0.8 want: ~1.0.0
2263 silly placeDep ROOT es-errors@1.3.0 OK for: es-set-tostringtag@2.1.0 want: ^1.3.0
2264 silly placeDep ROOT get-intrinsic@1.3.0 OK for: es-set-tostringtag@2.1.0 want: ^1.2.6
2265 silly placeDep ROOT has-tostringtag@1.0.2 OK for: es-set-tostringtag@2.1.0 want: ^1.0.2
2266 silly fetch manifest gopd@^1.2.0
2267 silly packumentCache full:https://registry.npmjs.org/gopd cache-miss
2268 silly fetch manifest get-proto@^1.0.1
2269 silly packumentCache full:https://registry.npmjs.org/get-proto cache-miss
2270 silly fetch manifest has-symbols@^1.1.0
2271 silly packumentCache full:https://registry.npmjs.org/has-symbols cache-miss
2272 silly fetch manifest es-object-atoms@^1.1.1
2273 silly packumentCache full:https://registry.npmjs.org/es-object-atoms cache-miss
2274 silly fetch manifest math-intrinsics@^1.1.0
2275 silly packumentCache full:https://registry.npmjs.org/math-intrinsics cache-miss
2276 silly fetch manifest es-define-property@^1.0.1
2277 silly packumentCache full:https://registry.npmjs.org/es-define-property cache-miss
2278 silly fetch manifest call-bind-apply-helpers@^1.0.2
2279 silly packumentCache full:https://registry.npmjs.org/call-bind-apply-helpers cache-miss
2280 silly fetch manifest has-symbols@^1.0.3
2281 silly packumentCache full:https://registry.npmjs.org/has-symbols cache-miss
2282 http fetch GET 200 https://registry.npmjs.org/es-object-atoms 39ms (cache miss)
2283 silly packumentCache full:https://registry.npmjs.org/es-object-atoms set size:undefined disposed:false
2284 http fetch GET 200 https://registry.npmjs.org/math-intrinsics 39ms (cache miss)
2285 silly packumentCache full:https://registry.npmjs.org/math-intrinsics set size:undefined disposed:false
2286 http fetch GET 200 https://registry.npmjs.org/gopd 44ms (cache miss)
2287 silly packumentCache full:https://registry.npmjs.org/gopd set size:undefined disposed:false
2288 http fetch GET 200 https://registry.npmjs.org/call-bind-apply-helpers 41ms (cache miss)
2289 silly packumentCache full:https://registry.npmjs.org/call-bind-apply-helpers set size:undefined disposed:false
2290 http fetch GET 200 https://registry.npmjs.org/get-proto 49ms (cache miss)
2291 silly packumentCache full:https://registry.npmjs.org/get-proto set size:undefined disposed:false
2292 http fetch GET 200 https://registry.npmjs.org/es-define-property 45ms (cache miss)
2293 silly packumentCache full:https://registry.npmjs.org/es-define-property set size:undefined disposed:false
2294 http fetch GET 200 https://registry.npmjs.org/has-symbols 49ms (cache miss)
2295 silly packumentCache full:https://registry.npmjs.org/has-symbols set size:undefined disposed:false
2296 http fetch GET 200 https://registry.npmjs.org/has-symbols 46ms (cache miss)
2297 silly packumentCache full:https://registry.npmjs.org/has-symbols set size:undefined disposed:false
2298 silly placeDep ROOT motion-dom@12.38.0 OK for: framer-motion@12.38.0 want: ^12.38.0
2299 silly placeDep ROOT motion-utils@12.36.0 OK for: framer-motion@12.38.0 want: ^12.36.0
2300 silly placeDep ROOT call-bind-apply-helpers@1.0.2 OK for: get-intrinsic@1.3.0 want: ^1.0.2
2301 silly placeDep ROOT es-define-property@1.0.1 OK for: get-intrinsic@1.3.0 want: ^1.0.1
2302 silly placeDep ROOT es-object-atoms@1.1.1 OK for: get-intrinsic@1.3.0 want: ^1.1.1
2303 silly placeDep ROOT function-bind@1.1.2 OK for: get-intrinsic@1.3.0 want: ^1.1.2
2304 silly placeDep ROOT get-proto@1.0.1 OK for: get-intrinsic@1.3.0 want: ^1.0.1
2305 silly placeDep ROOT gopd@1.2.0 OK for: get-intrinsic@1.3.0 want: ^1.2.0
2306 silly placeDep ROOT has-symbols@1.1.0 OK for: get-intrinsic@1.3.0 want: ^1.1.0
2307 silly placeDep ROOT math-intrinsics@1.1.0 OK for: get-intrinsic@1.3.0 want: ^1.1.0
2308 silly fetch manifest dunder-proto@^1.0.1
2309 silly packumentCache full:https://registry.npmjs.org/dunder-proto cache-miss
2310 http fetch GET 200 https://registry.npmjs.org/dunder-proto 22ms (cache miss)
2311 silly packumentCache full:https://registry.npmjs.org/dunder-proto set size:undefined disposed:false
2312 silly placeDep ROOT dunder-proto@1.0.1 OK for: get-proto@1.0.1 want: ^1.0.1
2313 silly placeDep ROOT @types/hast@3.0.4 OK for: hast-util-from-html@2.0.3 want: ^3.0.0
2314 silly placeDep ROOT devlop@1.1.0 OK for: hast-util-from-html@2.0.3 want: ^1.1.0
2315 silly placeDep ROOT hast-util-from-parse5@8.0.3 OK for: hast-util-from-html@2.0.3 want: ^8.0.0
2316 silly placeDep ROOT parse5@7.3.0 OK for: hast-util-from-html@2.0.3 want: ^7.0.0
2317 silly placeDep ROOT vfile-message@4.0.3 OK for: hast-util-from-html@2.0.3 want: ^4.0.0
2318 silly fetch manifest @types/unist@*
2319 silly packumentCache full:https://registry.npmjs.org/@types%2funist cache-miss
2320 silly fetch manifest dequal@^2.0.0
2321 silly packumentCache full:https://registry.npmjs.org/dequal cache-miss
2322 silly fetch manifest hastscript@^9.0.0
2323 silly packumentCache full:https://registry.npmjs.org/hastscript cache-miss
2324 silly fetch manifest property-information@^7.0.0
2325 silly packumentCache full:https://registry.npmjs.org/property-information cache-miss
2326 silly fetch manifest vfile-location@^5.0.0
2327 silly packumentCache full:https://registry.npmjs.org/vfile-location cache-miss
2328 silly fetch manifest web-namespaces@^2.0.0
2329 silly packumentCache full:https://registry.npmjs.org/web-namespaces cache-miss
2330 silly fetch manifest entities@^6.0.0
2331 silly packumentCache full:https://registry.npmjs.org/entities cache-miss
2332 silly fetch manifest unist-util-stringify-position@^4.0.0
2333 silly packumentCache full:https://registry.npmjs.org/unist-util-stringify-position cache-miss
2334 http cache https://registry.npmjs.org/@types%2funist 15ms (cache hit)
2335 silly packumentCache full:https://registry.npmjs.org/@types%2funist set size:39215 disposed:false
2336 http fetch GET 200 https://registry.npmjs.org/dequal 49ms (cache miss)
2337 silly packumentCache full:https://registry.npmjs.org/dequal set size:undefined disposed:false
2338 http fetch GET 200 https://registry.npmjs.org/web-namespaces 47ms (cache miss)
2339 silly packumentCache full:https://registry.npmjs.org/web-namespaces set size:undefined disposed:false
2340 http fetch GET 200 https://registry.npmjs.org/unist-util-stringify-position 48ms (cache miss)
2341 silly packumentCache full:https://registry.npmjs.org/unist-util-stringify-position set size:undefined disposed:false
2342 http fetch GET 200 https://registry.npmjs.org/hastscript 56ms (cache miss)
2343 silly packumentCache full:https://registry.npmjs.org/hastscript set size:undefined disposed:false
2344 http fetch GET 200 https://registry.npmjs.org/vfile-location 55ms (cache miss)
2345 silly packumentCache full:https://registry.npmjs.org/vfile-location set size:undefined disposed:false
2346 http fetch GET 200 https://registry.npmjs.org/entities 66ms (cache miss)
2347 silly packumentCache full:https://registry.npmjs.org/entities set size:undefined disposed:false
2348 http fetch GET 200 https://registry.npmjs.org/property-information 73ms (cache miss)
2349 silly packumentCache full:https://registry.npmjs.org/property-information set size:undefined disposed:false
2350 silly placeDep ROOT @types/unist@3.0.3 OK for: @types/hast@3.0.4 want: *
2351 silly placeDep ROOT dequal@2.0.3 OK for: devlop@1.1.0 want: ^2.0.0
2352 silly placeDep ROOT hastscript@9.0.1 OK for: hast-util-from-parse5@8.0.3 want: ^9.0.0
2353 silly placeDep ROOT property-information@7.1.0 OK for: hast-util-from-parse5@8.0.3 want: ^7.0.0
2354 silly placeDep ROOT vfile-location@5.0.3 OK for: hast-util-from-parse5@8.0.3 want: ^5.0.0
2355 silly placeDep ROOT web-namespaces@2.0.1 OK for: hast-util-from-parse5@8.0.3 want: ^2.0.0
2356 silly fetch manifest comma-separated-tokens@^2.0.0
2357 silly packumentCache full:https://registry.npmjs.org/comma-separated-tokens cache-miss
2358 silly fetch manifest hast-util-parse-selector@^4.0.0
2359 silly packumentCache full:https://registry.npmjs.org/hast-util-parse-selector cache-miss
2360 silly fetch manifest space-separated-tokens@^2.0.0
2361 silly packumentCache full:https://registry.npmjs.org/space-separated-tokens cache-miss
2362 http fetch GET 200 https://registry.npmjs.org/hast-util-parse-selector 27ms (cache miss)
2363 silly packumentCache full:https://registry.npmjs.org/hast-util-parse-selector set size:undefined disposed:false
2364 http fetch GET 200 https://registry.npmjs.org/comma-separated-tokens 29ms (cache miss)
2365 silly packumentCache full:https://registry.npmjs.org/comma-separated-tokens set size:undefined disposed:false
2366 http fetch GET 200 https://registry.npmjs.org/space-separated-tokens 29ms (cache miss)
2367 silly packumentCache full:https://registry.npmjs.org/space-separated-tokens set size:undefined disposed:false
2368 silly placeDep ROOT hast-util-is-element@3.0.0 OK for: hast-util-to-text@4.0.2 want: ^3.0.0
2369 silly placeDep ROOT unist-util-find-after@5.0.0 OK for: hast-util-to-text@4.0.2 want: ^5.0.0
2370 silly placeDep ROOT comma-separated-tokens@2.0.3 OK for: hastscript@9.0.1 want: ^2.0.0
2371 silly placeDep ROOT hast-util-parse-selector@4.0.0 OK for: hastscript@9.0.1 want: ^4.0.0
2372 silly placeDep ROOT space-separated-tokens@2.0.2 OK for: hastscript@9.0.1 want: ^2.0.0
2373 silly placeDep ROOT css-line-break@2.1.0 OK for: html2canvas@1.4.1 want: ^2.1.0
2374 silly placeDep ROOT text-segmentation@1.0.3 OK for: html2canvas@1.4.1 want: ^1.0.3
2375 silly fetch manifest utrie@^1.0.2
2376 silly packumentCache full:https://registry.npmjs.org/utrie cache-miss
2377 silly fetch manifest utrie@^1.0.2
2378 silly packumentCache full:https://registry.npmjs.org/utrie cache-miss
2379 http fetch GET 200 https://registry.npmjs.org/utrie 23ms (cache miss)
2380 silly packumentCache full:https://registry.npmjs.org/utrie set size:undefined disposed:false
2381 http fetch GET 200 https://registry.npmjs.org/utrie 25ms (cache miss)
2382 silly packumentCache full:https://registry.npmjs.org/utrie set size:undefined disposed:false
2383 silly placeDep ROOT utrie@1.0.2 OK for: css-line-break@2.1.0 want: ^1.0.2
2384 silly fetch manifest base64-arraybuffer@^1.0.2
2385 silly packumentCache full:https://registry.npmjs.org/base64-arraybuffer cache-miss
2386 http fetch GET 200 https://registry.npmjs.org/base64-arraybuffer 33ms (cache miss)
2387 silly packumentCache full:https://registry.npmjs.org/base64-arraybuffer set size:undefined disposed:false
2388 silly placeDep ROOT is-inside-container@1.0.0 OK for: is-wsl@3.1.1 want: ^1.0.0
2389 silly fetch manifest is-docker@^3.0.0
2390 silly packumentCache full:https://registry.npmjs.org/is-docker cache-miss
2391 http cache https://registry.npmjs.org/is-docker 5ms (cache hit)
2392 silly packumentCache full:https://registry.npmjs.org/is-docker set size:23690 disposed:false
2393 silly placeDep node_modules/is-inside-container is-docker@3.0.0 OK for: is-inside-container@1.0.0 want: ^3.0.0
2394 silly placeDep ROOT argparse@2.0.1 OK for: js-yaml@4.1.1 want: ^2.0.1
2395 silly placeDep ROOT canvg@3.0.11 OK for: jspdf@4.2.1 want: ^3.0.11
2396 silly placeDep ROOT core-js@3.49.0 OK for: jspdf@4.2.1 want: ^3.6.0
2397 silly placeDep ROOT dompurify@3.4.2 OK for: jspdf@4.2.1 want: ^3.3.1
2398 silly placeDep ROOT fast-png@6.4.0 OK for: jspdf@4.2.1 want: ^6.2.0
2399 silly placeDep ROOT fflate@0.8.2 OK for: jspdf@4.2.1 want: ^0.8.1
2400 silly fetch manifest raf@^3.4.1
2401 silly packumentCache full:https://registry.npmjs.org/raf cache-miss
2402 silly fetch manifest core-js@^3.8.3
2403 silly packumentCache full:https://registry.npmjs.org/core-js cache-miss
2404 silly fetch manifest rgbcolor@^1.0.1
2405 silly packumentCache full:https://registry.npmjs.org/rgbcolor cache-miss
2406 silly fetch manifest @types/raf@^3.4.0
2407 silly packumentCache full:https://registry.npmjs.org/@types%2fraf cache-miss
2408 silly fetch manifest svg-pathdata@^6.0.3
2409 silly packumentCache full:https://registry.npmjs.org/svg-pathdata cache-miss
2410 silly fetch manifest stackblur-canvas@^2.0.0
2411 silly packumentCache full:https://registry.npmjs.org/stackblur-canvas cache-miss
2412 silly fetch manifest regenerator-runtime@^0.13.7
2413 silly packumentCache full:https://registry.npmjs.org/regenerator-runtime cache-miss
2414 silly fetch manifest @types/trusted-types@^2.0.7
2415 silly packumentCache full:https://registry.npmjs.org/@types%2ftrusted-types cache-miss
2416 silly fetch manifest pako@^2.1.0
2417 silly packumentCache full:https://registry.npmjs.org/pako cache-miss
2418 silly fetch manifest iobuffer@^5.3.2
2419 silly packumentCache full:https://registry.npmjs.org/iobuffer cache-miss
2420 silly fetch manifest @types/pako@^2.0.3
2421 silly packumentCache full:https://registry.npmjs.org/@types%2fpako cache-miss
2422 http cache https://registry.npmjs.org/core-js 23ms (cache hit)
2423 silly packumentCache full:https://registry.npmjs.org/core-js set size:814557 disposed:false
2424 http fetch GET 200 https://registry.npmjs.org/raf 46ms (cache miss)
2425 silly packumentCache full:https://registry.npmjs.org/raf set size:undefined disposed:false
2426 http fetch GET 200 https://registry.npmjs.org/stackblur-canvas 46ms (cache miss)
2427 silly packumentCache full:https://registry.npmjs.org/stackblur-canvas set size:undefined disposed:false
2428 http fetch GET 200 https://registry.npmjs.org/@types%2ftrusted-types 47ms (cache miss)
2429 silly packumentCache full:https://registry.npmjs.org/@types%2ftrusted-types set size:undefined disposed:false
2430 http fetch GET 200 https://registry.npmjs.org/@types%2fpako 49ms (cache miss)
2431 silly packumentCache full:https://registry.npmjs.org/@types%2fpako set size:undefined disposed:false
2432 http fetch GET 200 https://registry.npmjs.org/iobuffer 229ms (cache miss)
2433 silly packumentCache full:https://registry.npmjs.org/iobuffer set size:undefined disposed:false
2434 http fetch GET 200 https://registry.npmjs.org/pako 242ms (cache miss)
2435 silly packumentCache full:https://registry.npmjs.org/pako set size:undefined disposed:false
2436 http fetch GET 200 https://registry.npmjs.org/regenerator-runtime 245ms (cache miss)
2437 silly packumentCache full:https://registry.npmjs.org/regenerator-runtime set size:undefined disposed:false
2438 http fetch GET 200 https://registry.npmjs.org/rgbcolor 256ms (cache miss)
2439 silly packumentCache full:https://registry.npmjs.org/rgbcolor set size:undefined disposed:false
2440 http fetch GET 200 https://registry.npmjs.org/@types%2fraf 260ms (cache miss)
2441 silly packumentCache full:https://registry.npmjs.org/@types%2fraf set size:undefined disposed:false
2442 http fetch GET 200 https://registry.npmjs.org/svg-pathdata 261ms (cache miss)
2443 silly packumentCache full:https://registry.npmjs.org/svg-pathdata set size:undefined disposed:false
2444 silly placeDep ROOT @types/raf@3.4.3 OK for: canvg@3.0.11 want: ^3.4.0
2445 silly placeDep ROOT raf@3.4.1 OK for: canvg@3.0.11 want: ^3.4.1
2446 silly placeDep ROOT regenerator-runtime@0.13.11 OK for: canvg@3.0.11 want: ^0.13.7
2447 silly placeDep ROOT rgbcolor@1.0.1 OK for: canvg@3.0.11 want: ^1.0.1
2448 silly placeDep ROOT stackblur-canvas@2.7.0 OK for: canvg@3.0.11 want: ^2.0.0
2449 silly placeDep ROOT svg-pathdata@6.0.3 OK for: canvg@3.0.11 want: ^6.0.3
2450 silly fetch manifest performance-now@^2.1.0
2451 silly packumentCache full:https://registry.npmjs.org/performance-now cache-miss
2452 http fetch GET 200 https://registry.npmjs.org/performance-now 26ms (cache miss)
2453 silly packumentCache full:https://registry.npmjs.org/performance-now set size:undefined disposed:false
2454 silly placeDep ROOT @types/trusted-types@2.0.7 OK for: dompurify@3.4.2 want: ^2.0.7
2455 silly placeDep ROOT @types/pako@2.0.4 OK for: fast-png@6.4.0 want: ^2.0.3
2456 silly placeDep ROOT iobuffer@5.4.0 OK for: fast-png@6.4.0 want: ^5.3.2
2457 silly placeDep ROOT pako@2.1.0 OK for: fast-png@6.4.0 want: ^2.1.0
2458 silly placeDep ROOT yallist@3.1.1 OK for: lru-cache@5.1.1 want: ^3.0.2
2459 silly placeDep ROOT source-map-js@1.2.1 OK for: magicast@0.5.2 want: ^1.2.1
2460 silly placeDep ROOT @types/mdast@4.0.4 OK for: mdast-util-definitions@6.0.0 want: ^4.0.0
2461 silly placeDep ROOT mime-db@1.52.0 OK for: mime-types@2.1.35 want: 1.52.0
2462 silly placeDep ROOT yocto-queue@1.2.2 OK for: p-limit@7.3.0 want: ^1.2.1
2463 silly placeDep ROOT eventemitter3@5.0.4 OK for: p-queue@9.2.0 want: ^5.0.4
2464 silly placeDep ROOT p-timeout@7.0.1 OK for: p-queue@9.2.0 want: ^7.0.0
2465 silly placeDep ROOT entities@6.0.1 OK for: parse5@7.3.0 want: ^6.0.0
2466 silly placeDep ROOT nanoid@3.3.12 OK for: postcss@8.5.13 want: ^3.3.11
2467 silly placeDep ROOT lilconfig@3.1.3 OK for: postcss-load-config@4.0.2 want: ^3.0.0
2468 silly placeDep ROOT yaml@2.8.4 OK for: postcss-load-config@4.0.2 want: ^2.3.4
2469 silly placeDep ROOT loose-envify@1.4.0 OK for: prop-types@15.8.1 want: ^1.4.0
2470 silly placeDep ROOT object-assign@4.1.1 OK for: prop-types@15.8.1 want: ^4.1.1
2471 silly placeDep ROOT react-is@16.13.1 OK for: prop-types@15.8.1 want: ^16.13.1
2472 silly placeDep ROOT performance-now@2.1.0 OK for: raf@3.4.1 want: ^2.1.0
2473 silly placeDep ROOT @date-fns/tz@1.4.1 OK for: react-day-picker@9.14.0 want: ^1.4.1
2474 silly placeDep ROOT @tabby_ai/hijri-converter@1.0.5 OK for: react-day-picker@9.14.0 want: 1.0.5
2475 silly placeDep ROOT date-fns-jalali@4.1.0-0 OK for: react-day-picker@9.14.0 want: 4.1.0-0
2476 silly placeDep ROOT scheduler@0.27.0 OK for: react-dom@19.2.5 want: ^0.27.0
2477 silly placeDep ROOT csstype@3.2.3 OK for: react-hot-toast@2.6.0 want: ^3.1.3
2478 silly placeDep node_modules/react-hot-toast goober@2.1.18 OK for: react-hot-toast@2.6.0 want: ^2.1.16
2479 silly placeDep ROOT @react-leaflet/core@3.0.0 OK for: react-leaflet@5.0.0 want: ^3.0.0
2480 silly placeDep ROOT hast-util-to-jsx-runtime@2.3.6 OK for: react-markdown@10.1.0 want: ^2.0.0
2481 silly placeDep ROOT html-url-attributes@3.0.1 OK for: react-markdown@10.1.0 want: ^3.0.0
2482 silly placeDep ROOT mdast-util-to-hast@13.2.1 OK for: react-markdown@10.1.0 want: ^13.0.0
2483 silly fetch manifest estree-util-is-identifier-name@^3.0.0
2484 silly packumentCache full:https://registry.npmjs.org/estree-util-is-identifier-name cache-miss
2485 silly fetch manifest hast-util-whitespace@^3.0.0
2486 silly packumentCache full:https://registry.npmjs.org/hast-util-whitespace cache-miss
2487 silly fetch manifest mdast-util-mdx-expression@^2.0.0
2488 silly packumentCache full:https://registry.npmjs.org/mdast-util-mdx-expression cache-miss
2489 silly fetch manifest mdast-util-mdx-jsx@^3.0.0
2490 silly packumentCache full:https://registry.npmjs.org/mdast-util-mdx-jsx cache-miss
2491 silly fetch manifest mdast-util-mdxjs-esm@^2.0.0
2492 silly packumentCache full:https://registry.npmjs.org/mdast-util-mdxjs-esm cache-miss
2493 silly fetch manifest style-to-js@^1.0.0
2494 silly packumentCache full:https://registry.npmjs.org/style-to-js cache-miss
2495 silly fetch manifest unist-util-position@^5.0.0
2496 silly packumentCache full:https://registry.npmjs.org/unist-util-position cache-miss
2497 silly fetch manifest @ungap/structured-clone@^1.0.0
2498 silly packumentCache full:https://registry.npmjs.org/@ungap%2fstructured-clone cache-miss
2499 silly fetch manifest micromark-util-sanitize-uri@^2.0.0
2500 silly packumentCache full:https://registry.npmjs.org/micromark-util-sanitize-uri cache-miss
2501 silly fetch manifest trim-lines@^3.0.0
2502 silly packumentCache full:https://registry.npmjs.org/trim-lines cache-miss
2503 silly fetch manifest unist-util-position@^5.0.0
2504 silly packumentCache full:https://registry.npmjs.org/unist-util-position cache-miss
2505 http fetch GET 200 https://registry.npmjs.org/mdast-util-mdx-expression 36ms (cache miss)
2506 silly packumentCache full:https://registry.npmjs.org/mdast-util-mdx-expression set size:undefined disposed:false
2507 http fetch GET 200 https://registry.npmjs.org/micromark-util-sanitize-uri 41ms (cache miss)
2508 silly packumentCache full:https://registry.npmjs.org/micromark-util-sanitize-uri set size:undefined disposed:false
2509 http fetch GET 200 https://registry.npmjs.org/unist-util-position 43ms (cache miss)
2510 silly packumentCache full:https://registry.npmjs.org/unist-util-position set size:undefined disposed:false
2511 http fetch GET 200 https://registry.npmjs.org/unist-util-position 44ms (cache miss)
2512 silly packumentCache full:https://registry.npmjs.org/unist-util-position set size:undefined disposed:false
2513 http fetch GET 200 https://registry.npmjs.org/hast-util-whitespace 241ms (cache miss)
2514 silly packumentCache full:https://registry.npmjs.org/hast-util-whitespace set size:undefined disposed:false
2515 http fetch GET 200 https://registry.npmjs.org/mdast-util-mdxjs-esm 243ms (cache miss)
2516 silly packumentCache full:https://registry.npmjs.org/mdast-util-mdxjs-esm set size:undefined disposed:false
2517 http fetch GET 200 https://registry.npmjs.org/style-to-js 245ms (cache miss)
2518 silly packumentCache full:https://registry.npmjs.org/style-to-js set size:undefined disposed:false
2519 http fetch GET 200 https://registry.npmjs.org/mdast-util-mdx-jsx 255ms (cache miss)
2520 silly packumentCache full:https://registry.npmjs.org/mdast-util-mdx-jsx set size:undefined disposed:false
2521 http fetch GET 200 https://registry.npmjs.org/estree-util-is-identifier-name 259ms (cache miss)
2522 silly packumentCache full:https://registry.npmjs.org/estree-util-is-identifier-name set size:undefined disposed:false
2523 http fetch GET 200 https://registry.npmjs.org/trim-lines 259ms (cache miss)
2524 silly packumentCache full:https://registry.npmjs.org/trim-lines set size:undefined disposed:false
2525 http fetch GET 200 https://registry.npmjs.org/@ungap%2fstructured-clone 302ms (cache miss)
2526 silly packumentCache full:https://registry.npmjs.org/@ungap%2fstructured-clone set size:undefined disposed:false
2527 silly placeDep ROOT estree-util-is-identifier-name@3.0.0 OK for: hast-util-to-jsx-runtime@2.3.6 want: ^3.0.0
2528 silly placeDep ROOT hast-util-whitespace@3.0.0 OK for: hast-util-to-jsx-runtime@2.3.6 want: ^3.0.0
2529 silly placeDep ROOT mdast-util-mdx-expression@2.0.1 OK for: hast-util-to-jsx-runtime@2.3.6 want: ^2.0.0
2530 silly placeDep ROOT mdast-util-mdx-jsx@3.2.0 OK for: hast-util-to-jsx-runtime@2.3.6 want: ^3.0.0
2531 silly placeDep ROOT mdast-util-mdxjs-esm@2.0.1 OK for: hast-util-to-jsx-runtime@2.3.6 want: ^2.0.0
2532 silly placeDep ROOT style-to-js@1.1.21 OK for: hast-util-to-jsx-runtime@2.3.6 want: ^1.0.0
2533 silly placeDep ROOT unist-util-position@5.0.0 OK for: hast-util-to-jsx-runtime@2.3.6 want: ^5.0.0
2534 silly fetch manifest @types/estree-jsx@^1.0.0
2535 silly packumentCache full:https://registry.npmjs.org/@types%2festree-jsx cache-miss
2536 silly fetch manifest mdast-util-to-markdown@^2.0.0
2537 silly packumentCache full:https://registry.npmjs.org/mdast-util-to-markdown cache-miss
2538 silly fetch manifest @types/estree-jsx@^1.0.0
2539 silly packumentCache full:https://registry.npmjs.org/@types%2festree-jsx cache-miss
2540 silly fetch manifest ccount@^2.0.0
2541 silly packumentCache full:https://registry.npmjs.org/ccount cache-miss
2542 silly fetch manifest mdast-util-to-markdown@^2.0.0
2543 silly packumentCache full:https://registry.npmjs.org/mdast-util-to-markdown cache-miss
2544 silly fetch manifest parse-entities@^4.0.0
2545 silly packumentCache full:https://registry.npmjs.org/parse-entities cache-miss
2546 silly fetch manifest stringify-entities@^4.0.0
2547 silly packumentCache full:https://registry.npmjs.org/stringify-entities cache-miss
2548 silly fetch manifest @types/estree-jsx@^1.0.0
2549 silly packumentCache full:https://registry.npmjs.org/@types%2festree-jsx cache-miss
2550 silly fetch manifest mdast-util-to-markdown@^2.0.0
2551 silly packumentCache full:https://registry.npmjs.org/mdast-util-to-markdown cache-miss
2552 silly fetch manifest style-to-object@1.0.14
2553 silly packumentCache full:https://registry.npmjs.org/style-to-object cache-miss
2554 http fetch GET 200 https://registry.npmjs.org/ccount 32ms (cache miss)
2555 silly packumentCache full:https://registry.npmjs.org/ccount set size:undefined disposed:false
2556 http fetch GET 200 https://registry.npmjs.org/mdast-util-to-markdown 43ms (cache miss)
2557 silly packumentCache full:https://registry.npmjs.org/mdast-util-to-markdown set size:undefined disposed:false
2558 http fetch GET 200 https://registry.npmjs.org/mdast-util-to-markdown 46ms (cache miss)
2559 silly packumentCache full:https://registry.npmjs.org/mdast-util-to-markdown set size:undefined disposed:false
2560 http fetch GET 200 https://registry.npmjs.org/style-to-object 46ms (cache miss)
2561 silly packumentCache full:https://registry.npmjs.org/style-to-object set size:undefined disposed:false
2562 http fetch GET 200 https://registry.npmjs.org/mdast-util-to-markdown 50ms (cache miss)
2563 silly packumentCache full:https://registry.npmjs.org/mdast-util-to-markdown set size:undefined disposed:false
2564 http fetch GET 200 https://registry.npmjs.org/stringify-entities 243ms (cache miss)
2565 silly packumentCache full:https://registry.npmjs.org/stringify-entities set size:undefined disposed:false
2566 http fetch GET 200 https://registry.npmjs.org/parse-entities 258ms (cache miss)
2567 silly packumentCache full:https://registry.npmjs.org/parse-entities set size:undefined disposed:false
2568 http fetch GET 200 https://registry.npmjs.org/@types%2festree-jsx 457ms (cache miss)
2569 silly packumentCache full:https://registry.npmjs.org/@types%2festree-jsx set size:undefined disposed:false
2570 http fetch GET 200 https://registry.npmjs.org/@types%2festree-jsx 455ms (cache miss)
2571 silly packumentCache full:https://registry.npmjs.org/@types%2festree-jsx set size:undefined disposed:false
2572 http fetch GET 200 https://registry.npmjs.org/@types%2festree-jsx 458ms (cache miss)
2573 silly packumentCache full:https://registry.npmjs.org/@types%2festree-jsx set size:undefined disposed:false
2574 silly placeDep ROOT @types/estree-jsx@1.0.5 OK for: mdast-util-mdx-expression@2.0.1 want: ^1.0.0
2575 silly placeDep ROOT mdast-util-from-markdown@2.0.3 OK for: mdast-util-mdx-expression@2.0.1 want: ^2.0.0
2576 silly placeDep ROOT mdast-util-to-markdown@2.1.2 OK for: mdast-util-mdx-expression@2.0.1 want: ^2.0.0
2577 silly fetch manifest decode-named-character-reference@^1.0.0
2578 silly packumentCache full:https://registry.npmjs.org/decode-named-character-reference cache-miss
2579 silly fetch manifest mdast-util-to-string@^4.0.0
2580 silly packumentCache full:https://registry.npmjs.org/mdast-util-to-string cache-miss
2581 silly fetch manifest micromark@^4.0.0
2582 silly packumentCache full:https://registry.npmjs.org/micromark cache-miss
2583 silly fetch manifest micromark-util-decode-numeric-character-reference@^2.0.0
2584 silly packumentCache full:https://registry.npmjs.org/micromark-util-decode-numeric-character-reference cache-miss
2585 silly fetch manifest micromark-util-decode-string@^2.0.0
2586 silly packumentCache full:https://registry.npmjs.org/micromark-util-decode-string cache-miss
2587 silly fetch manifest micromark-util-normalize-identifier@^2.0.0
2588 silly packumentCache full:https://registry.npmjs.org/micromark-util-normalize-identifier cache-miss
2589 silly fetch manifest micromark-util-symbol@^2.0.0
2590 silly packumentCache full:https://registry.npmjs.org/micromark-util-symbol cache-miss
2591 silly fetch manifest longest-streak@^3.0.0
2592 silly packumentCache full:https://registry.npmjs.org/longest-streak cache-miss
2593 silly fetch manifest mdast-util-phrasing@^4.0.0
2594 silly packumentCache full:https://registry.npmjs.org/mdast-util-phrasing cache-miss
2595 silly fetch manifest mdast-util-to-string@^4.0.0
2596 silly packumentCache full:https://registry.npmjs.org/mdast-util-to-string cache-miss
2597 silly fetch manifest micromark-util-classify-character@^2.0.0
2598 silly packumentCache full:https://registry.npmjs.org/micromark-util-classify-character cache-miss
2599 http fetch GET 200 https://registry.npmjs.org/decode-named-character-reference 52ms (cache miss)
2600 silly packumentCache full:https://registry.npmjs.org/decode-named-character-reference set size:undefined disposed:false
2601 silly fetch manifest micromark-util-decode-string@^2.0.0
2602 silly packumentCache full:https://registry.npmjs.org/micromark-util-decode-string cache-miss
2603 http fetch GET 200 https://registry.npmjs.org/longest-streak 56ms (cache miss)
2604 silly packumentCache full:https://registry.npmjs.org/longest-streak set size:undefined disposed:false
2605 silly fetch manifest zwitch@^2.0.0
2606 silly packumentCache full:https://registry.npmjs.org/zwitch cache-miss
2607 http fetch GET 200 https://registry.npmjs.org/micromark-util-normalize-identifier 59ms (cache miss)
2608 silly packumentCache full:https://registry.npmjs.org/micromark-util-normalize-identifier set size:undefined disposed:false
2609 http fetch GET 200 https://registry.npmjs.org/mdast-util-phrasing 60ms (cache miss)
2610 silly packumentCache full:https://registry.npmjs.org/mdast-util-phrasing set size:undefined disposed:false
2611 http fetch GET 200 https://registry.npmjs.org/micromark-util-classify-character 56ms (cache miss)
2612 silly packumentCache full:https://registry.npmjs.org/micromark-util-classify-character set size:undefined disposed:false
2613 http fetch GET 200 https://registry.npmjs.org/mdast-util-to-string 59ms (cache miss)
2614 silly packumentCache full:https://registry.npmjs.org/mdast-util-to-string set size:undefined disposed:false
2615 http fetch GET 200 https://registry.npmjs.org/mdast-util-to-string 69ms (cache miss)
2616 silly packumentCache full:https://registry.npmjs.org/mdast-util-to-string set size:undefined disposed:false
2617 http fetch GET 200 https://registry.npmjs.org/micromark 70ms (cache miss)
2618 silly packumentCache full:https://registry.npmjs.org/micromark set size:undefined disposed:false
2619 http fetch GET 200 https://registry.npmjs.org/zwitch 32ms (cache miss)
2620 silly packumentCache full:https://registry.npmjs.org/zwitch set size:undefined disposed:false
2621 http fetch GET 200 https://registry.npmjs.org/micromark-util-decode-numeric-character-reference 238ms (cache miss)
2622 silly packumentCache full:https://registry.npmjs.org/micromark-util-decode-numeric-character-reference set size:undefined disposed:false
2623 http fetch GET 200 https://registry.npmjs.org/micromark-util-decode-string 255ms (cache miss)
2624 silly packumentCache full:https://registry.npmjs.org/micromark-util-decode-string set size:undefined disposed:false
2625 http fetch GET 200 https://registry.npmjs.org/micromark-util-symbol 257ms (cache miss)
2626 silly packumentCache full:https://registry.npmjs.org/micromark-util-symbol set size:undefined disposed:false
2627 http fetch GET 200 https://registry.npmjs.org/micromark-util-decode-string 257ms (cache miss)
2628 silly packumentCache full:https://registry.npmjs.org/micromark-util-decode-string set size:undefined disposed:false
2629 silly placeDep ROOT decode-named-character-reference@1.3.0 OK for: mdast-util-from-markdown@2.0.3 want: ^1.0.0
2630 silly placeDep ROOT mdast-util-to-string@4.0.0 OK for: mdast-util-from-markdown@2.0.3 want: ^4.0.0
2631 silly placeDep ROOT micromark@4.0.2 OK for: mdast-util-from-markdown@2.0.3 want: ^4.0.0
2632 silly placeDep ROOT micromark-util-decode-numeric-character-reference@2.0.2 OK for: mdast-util-from-markdown@2.0.3 want: ^2.0.0
2633 silly placeDep ROOT micromark-util-decode-string@2.0.1 OK for: mdast-util-from-markdown@2.0.3 want: ^2.0.0
2634 silly placeDep ROOT micromark-util-normalize-identifier@2.0.1 OK for: mdast-util-from-markdown@2.0.3 want: ^2.0.0
2635 silly placeDep ROOT micromark-util-symbol@2.0.1 OK for: mdast-util-from-markdown@2.0.3 want: ^2.0.0
2636 silly placeDep ROOT micromark-util-types@2.0.2 OK for: mdast-util-from-markdown@2.0.3 want: ^2.0.0
2637 silly placeDep ROOT unist-util-stringify-position@4.0.0 OK for: mdast-util-from-markdown@2.0.3 want: ^4.0.0
2638 silly fetch manifest character-entities@^2.0.0
2639 silly packumentCache full:https://registry.npmjs.org/character-entities cache-miss
2640 silly fetch manifest @types/debug@^4.0.0
2641 silly packumentCache full:https://registry.npmjs.org/@types%2fdebug cache-miss
2642 silly fetch manifest micromark-core-commonmark@^2.0.0
2643 silly packumentCache full:https://registry.npmjs.org/micromark-core-commonmark cache-miss
2644 silly fetch manifest micromark-factory-space@^2.0.0
2645 silly packumentCache full:https://registry.npmjs.org/micromark-factory-space cache-miss
2646 silly fetch manifest micromark-util-character@^2.0.0
2647 silly packumentCache full:https://registry.npmjs.org/micromark-util-character cache-miss
2648 silly fetch manifest micromark-util-chunked@^2.0.0
2649 silly packumentCache full:https://registry.npmjs.org/micromark-util-chunked cache-miss
2650 silly fetch manifest micromark-util-combine-extensions@^2.0.0
2651 silly packumentCache full:https://registry.npmjs.org/micromark-util-combine-extensions cache-miss
2652 silly fetch manifest micromark-util-encode@^2.0.0
2653 silly packumentCache full:https://registry.npmjs.org/micromark-util-encode cache-miss
2654 silly fetch manifest micromark-util-resolve-all@^2.0.0
2655 silly packumentCache full:https://registry.npmjs.org/micromark-util-resolve-all cache-miss
2656 silly fetch manifest micromark-util-subtokenize@^2.0.0
2657 silly packumentCache full:https://registry.npmjs.org/micromark-util-subtokenize cache-miss
2658 silly fetch manifest micromark-util-character@^2.0.0
2659 silly packumentCache full:https://registry.npmjs.org/micromark-util-character cache-miss
2660 http fetch GET 200 https://registry.npmjs.org/character-entities 30ms (cache miss)
2661 silly packumentCache full:https://registry.npmjs.org/character-entities set size:undefined disposed:false
2662 http fetch GET 200 https://registry.npmjs.org/micromark-util-resolve-all 43ms (cache miss)
2663 silly packumentCache full:https://registry.npmjs.org/micromark-util-resolve-all set size:undefined disposed:false
2664 http fetch GET 200 https://registry.npmjs.org/micromark-util-combine-extensions 45ms (cache miss)
2665 silly packumentCache full:https://registry.npmjs.org/micromark-util-combine-extensions set size:undefined disposed:false
2666 http fetch GET 200 https://registry.npmjs.org/@types%2fdebug 49ms (cache miss)
2667 silly packumentCache full:https://registry.npmjs.org/@types%2fdebug set size:undefined disposed:false
2668 http fetch GET 200 https://registry.npmjs.org/micromark-util-character 50ms (cache miss)
2669 silly packumentCache full:https://registry.npmjs.org/micromark-util-character set size:undefined disposed:false
2670 http fetch GET 200 https://registry.npmjs.org/micromark-util-encode 50ms (cache miss)
2671 silly packumentCache full:https://registry.npmjs.org/micromark-util-encode set size:undefined disposed:false
2672 http fetch GET 200 https://registry.npmjs.org/micromark-util-character 47ms (cache miss)
2673 silly packumentCache full:https://registry.npmjs.org/micromark-util-character set size:undefined disposed:false
2674 http fetch GET 200 https://registry.npmjs.org/micromark-core-commonmark 227ms (cache miss)
2675 silly packumentCache full:https://registry.npmjs.org/micromark-core-commonmark set size:undefined disposed:false
2676 http fetch GET 200 https://registry.npmjs.org/micromark-util-chunked 237ms (cache miss)
2677 silly packumentCache full:https://registry.npmjs.org/micromark-util-chunked set size:undefined disposed:false
2678 http fetch GET 200 https://registry.npmjs.org/micromark-factory-space 246ms (cache miss)
2679 silly packumentCache full:https://registry.npmjs.org/micromark-factory-space set size:undefined disposed:false
2680 http fetch GET 200 https://registry.npmjs.org/micromark-util-subtokenize 257ms (cache miss)
2681 silly packumentCache full:https://registry.npmjs.org/micromark-util-subtokenize set size:undefined disposed:false
2682 silly placeDep ROOT character-entities@2.0.2 OK for: decode-named-character-reference@1.3.0 want: ^2.0.0
2683 silly placeDep ROOT ccount@2.0.1 OK for: mdast-util-mdx-jsx@3.2.0 want: ^2.0.0
2684 silly placeDep ROOT parse-entities@4.0.2 OK for: mdast-util-mdx-jsx@3.2.0 want: ^4.0.0
2685 silly placeDep ROOT stringify-entities@4.0.4 OK for: mdast-util-mdx-jsx@3.2.0 want: ^4.0.0
2686 silly fetch manifest @types/unist@^2.0.0
2687 silly packumentCache full:https://registry.npmjs.org/@types%2funist cache-hit
2688 silly fetch manifest character-entities-legacy@^3.0.0
2689 silly packumentCache full:https://registry.npmjs.org/character-entities-legacy cache-miss
2690 silly fetch manifest character-reference-invalid@^2.0.0
2691 silly packumentCache full:https://registry.npmjs.org/character-reference-invalid cache-miss
2692 silly fetch manifest is-alphanumerical@^2.0.0
2693 silly packumentCache full:https://registry.npmjs.org/is-alphanumerical cache-miss
2694 silly fetch manifest is-decimal@^2.0.0
2695 silly packumentCache full:https://registry.npmjs.org/is-decimal cache-miss
2696 silly fetch manifest is-hexadecimal@^2.0.0
2697 silly packumentCache full:https://registry.npmjs.org/is-hexadecimal cache-miss
2698 silly fetch manifest character-entities-html4@^2.0.0
2699 silly packumentCache full:https://registry.npmjs.org/character-entities-html4 cache-miss
2700 silly fetch manifest character-entities-legacy@^3.0.0
2701 silly packumentCache full:https://registry.npmjs.org/character-entities-legacy cache-miss
2702 http fetch GET 200 https://registry.npmjs.org/character-entities-html4 35ms (cache miss)
2703 silly packumentCache full:https://registry.npmjs.org/character-entities-html4 set size:undefined disposed:false
2704 http fetch GET 200 https://registry.npmjs.org/character-entities-legacy 36ms (cache miss)
2705 silly packumentCache full:https://registry.npmjs.org/character-entities-legacy set size:undefined disposed:false
2706 http fetch GET 200 https://registry.npmjs.org/character-entities-legacy 41ms (cache miss)
2707 silly packumentCache full:https://registry.npmjs.org/character-entities-legacy set size:undefined disposed:false
2708 http fetch GET 200 https://registry.npmjs.org/is-hexadecimal 40ms (cache miss)
2709 silly packumentCache full:https://registry.npmjs.org/is-hexadecimal set size:undefined disposed:false
2710 http fetch GET 200 https://registry.npmjs.org/character-reference-invalid 43ms (cache miss)
2711 silly packumentCache full:https://registry.npmjs.org/character-reference-invalid set size:undefined disposed:false
2712 http fetch GET 200 https://registry.npmjs.org/is-alphanumerical 224ms (cache miss)
2713 silly packumentCache full:https://registry.npmjs.org/is-alphanumerical set size:undefined disposed:false
2714 http fetch GET 200 https://registry.npmjs.org/is-decimal 252ms (cache miss)
2715 silly packumentCache full:https://registry.npmjs.org/is-decimal set size:undefined disposed:false
2716 silly placeDep ROOT @ungap/structured-clone@1.3.0 OK for: mdast-util-to-hast@13.2.1 want: ^1.0.0
2717 silly placeDep ROOT micromark-util-sanitize-uri@2.0.1 OK for: mdast-util-to-hast@13.2.1 want: ^2.0.0
2718 silly placeDep ROOT trim-lines@3.0.1 OK for: mdast-util-to-hast@13.2.1 want: ^3.0.0
2719 silly placeDep ROOT longest-streak@3.1.0 OK for: mdast-util-to-markdown@2.1.2 want: ^3.0.0
2720 silly placeDep ROOT mdast-util-phrasing@4.1.0 OK for: mdast-util-to-markdown@2.1.2 want: ^4.0.0
2721 silly placeDep ROOT micromark-util-classify-character@2.0.1 OK for: mdast-util-to-markdown@2.1.2 want: ^2.0.0
2722 silly placeDep ROOT zwitch@2.0.4 OK for: mdast-util-to-markdown@2.1.2 want: ^2.0.0
2723 silly placeDep ROOT unist-util-is@6.0.1 OK for: mdast-util-phrasing@4.1.0 want: ^6.0.0
2724 silly placeDep ROOT @types/debug@4.1.13 OK for: micromark@4.0.2 want: ^4.0.0
2725 silly placeDep ROOT micromark-core-commonmark@2.0.3 OK for: micromark@4.0.2 want: ^2.0.0
2726 silly placeDep ROOT micromark-factory-space@2.0.1 OK for: micromark@4.0.2 want: ^2.0.0
2727 silly placeDep ROOT micromark-util-character@2.1.1 OK for: micromark@4.0.2 want: ^2.0.0
2728 silly placeDep ROOT micromark-util-chunked@2.0.1 OK for: micromark@4.0.2 want: ^2.0.0
2729 silly placeDep ROOT micromark-util-combine-extensions@2.0.1 OK for: micromark@4.0.2 want: ^2.0.0
2730 silly placeDep ROOT micromark-util-encode@2.0.1 OK for: micromark@4.0.2 want: ^2.0.0
2731 silly placeDep ROOT micromark-util-resolve-all@2.0.1 OK for: micromark@4.0.2 want: ^2.0.0
2732 silly placeDep ROOT micromark-util-subtokenize@2.1.0 OK for: micromark@4.0.2 want: ^2.0.0
2733 silly fetch manifest @types/ms@*
2734 silly packumentCache full:https://registry.npmjs.org/@types%2fms cache-miss
2735 silly fetch manifest micromark-factory-destination@^2.0.0
2736 silly packumentCache full:https://registry.npmjs.org/micromark-factory-destination cache-miss
2737 silly fetch manifest micromark-factory-label@^2.0.0
2738 silly packumentCache full:https://registry.npmjs.org/micromark-factory-label cache-miss
2739 silly fetch manifest micromark-factory-title@^2.0.0
2740 silly packumentCache full:https://registry.npmjs.org/micromark-factory-title cache-miss
2741 silly fetch manifest micromark-factory-whitespace@^2.0.0
2742 silly packumentCache full:https://registry.npmjs.org/micromark-factory-whitespace cache-miss
2743 silly fetch manifest micromark-util-html-tag-name@^2.0.0
2744 silly packumentCache full:https://registry.npmjs.org/micromark-util-html-tag-name cache-miss
2745 http fetch GET 200 https://registry.npmjs.org/micromark-factory-destination 26ms (cache miss)
2746 silly packumentCache full:https://registry.npmjs.org/micromark-factory-destination set size:undefined disposed:false
2747 http fetch GET 200 https://registry.npmjs.org/@types%2fms 38ms (cache miss)
2748 silly packumentCache full:https://registry.npmjs.org/@types%2fms set size:undefined disposed:false
2749 http fetch GET 200 https://registry.npmjs.org/micromark-factory-title 239ms (cache miss)
2750 silly packumentCache full:https://registry.npmjs.org/micromark-factory-title set size:undefined disposed:false
2751 http fetch GET 200 https://registry.npmjs.org/micromark-factory-label 264ms (cache miss)
2752 silly packumentCache full:https://registry.npmjs.org/micromark-factory-label set size:undefined disposed:false
2753 http fetch GET 200 https://registry.npmjs.org/micromark-util-html-tag-name 265ms (cache miss)
2754 silly packumentCache full:https://registry.npmjs.org/micromark-util-html-tag-name set size:undefined disposed:false
2755 http fetch GET 200 https://registry.npmjs.org/micromark-factory-whitespace 267ms (cache miss)
2756 silly packumentCache full:https://registry.npmjs.org/micromark-factory-whitespace set size:undefined disposed:false
2757 silly placeDep ROOT @types/ms@2.1.0 OK for: @types/debug@4.1.13 want: *
2758 silly placeDep ROOT micromark-factory-destination@2.0.1 OK for: micromark-core-commonmark@2.0.3 want: ^2.0.0
2759 silly placeDep ROOT micromark-factory-label@2.0.1 OK for: micromark-core-commonmark@2.0.3 want: ^2.0.0
2760 silly placeDep ROOT micromark-factory-title@2.0.1 OK for: micromark-core-commonmark@2.0.3 want: ^2.0.0
2761 silly placeDep ROOT micromark-factory-whitespace@2.0.1 OK for: micromark-core-commonmark@2.0.3 want: ^2.0.0
2762 silly placeDep ROOT micromark-util-html-tag-name@2.0.1 OK for: micromark-core-commonmark@2.0.3 want: ^2.0.0
2763 silly placeDep node_modules/parse-entities @types/unist@2.0.11 OK for: parse-entities@4.0.2 want: ^2.0.0
2764 silly placeDep ROOT character-entities-legacy@3.0.0 OK for: parse-entities@4.0.2 want: ^3.0.0
2765 silly placeDep ROOT character-reference-invalid@2.0.1 OK for: parse-entities@4.0.2 want: ^2.0.0
2766 silly placeDep ROOT is-alphanumerical@2.0.1 OK for: parse-entities@4.0.2 want: ^2.0.0
2767 silly placeDep ROOT is-decimal@2.0.1 OK for: parse-entities@4.0.2 want: ^2.0.0
2768 silly placeDep ROOT is-hexadecimal@2.0.1 OK for: parse-entities@4.0.2 want: ^2.0.0
2769 silly fetch manifest is-alphabetical@^2.0.0
2770 silly packumentCache full:https://registry.npmjs.org/is-alphabetical cache-miss
2771 http fetch GET 200 https://registry.npmjs.org/is-alphabetical 623ms (cache miss)
2772 silly packumentCache full:https://registry.npmjs.org/is-alphabetical set size:undefined disposed:false
2773 silly placeDep ROOT is-alphabetical@2.0.1 OK for: is-alphanumerical@2.0.1 want: ^2.0.0
2774 silly placeDep ROOT @types/quill@1.3.10 OK for: react-quill@2.0.0 want: ^1.3.10
2775 silly placeDep ROOT quill@1.3.7 OK for: react-quill@2.0.0 want: ^1.3.7
2776 silly fetch manifest parchment@^1.1.2
2777 silly packumentCache full:https://registry.npmjs.org/parchment cache-miss
2778 silly fetch manifest clone@^2.1.1
2779 silly packumentCache full:https://registry.npmjs.org/clone cache-miss
2780 silly fetch manifest extend@^3.0.2
2781 silly packumentCache full:https://registry.npmjs.org/extend cache-miss
2782 silly fetch manifest parchment@^1.1.4
2783 silly packumentCache full:https://registry.npmjs.org/parchment cache-miss
2784 silly fetch manifest deep-equal@^1.0.1
2785 silly packumentCache full:https://registry.npmjs.org/deep-equal cache-miss
2786 silly fetch manifest quill-delta@^3.6.2
2787 silly packumentCache full:https://registry.npmjs.org/quill-delta cache-miss
2788 silly fetch manifest eventemitter3@^2.0.3
2789 silly packumentCache full:https://registry.npmjs.org/eventemitter3 cache-hit
2790 http cache https://registry.npmjs.org/extend 12ms (cache hit)
2791 silly packumentCache full:https://registry.npmjs.org/extend set size:25974 disposed:false
2792 http fetch GET 200 https://registry.npmjs.org/clone 36ms (cache miss)
2793 silly packumentCache full:https://registry.npmjs.org/clone set size:undefined disposed:false
2794 http fetch GET 200 https://registry.npmjs.org/parchment 38ms (cache miss)
2795 silly packumentCache full:https://registry.npmjs.org/parchment set size:undefined disposed:false
2796 http fetch GET 200 https://registry.npmjs.org/parchment 47ms (cache miss)
2797 silly packumentCache full:https://registry.npmjs.org/parchment set size:undefined disposed:false
2798 http fetch GET 200 https://registry.npmjs.org/deep-equal 46ms (cache miss)
2799 silly packumentCache full:https://registry.npmjs.org/deep-equal set size:undefined disposed:false
2800 http fetch GET 200 https://registry.npmjs.org/quill-delta 244ms (cache miss)
2801 silly packumentCache full:https://registry.npmjs.org/quill-delta set size:undefined disposed:false
2802 silly placeDep ROOT parchment@1.1.4 OK for: @types/quill@1.3.10 want: ^1.1.2
2803 silly placeDep ROOT clone@2.1.2 OK for: quill@1.3.7 want: ^2.1.1
2804 silly placeDep ROOT deep-equal@1.1.2 OK for: quill@1.3.7 want: ^1.0.1
2805 silly placeDep node_modules/quill eventemitter3@2.0.3 OK for: quill@1.3.7 want: ^2.0.3
2806 silly placeDep ROOT extend@3.0.2 OK for: quill@1.3.7 want: ^3.0.2
2807 silly placeDep ROOT quill-delta@3.6.3 OK for: quill@1.3.7 want: ^3.6.2
2808 silly fetch manifest is-arguments@^1.1.1
2809 silly packumentCache full:https://registry.npmjs.org/is-arguments cache-miss
2810 silly fetch manifest is-date-object@^1.0.5
2811 silly packumentCache full:https://registry.npmjs.org/is-date-object cache-miss
2812 silly fetch manifest is-regex@^1.1.4
2813 silly packumentCache full:https://registry.npmjs.org/is-regex cache-miss
2814 silly fetch manifest object-is@^1.1.5
2815 silly packumentCache full:https://registry.npmjs.org/object-is cache-miss
2816 silly fetch manifest object-keys@^1.1.1
2817 silly packumentCache full:https://registry.npmjs.org/object-keys cache-miss
2818 silly fetch manifest regexp.prototype.flags@^1.5.1
2819 silly packumentCache full:https://registry.npmjs.org/regexp.prototype.flags cache-miss
2820 silly fetch manifest fast-diff@1.1.2
2821 silly packumentCache full:https://registry.npmjs.org/fast-diff cache-miss
2822 http fetch GET 200 https://registry.npmjs.org/is-arguments 28ms (cache miss)
2823 silly packumentCache full:https://registry.npmjs.org/is-arguments set size:undefined disposed:false
2824 http fetch GET 200 https://registry.npmjs.org/fast-diff 28ms (cache miss)
2825 silly packumentCache full:https://registry.npmjs.org/fast-diff set size:undefined disposed:false
2826 http fetch GET 200 https://registry.npmjs.org/is-regex 238ms (cache miss)
2827 silly packumentCache full:https://registry.npmjs.org/is-regex set size:undefined disposed:false
2828 http fetch GET 200 https://registry.npmjs.org/object-is 249ms (cache miss)
2829 silly packumentCache full:https://registry.npmjs.org/object-is set size:undefined disposed:false
2830 http fetch GET 200 https://registry.npmjs.org/regexp.prototype.flags 251ms (cache miss)
2831 silly packumentCache full:https://registry.npmjs.org/regexp.prototype.flags set size:undefined disposed:false
2832 http fetch GET 200 https://registry.npmjs.org/is-date-object 255ms (cache miss)
2833 silly packumentCache full:https://registry.npmjs.org/is-date-object set size:undefined disposed:false
2834 http fetch GET 200 https://registry.npmjs.org/object-keys 256ms (cache miss)
2835 silly packumentCache full:https://registry.npmjs.org/object-keys set size:undefined disposed:false
2836 silly placeDep ROOT is-arguments@1.2.0 OK for: deep-equal@1.1.2 want: ^1.1.1
2837 silly placeDep ROOT is-date-object@1.1.0 OK for: deep-equal@1.1.2 want: ^1.0.5
2838 silly placeDep ROOT is-regex@1.2.1 OK for: deep-equal@1.1.2 want: ^1.1.4
2839 silly placeDep ROOT object-is@1.1.6 OK for: deep-equal@1.1.2 want: ^1.1.5
2840 silly placeDep ROOT object-keys@1.1.1 OK for: deep-equal@1.1.2 want: ^1.1.1
2841 silly placeDep ROOT regexp.prototype.flags@1.5.4 OK for: deep-equal@1.1.2 want: ^1.5.1
2842 silly fetch manifest call-bound@^1.0.2
2843 silly packumentCache full:https://registry.npmjs.org/call-bound cache-miss
2844 silly fetch manifest call-bound@^1.0.2
2845 silly packumentCache full:https://registry.npmjs.org/call-bound cache-miss
2846 silly fetch manifest call-bound@^1.0.2
2847 silly packumentCache full:https://registry.npmjs.org/call-bound cache-miss
2848 silly fetch manifest call-bind@^1.0.7
2849 silly packumentCache full:https://registry.npmjs.org/call-bind cache-miss
2850 silly fetch manifest define-properties@^1.2.1
2851 silly packumentCache full:https://registry.npmjs.org/define-properties cache-miss
2852 silly fetch manifest call-bind@^1.0.8
2853 silly packumentCache full:https://registry.npmjs.org/call-bind cache-miss
2854 silly fetch manifest define-properties@^1.2.1
2855 silly packumentCache full:https://registry.npmjs.org/define-properties cache-miss
2856 silly fetch manifest set-function-name@^2.0.2
2857 silly packumentCache full:https://registry.npmjs.org/set-function-name cache-miss
2858 http fetch GET 200 https://registry.npmjs.org/call-bound 51ms (cache miss)
2859 silly packumentCache full:https://registry.npmjs.org/call-bound set size:undefined disposed:false
2860 http fetch GET 200 https://registry.npmjs.org/call-bound 54ms (cache miss)
2861 silly packumentCache full:https://registry.npmjs.org/call-bound set size:undefined disposed:false
2862 http fetch GET 200 https://registry.npmjs.org/call-bound 57ms (cache miss)
2863 silly packumentCache full:https://registry.npmjs.org/call-bound set size:undefined disposed:false
2864 http fetch GET 200 https://registry.npmjs.org/define-properties 57ms (cache miss)
2865 silly packumentCache full:https://registry.npmjs.org/define-properties set size:undefined disposed:false
2866 http fetch GET 200 https://registry.npmjs.org/set-function-name 58ms (cache miss)
2867 silly packumentCache full:https://registry.npmjs.org/set-function-name set size:undefined disposed:false
2868 http fetch GET 200 https://registry.npmjs.org/define-properties 60ms (cache miss)
2869 silly packumentCache full:https://registry.npmjs.org/define-properties set size:undefined disposed:false
2870 http fetch GET 200 https://registry.npmjs.org/call-bind 245ms (cache miss)
2871 silly packumentCache full:https://registry.npmjs.org/call-bind set size:undefined disposed:false
2872 http fetch GET 200 https://registry.npmjs.org/call-bind 247ms (cache miss)
2873 silly packumentCache full:https://registry.npmjs.org/call-bind set size:undefined disposed:false
2874 silly placeDep ROOT call-bound@1.0.4 OK for: is-arguments@1.2.0 want: ^1.0.2
2875 silly placeDep ROOT call-bind@1.0.9 OK for: object-is@1.1.6 want: ^1.0.7
2876 silly placeDep ROOT define-properties@1.2.1 OK for: object-is@1.1.6 want: ^1.2.1
2877 silly fetch manifest set-function-length@^1.2.2
2878 silly packumentCache full:https://registry.npmjs.org/set-function-length cache-miss
2879 silly fetch manifest define-data-property@^1.0.1
2880 silly packumentCache full:https://registry.npmjs.org/define-data-property cache-miss
2881 silly fetch manifest has-property-descriptors@^1.0.0
2882 silly packumentCache full:https://registry.npmjs.org/has-property-descriptors cache-miss
2883 http fetch GET 200 https://registry.npmjs.org/set-function-length 25ms (cache miss)
2884 silly packumentCache full:https://registry.npmjs.org/set-function-length set size:undefined disposed:false
2885 http fetch GET 200 https://registry.npmjs.org/has-property-descriptors 26ms (cache miss)
2886 silly packumentCache full:https://registry.npmjs.org/has-property-descriptors set size:undefined disposed:false
2887 http fetch GET 200 https://registry.npmjs.org/define-data-property 228ms (cache miss)
2888 silly packumentCache full:https://registry.npmjs.org/define-data-property set size:undefined disposed:false
2889 silly placeDep ROOT set-function-length@1.2.2 OK for: call-bind@1.0.9 want: ^1.2.2
2890 silly fetch manifest define-data-property@^1.1.4
2891 silly packumentCache full:https://registry.npmjs.org/define-data-property cache-miss
2892 silly fetch manifest has-property-descriptors@^1.0.2
2893 silly packumentCache full:https://registry.npmjs.org/has-property-descriptors cache-miss
2894 http cache https://registry.npmjs.org/define-data-property 4ms (cache hit)
2895 silly packumentCache full:https://registry.npmjs.org/define-data-property set size:28048 disposed:false
2896 http cache https://registry.npmjs.org/has-property-descriptors 5ms (cache hit)
2897 silly packumentCache full:https://registry.npmjs.org/has-property-descriptors set size:12452 disposed:false
2898 silly placeDep ROOT define-data-property@1.1.4 OK for: define-properties@1.2.1 want: ^1.0.1
2899 silly placeDep ROOT has-property-descriptors@1.0.2 OK for: define-properties@1.2.1 want: ^1.0.0
2900 silly placeDep ROOT fast-diff@1.1.2 OK for: quill-delta@3.6.3 want: 1.1.2
2901 silly placeDep ROOT @types/use-sync-external-store@0.0.6 OK for: react-redux@9.2.0 want: ^0.0.6
2902 silly placeDep ROOT react-remove-scroll-bar@2.3.8 OK for: react-remove-scroll@2.7.2 want: ^2.3.7
2903 silly placeDep ROOT react-style-singleton@2.2.3 OK for: react-remove-scroll@2.7.2 want: ^2.2.3
2904 silly placeDep ROOT use-callback-ref@1.3.3 OK for: react-remove-scroll@2.7.2 want: ^1.3.3
2905 silly placeDep ROOT use-sidecar@1.1.3 OK for: react-remove-scroll@2.7.2 want: ^1.1.3
2906 silly fetch manifest react-style-singleton@^2.2.2
2907 silly packumentCache full:https://registry.npmjs.org/react-style-singleton cache-miss
2908 silly fetch manifest get-nonce@^1.0.0
2909 silly packumentCache full:https://registry.npmjs.org/get-nonce cache-miss
2910 silly fetch manifest detect-node-es@^1.1.0
2911 silly packumentCache full:https://registry.npmjs.org/detect-node-es cache-miss
2912 http cache https://registry.npmjs.org/react-style-singleton 6ms (cache hit)
2913 silly packumentCache full:https://registry.npmjs.org/react-style-singleton set size:33682 disposed:false
2914 http fetch GET 200 https://registry.npmjs.org/detect-node-es 23ms (cache miss)
2915 silly packumentCache full:https://registry.npmjs.org/detect-node-es set size:undefined disposed:false
2916 http fetch GET 200 https://registry.npmjs.org/get-nonce 24ms (cache miss)
2917 silly packumentCache full:https://registry.npmjs.org/get-nonce set size:undefined disposed:false
2918 silly placeDep ROOT react-router@7.14.2 OK for: react-router-dom@7.14.2 want: 7.14.2
2919 silly fetch manifest set-cookie-parser@^2.6.0
2920 silly packumentCache full:https://registry.npmjs.org/set-cookie-parser cache-miss
2921 http fetch GET 200 https://registry.npmjs.org/set-cookie-parser 252ms (cache miss)
2922 silly packumentCache full:https://registry.npmjs.org/set-cookie-parser set size:undefined disposed:false
2923 silly placeDep ROOT set-cookie-parser@2.7.2 OK for: react-router@7.14.2 want: ^2.6.0
2924 silly placeDep ROOT get-nonce@1.0.1 OK for: react-style-singleton@2.2.3 want: ^1.0.0
2925 silly placeDep ROOT @reduxjs/toolkit@2.11.2 OK for: recharts@3.8.1 want: ^1.9.0 || 2.x.x
2926 silly placeDep ROOT decimal.js-light@2.5.1 OK for: recharts@3.8.1 want: ^2.5.1
2927 silly placeDep ROOT es-toolkit@1.46.1 OK for: recharts@3.8.1 want: ^1.39.3
2928 silly placeDep ROOT immer@10.2.0 OK for: recharts@3.8.1 want: ^10.1.1
2929 silly placeDep ROOT reselect@5.1.1 OK for: recharts@3.8.1 want: 5.1.1
2930 silly placeDep ROOT victory-vendor@37.3.6 OK for: recharts@3.8.1 want: ^37.0.2
2931 silly fetch manifest @standard-schema/spec@^1.0.0
2932 silly packumentCache full:https://registry.npmjs.org/@standard-schema%2fspec cache-miss
2933 silly fetch manifest immer@^11.0.0
2934 silly packumentCache full:https://registry.npmjs.org/immer cache-miss
2935 silly fetch manifest redux-thunk@^3.1.0
2936 silly packumentCache full:https://registry.npmjs.org/redux-thunk cache-miss
2937 silly fetch manifest reselect@^5.1.0
2938 silly packumentCache full:https://registry.npmjs.org/reselect cache-miss
2939 silly fetch manifest d3-ease@^3.0.1
2940 silly packumentCache full:https://registry.npmjs.org/d3-ease cache-miss
2941 silly fetch manifest d3-time@^3.0.0
2942 silly packumentCache full:https://registry.npmjs.org/d3-time cache-miss
2943 silly fetch manifest d3-array@^3.1.6
2944 silly packumentCache full:https://registry.npmjs.org/d3-array cache-miss
2945 silly fetch manifest d3-scale@^4.0.2
2946 silly packumentCache full:https://registry.npmjs.org/d3-scale cache-miss
2947 silly fetch manifest d3-shape@^3.1.0
2948 silly packumentCache full:https://registry.npmjs.org/d3-shape cache-miss
2949 silly fetch manifest d3-timer@^3.0.1
2950 silly packumentCache full:https://registry.npmjs.org/d3-timer cache-miss
2951 silly fetch manifest @types/d3-ease@^3.0.0
2952 silly packumentCache full:https://registry.npmjs.org/@types%2fd3-ease cache-miss
2953 http cache https://registry.npmjs.org/reselect 17ms (cache hit)
2954 silly packumentCache full:https://registry.npmjs.org/reselect set size:910470 disposed:false
2955 silly fetch manifest @types/d3-time@^3.0.0
2956 silly packumentCache full:https://registry.npmjs.org/@types%2fd3-time cache-miss
2957 http cache https://registry.npmjs.org/immer 33ms (cache hit)
2958 silly packumentCache full:https://registry.npmjs.org/immer set size:747136 disposed:false
2959 silly fetch manifest d3-interpolate@^3.0.1
2960 silly packumentCache full:https://registry.npmjs.org/d3-interpolate cache-miss
2961 http fetch GET 200 https://registry.npmjs.org/@standard-schema%2fspec 58ms (cache miss)
2962 silly packumentCache full:https://registry.npmjs.org/@standard-schema%2fspec set size:undefined disposed:false
2963 silly fetch manifest @types/d3-array@^3.0.3
2964 silly packumentCache full:https://registry.npmjs.org/@types%2fd3-array cache-miss
2965 http fetch GET 200 https://registry.npmjs.org/d3-time 63ms (cache miss)
2966 silly packumentCache full:https://registry.npmjs.org/d3-time set size:undefined disposed:false
2967 silly fetch manifest @types/d3-scale@^4.0.2
2968 silly packumentCache full:https://registry.npmjs.org/@types%2fd3-scale cache-miss
2969 http fetch GET 200 https://registry.npmjs.org/d3-array 67ms (cache miss)
2970 silly packumentCache full:https://registry.npmjs.org/d3-array set size:undefined disposed:false
2971 silly fetch manifest @types/d3-shape@^3.1.0
2972 silly packumentCache full:https://registry.npmjs.org/@types%2fd3-shape cache-miss
2973 http fetch GET 200 https://registry.npmjs.org/d3-shape 71ms (cache miss)
2974 silly packumentCache full:https://registry.npmjs.org/d3-shape set size:undefined disposed:false
2975 silly fetch manifest @types/d3-timer@^3.0.0
2976 silly packumentCache full:https://registry.npmjs.org/@types%2fd3-timer cache-miss
2977 http fetch GET 200 https://registry.npmjs.org/@types%2fd3-ease 241ms (cache miss)
2978 silly packumentCache full:https://registry.npmjs.org/@types%2fd3-ease set size:undefined disposed:false
2979 silly fetch manifest @types/d3-interpolate@^3.0.1
2980 silly packumentCache full:https://registry.npmjs.org/@types%2fd3-interpolate cache-miss
2981 http fetch GET 200 https://registry.npmjs.org/d3-ease 247ms (cache miss)
2982 silly packumentCache full:https://registry.npmjs.org/d3-ease set size:undefined disposed:false
2983 http fetch GET 200 https://registry.npmjs.org/redux-thunk 254ms (cache miss)
2984 silly packumentCache full:https://registry.npmjs.org/redux-thunk set size:undefined disposed:false
2985 http fetch GET 200 https://registry.npmjs.org/d3-timer 257ms (cache miss)
2986 silly packumentCache full:https://registry.npmjs.org/d3-timer set size:undefined disposed:false
2987 http fetch GET 200 https://registry.npmjs.org/d3-scale 292ms (cache miss)
2988 silly packumentCache full:https://registry.npmjs.org/d3-scale set size:undefined disposed:false
2989 http fetch GET 200 https://registry.npmjs.org/d3-interpolate 264ms (cache miss)
2990 silly packumentCache full:https://registry.npmjs.org/d3-interpolate set size:undefined disposed:false
2991 http fetch GET 200 https://registry.npmjs.org/@types%2fd3-array 433ms (cache miss)
2992 silly packumentCache full:https://registry.npmjs.org/@types%2fd3-array set size:undefined disposed:false
2993 http fetch GET 200 https://registry.npmjs.org/@types%2fd3-time 490ms (cache miss)
2994 silly packumentCache full:https://registry.npmjs.org/@types%2fd3-time set size:undefined disposed:false
2995 http fetch GET 200 https://registry.npmjs.org/@types%2fd3-shape 472ms (cache miss)
2996 silly packumentCache full:https://registry.npmjs.org/@types%2fd3-shape set size:undefined disposed:false
2997 http fetch GET 200 https://registry.npmjs.org/@types%2fd3-interpolate 454ms (cache miss)
2998 silly packumentCache full:https://registry.npmjs.org/@types%2fd3-interpolate set size:undefined disposed:false
2999 http fetch GET 200 https://registry.npmjs.org/@types%2fd3-scale 864ms (cache miss)
3000 silly packumentCache full:https://registry.npmjs.org/@types%2fd3-scale set size:undefined disposed:false
3001 http fetch GET 200 https://registry.npmjs.org/@types%2fd3-timer 868ms (cache miss)
3002 silly packumentCache full:https://registry.npmjs.org/@types%2fd3-timer set size:undefined disposed:false
3003 silly placeDep ROOT @standard-schema/spec@1.1.0 OK for: @reduxjs/toolkit@2.11.2 want: ^1.0.0
3004 silly placeDep node_modules/@reduxjs/toolkit immer@11.1.4 OK for: @reduxjs/toolkit@2.11.2 want: ^11.0.0
3005 silly placeDep ROOT redux-thunk@3.1.0 OK for: @reduxjs/toolkit@2.11.2 want: ^3.1.0
3006 silly placeDep ROOT set-function-name@2.0.2 OK for: regexp.prototype.flags@1.5.4 want: ^2.0.2
3007 silly fetch manifest functions-have-names@^1.2.3
3008 silly packumentCache full:https://registry.npmjs.org/functions-have-names cache-miss
3009 http fetch GET 200 https://registry.npmjs.org/functions-have-names 24ms (cache miss)
3010 silly packumentCache full:https://registry.npmjs.org/functions-have-names set size:undefined disposed:false
3011 silly placeDep ROOT rehype-parse@9.0.1 OK for: rehype@13.0.2 want: ^9.0.0
3012 silly placeDep ROOT hast-util-raw@9.1.0 OK for: rehype-raw@7.0.0 want: ^9.0.0
3013 silly fetch manifest hast-util-to-parse5@^8.0.0
3014 silly packumentCache full:https://registry.npmjs.org/hast-util-to-parse5 cache-miss
3015 silly fetch manifest html-void-elements@^3.0.0
3016 silly packumentCache full:https://registry.npmjs.org/html-void-elements cache-miss
3017 http fetch GET 200 https://registry.npmjs.org/hast-util-to-parse5 26ms (cache miss)
3018 silly packumentCache full:https://registry.npmjs.org/hast-util-to-parse5 set size:undefined disposed:false
3019 http fetch GET 200 https://registry.npmjs.org/html-void-elements 31ms (cache miss)
3020 silly packumentCache full:https://registry.npmjs.org/html-void-elements set size:undefined disposed:false
3021 silly placeDep ROOT hast-util-to-parse5@8.0.1 OK for: hast-util-raw@9.1.0 want: ^8.0.0
3022 silly placeDep ROOT html-void-elements@3.0.0 OK for: hast-util-raw@9.1.0 want: ^3.0.0
3023 silly placeDep ROOT hast-util-to-html@9.0.5 OK for: rehype-stringify@10.0.1 want: ^9.0.0
3024 silly placeDep ROOT mdast-util-gfm@3.1.0 OK for: remark-gfm@4.0.1 want: ^3.0.0
3025 silly placeDep ROOT micromark-extension-gfm@3.0.0 OK for: remark-gfm@4.0.1 want: ^3.0.0
3026 silly placeDep ROOT remark-stringify@11.0.0 OK for: remark-gfm@4.0.1 want: ^11.0.0
3027 silly fetch manifest mdast-util-gfm-autolink-literal@^2.0.0
3028 silly packumentCache full:https://registry.npmjs.org/mdast-util-gfm-autolink-literal cache-miss
3029 silly fetch manifest mdast-util-gfm-footnote@^2.0.0
3030 silly packumentCache full:https://registry.npmjs.org/mdast-util-gfm-footnote cache-miss
3031 silly fetch manifest mdast-util-gfm-strikethrough@^2.0.0
3032 silly packumentCache full:https://registry.npmjs.org/mdast-util-gfm-strikethrough cache-miss
3033 silly fetch manifest mdast-util-gfm-table@^2.0.0
3034 silly packumentCache full:https://registry.npmjs.org/mdast-util-gfm-table cache-miss
3035 silly fetch manifest mdast-util-gfm-task-list-item@^2.0.0
3036 silly packumentCache full:https://registry.npmjs.org/mdast-util-gfm-task-list-item cache-miss
3037 silly fetch manifest micromark-extension-gfm-autolink-literal@^2.0.0
3038 silly packumentCache full:https://registry.npmjs.org/micromark-extension-gfm-autolink-literal cache-miss
3039 silly fetch manifest micromark-extension-gfm-footnote@^2.0.0
3040 silly packumentCache full:https://registry.npmjs.org/micromark-extension-gfm-footnote cache-miss
3041 silly fetch manifest micromark-extension-gfm-strikethrough@^2.0.0
3042 silly packumentCache full:https://registry.npmjs.org/micromark-extension-gfm-strikethrough cache-miss
3043 silly fetch manifest micromark-extension-gfm-table@^2.0.0
3044 silly packumentCache full:https://registry.npmjs.org/micromark-extension-gfm-table cache-miss
3045 silly fetch manifest micromark-extension-gfm-tagfilter@^2.0.0
3046 silly packumentCache full:https://registry.npmjs.org/micromark-extension-gfm-tagfilter cache-miss
3047 silly fetch manifest micromark-extension-gfm-task-list-item@^2.0.0
3048 silly packumentCache full:https://registry.npmjs.org/micromark-extension-gfm-task-list-item cache-miss
3049 http fetch GET 200 https://registry.npmjs.org/mdast-util-gfm-footnote 50ms (cache miss)
3050 silly packumentCache full:https://registry.npmjs.org/mdast-util-gfm-footnote set size:undefined disposed:false
3051 http fetch GET 200 https://registry.npmjs.org/mdast-util-gfm-autolink-literal 52ms (cache miss)
3052 silly packumentCache full:https://registry.npmjs.org/mdast-util-gfm-autolink-literal set size:undefined disposed:false
3053 http fetch GET 200 https://registry.npmjs.org/micromark-extension-gfm-tagfilter 47ms (cache miss)
3054 silly packumentCache full:https://registry.npmjs.org/micromark-extension-gfm-tagfilter set size:undefined disposed:false
3055 http fetch GET 200 https://registry.npmjs.org/micromark-extension-gfm-footnote 52ms (cache miss)
3056 silly packumentCache full:https://registry.npmjs.org/micromark-extension-gfm-footnote set size:undefined disposed:false
3057 http fetch GET 200 https://registry.npmjs.org/micromark-extension-gfm-autolink-literal 55ms (cache miss)
3058 silly packumentCache full:https://registry.npmjs.org/micromark-extension-gfm-autolink-literal set size:undefined disposed:false
3059 http fetch GET 200 https://registry.npmjs.org/mdast-util-gfm-task-list-item 56ms (cache miss)
3060 silly packumentCache full:https://registry.npmjs.org/mdast-util-gfm-task-list-item set size:undefined disposed:false
3061 http fetch GET 200 https://registry.npmjs.org/mdast-util-gfm-table 60ms (cache miss)
3062 silly packumentCache full:https://registry.npmjs.org/mdast-util-gfm-table set size:undefined disposed:false
3063 http fetch GET 200 https://registry.npmjs.org/micromark-extension-gfm-strikethrough 59ms (cache miss)
3064 silly packumentCache full:https://registry.npmjs.org/micromark-extension-gfm-strikethrough set size:undefined disposed:false
3065 http fetch GET 200 https://registry.npmjs.org/micromark-extension-gfm-table 60ms (cache miss)
3066 silly packumentCache full:https://registry.npmjs.org/micromark-extension-gfm-table set size:undefined disposed:false
3067 http fetch GET 200 https://registry.npmjs.org/micromark-extension-gfm-task-list-item 61ms (cache miss)
3068 silly packumentCache full:https://registry.npmjs.org/micromark-extension-gfm-task-list-item set size:undefined disposed:false
3069 http fetch GET 200 https://registry.npmjs.org/mdast-util-gfm-strikethrough 353ms (cache miss)
3070 silly packumentCache full:https://registry.npmjs.org/mdast-util-gfm-strikethrough set size:undefined disposed:false
3071 silly placeDep ROOT mdast-util-gfm-autolink-literal@2.0.1 OK for: mdast-util-gfm@3.1.0 want: ^2.0.0
3072 silly placeDep ROOT mdast-util-gfm-footnote@2.1.0 OK for: mdast-util-gfm@3.1.0 want: ^2.0.0
3073 silly placeDep ROOT mdast-util-gfm-strikethrough@2.0.0 OK for: mdast-util-gfm@3.1.0 want: ^2.0.0
3074 silly placeDep ROOT mdast-util-gfm-table@2.0.0 OK for: mdast-util-gfm@3.1.0 want: ^2.0.0
3075 silly placeDep ROOT mdast-util-gfm-task-list-item@2.0.0 OK for: mdast-util-gfm@3.1.0 want: ^2.0.0
3076 silly fetch manifest mdast-util-find-and-replace@^3.0.0
3077 silly packumentCache full:https://registry.npmjs.org/mdast-util-find-and-replace cache-miss
3078 silly fetch manifest markdown-table@^3.0.0
3079 silly packumentCache full:https://registry.npmjs.org/markdown-table cache-miss
3080 http fetch GET 200 https://registry.npmjs.org/mdast-util-find-and-replace 25ms (cache miss)
3081 silly packumentCache full:https://registry.npmjs.org/mdast-util-find-and-replace set size:undefined disposed:false
3082 http fetch GET 200 https://registry.npmjs.org/markdown-table 27ms (cache miss)
3083 silly packumentCache full:https://registry.npmjs.org/markdown-table set size:undefined disposed:false
3084 silly placeDep ROOT mdast-util-find-and-replace@3.0.2 OK for: mdast-util-gfm-autolink-literal@2.0.1 want: ^3.0.0
3085 silly fetch manifest escape-string-regexp@^5.0.0
3086 silly packumentCache full:https://registry.npmjs.org/escape-string-regexp cache-miss
3087 http fetch GET 200 https://registry.npmjs.org/escape-string-regexp 23ms (cache miss)
3088 silly packumentCache full:https://registry.npmjs.org/escape-string-regexp set size:undefined disposed:false
3089 silly placeDep ROOT escape-string-regexp@5.0.0 OK for: mdast-util-find-and-replace@3.0.2 want: ^5.0.0
3090 silly placeDep ROOT markdown-table@3.0.4 OK for: mdast-util-gfm-table@2.0.0 want: ^3.0.0
3091 silly placeDep ROOT micromark-extension-gfm-autolink-literal@2.1.0 OK for: micromark-extension-gfm@3.0.0 want: ^2.0.0
3092 silly placeDep ROOT micromark-extension-gfm-footnote@2.1.0 OK for: micromark-extension-gfm@3.0.0 want: ^2.0.0
3093 silly placeDep ROOT micromark-extension-gfm-strikethrough@2.1.0 OK for: micromark-extension-gfm@3.0.0 want: ^2.0.0
3094 silly placeDep ROOT micromark-extension-gfm-table@2.1.1 OK for: micromark-extension-gfm@3.0.0 want: ^2.0.0
3095 silly placeDep ROOT micromark-extension-gfm-tagfilter@2.0.0 OK for: micromark-extension-gfm@3.0.0 want: ^2.0.0
3096 silly placeDep ROOT micromark-extension-gfm-task-list-item@2.1.0 OK for: micromark-extension-gfm@3.0.0 want: ^2.0.0
3097 silly placeDep ROOT retext@9.0.0 OK for: remark-smartypants@3.0.2 want: ^9.0.0
3098 silly fetch manifest retext-latin@^4.0.0
3099 silly packumentCache full:https://registry.npmjs.org/retext-latin cache-miss
3100 silly fetch manifest retext-stringify@^4.0.0
3101 silly packumentCache full:https://registry.npmjs.org/retext-stringify cache-miss
3102 http fetch GET 200 https://registry.npmjs.org/retext-stringify 27ms (cache miss)
3103 silly packumentCache full:https://registry.npmjs.org/retext-stringify set size:undefined disposed:false
3104 http fetch GET 200 https://registry.npmjs.org/retext-latin 230ms (cache miss)
3105 silly packumentCache full:https://registry.npmjs.org/retext-latin set size:undefined disposed:false
3106 silly placeDep ROOT @types/nlcst@2.0.3 OK for: retext@9.0.0 want: ^2.0.0
3107 silly placeDep ROOT retext-latin@4.0.0 OK for: retext@9.0.0 want: ^4.0.0
3108 silly placeDep ROOT retext-stringify@4.0.0 OK for: retext@9.0.0 want: ^4.0.0
3109 silly fetch manifest parse-latin@^7.0.0
3110 silly packumentCache full:https://registry.npmjs.org/parse-latin cache-miss
3111 http fetch GET 200 https://registry.npmjs.org/parse-latin 27ms (cache miss)
3112 silly packumentCache full:https://registry.npmjs.org/parse-latin set size:undefined disposed:false
3113 silly placeDep ROOT parse-latin@7.0.0 OK for: retext-latin@4.0.0 want: ^7.0.0
3114 silly fetch manifest unist-util-modify-children@^4.0.0
3115 silly packumentCache full:https://registry.npmjs.org/unist-util-modify-children cache-miss
3116 silly fetch manifest unist-util-visit-children@^3.0.0
3117 silly packumentCache full:https://registry.npmjs.org/unist-util-visit-children cache-miss
3118 http fetch GET 200 https://registry.npmjs.org/unist-util-visit-children 27ms (cache miss)
3119 silly packumentCache full:https://registry.npmjs.org/unist-util-visit-children set size:undefined disposed:false
3120 http fetch GET 200 https://registry.npmjs.org/unist-util-modify-children 29ms (cache miss)
3121 silly packumentCache full:https://registry.npmjs.org/unist-util-modify-children set size:undefined disposed:false
3122 silly placeDep ROOT nlcst-to-string@4.0.0 OK for: parse-latin@7.0.0 want: ^4.0.0
3123 silly placeDep ROOT unist-util-modify-children@4.0.0 OK for: parse-latin@7.0.0 want: ^4.0.0
3124 silly placeDep ROOT unist-util-visit-children@3.0.0 OK for: parse-latin@7.0.0 want: ^3.0.0
3125 silly fetch manifest array-iterate@^2.0.0
3126 silly packumentCache full:https://registry.npmjs.org/array-iterate cache-miss
3127 http fetch GET 200 https://registry.npmjs.org/array-iterate 26ms (cache miss)
3128 silly packumentCache full:https://registry.npmjs.org/array-iterate set size:undefined disposed:false
3129 silly placeDep ROOT functions-have-names@1.2.3 OK for: set-function-name@2.0.2 want: ^1.2.3
3130 silly placeDep ROOT @img/colour@1.1.0 OK for: sharp@0.34.5 want: ^1.0.0
3131 silly placeDep ROOT @img/sharp-darwin-arm64@0.34.5 OK for: sharp@0.34.5 want: 0.34.5
3132 silly placeDep ROOT @img/sharp-darwin-x64@0.34.5 OK for: sharp@0.34.5 want: 0.34.5
3133 silly placeDep ROOT @img/sharp-libvips-darwin-arm64@1.2.4 OK for: sharp@0.34.5 want: 1.2.4
3134 silly placeDep ROOT @img/sharp-libvips-darwin-x64@1.2.4 OK for: sharp@0.34.5 want: 1.2.4
3135 silly placeDep ROOT @img/sharp-libvips-linux-arm@1.2.4 OK for: sharp@0.34.5 want: 1.2.4
3136 silly placeDep ROOT @img/sharp-libvips-linux-arm64@1.2.4 OK for: sharp@0.34.5 want: 1.2.4
3137 silly placeDep ROOT @img/sharp-libvips-linux-ppc64@1.2.4 OK for: sharp@0.34.5 want: 1.2.4
3138 silly placeDep ROOT @img/sharp-libvips-linux-riscv64@1.2.4 OK for: sharp@0.34.5 want: 1.2.4
3139 silly placeDep ROOT @img/sharp-libvips-linux-s390x@1.2.4 OK for: sharp@0.34.5 want: 1.2.4
3140 silly placeDep ROOT @img/sharp-libvips-linux-x64@1.2.4 OK for: sharp@0.34.5 want: 1.2.4
3141 silly placeDep ROOT @img/sharp-libvips-linuxmusl-arm64@1.2.4 OK for: sharp@0.34.5 want: 1.2.4
3142 silly placeDep ROOT @img/sharp-libvips-linuxmusl-x64@1.2.4 OK for: sharp@0.34.5 want: 1.2.4
3143 silly placeDep ROOT @img/sharp-linux-arm@0.34.5 OK for: sharp@0.34.5 want: 0.34.5
3144 silly placeDep ROOT @img/sharp-linux-arm64@0.34.5 OK for: sharp@0.34.5 want: 0.34.5
3145 silly placeDep ROOT @img/sharp-linux-ppc64@0.34.5 OK for: sharp@0.34.5 want: 0.34.5
3146 silly placeDep ROOT @img/sharp-linux-riscv64@0.34.5 OK for: sharp@0.34.5 want: 0.34.5
3147 silly placeDep ROOT @img/sharp-linux-s390x@0.34.5 OK for: sharp@0.34.5 want: 0.34.5
3148 silly placeDep ROOT @img/sharp-linux-x64@0.34.5 OK for: sharp@0.34.5 want: 0.34.5
3149 silly placeDep ROOT @img/sharp-linuxmusl-arm64@0.34.5 OK for: sharp@0.34.5 want: 0.34.5
3150 silly placeDep ROOT @img/sharp-linuxmusl-x64@0.34.5 OK for: sharp@0.34.5 want: 0.34.5
3151 silly placeDep ROOT @img/sharp-wasm32@0.34.5 OK for: sharp@0.34.5 want: 0.34.5
3152 silly placeDep ROOT @img/sharp-win32-arm64@0.34.5 OK for: sharp@0.34.5 want: 0.34.5
3153 silly placeDep ROOT @img/sharp-win32-ia32@0.34.5 OK for: sharp@0.34.5 want: 0.34.5
3154 silly placeDep ROOT @img/sharp-win32-x64@0.34.5 OK for: sharp@0.34.5 want: 0.34.5
3155 silly placeDep ROOT detect-libc@2.1.2 OK for: sharp@0.34.5 want: ^2.1.2
3156 silly placeDep node_modules/sharp semver@7.7.4 OK for: sharp@0.34.5 want: ^7.7.3
3157 silly fetch manifest @emnapi/runtime@^1.7.0
3158 silly packumentCache full:https://registry.npmjs.org/@emnapi%2fruntime cache-miss
3159 http fetch GET 200 https://registry.npmjs.org/@emnapi%2fruntime 36ms (cache miss)
3160 silly packumentCache full:https://registry.npmjs.org/@emnapi%2fruntime set size:undefined disposed:false
3161 silly placeDep ROOT @emnapi/runtime@1.10.0 OK for: @img/sharp-wasm32@0.34.5 want: ^1.7.0
3162 silly placeDep ROOT @shikijs/core@4.0.2 OK for: shiki@4.0.2 want: 4.0.2
3163 silly placeDep ROOT @shikijs/engine-javascript@4.0.2 OK for: shiki@4.0.2 want: 4.0.2
3164 silly placeDep ROOT @shikijs/engine-oniguruma@4.0.2 OK for: shiki@4.0.2 want: 4.0.2
3165 silly placeDep ROOT @shikijs/langs@4.0.2 OK for: shiki@4.0.2 want: 4.0.2
3166 silly placeDep ROOT @shikijs/themes@4.0.2 OK for: shiki@4.0.2 want: 4.0.2
3167 silly placeDep ROOT @shikijs/types@4.0.2 OK for: shiki@4.0.2 want: 4.0.2
3168 silly placeDep ROOT @shikijs/vscode-textmate@10.0.2 OK for: shiki@4.0.2 want: ^10.0.2
3169 silly fetch manifest @shikijs/primitive@4.0.2
3170 silly packumentCache full:https://registry.npmjs.org/@shikijs%2fprimitive cache-miss
3171 silly fetch manifest oniguruma-to-es@^4.3.4
3172 silly packumentCache full:https://registry.npmjs.org/oniguruma-to-es cache-miss
3173 http fetch GET 200 https://registry.npmjs.org/oniguruma-to-es 27ms (cache miss)
3174 silly packumentCache full:https://registry.npmjs.org/oniguruma-to-es set size:undefined disposed:false
3175 http fetch GET 200 https://registry.npmjs.org/@shikijs%2fprimitive 302ms (cache miss)
3176 silly packumentCache full:https://registry.npmjs.org/@shikijs%2fprimitive set size:undefined disposed:false
3177 silly placeDep ROOT @shikijs/primitive@4.0.2 OK for: @shikijs/core@4.0.2 want: 4.0.2
3178 silly placeDep ROOT oniguruma-to-es@4.3.6 OK for: @shikijs/engine-javascript@4.0.2 want: ^4.3.4
3179 silly fetch manifest oniguruma-parser@^0.12.2
3180 silly packumentCache full:https://registry.npmjs.org/oniguruma-parser cache-miss
3181 silly fetch manifest regex@^6.1.0
3182 silly packumentCache full:https://registry.npmjs.org/regex cache-miss
3183 silly fetch manifest regex-recursion@^6.0.2
3184 silly packumentCache full:https://registry.npmjs.org/regex-recursion cache-miss
3185 http fetch GET 200 https://registry.npmjs.org/regex-recursion 28ms (cache miss)
3186 silly packumentCache full:https://registry.npmjs.org/regex-recursion set size:undefined disposed:false
3187 http fetch GET 200 https://registry.npmjs.org/regex 31ms (cache miss)
3188 silly packumentCache full:https://registry.npmjs.org/regex set size:undefined disposed:false
3189 http fetch GET 200 https://registry.npmjs.org/oniguruma-parser 243ms (cache miss)
3190 silly packumentCache full:https://registry.npmjs.org/oniguruma-parser set size:undefined disposed:false
3191 silly placeDep ROOT oniguruma-parser@0.12.2 OK for: oniguruma-to-es@4.3.6 want: ^0.12.2
3192 silly placeDep ROOT regex@6.1.0 OK for: oniguruma-to-es@4.3.6 want: ^6.1.0
3193 silly placeDep ROOT regex-recursion@6.0.2 OK for: oniguruma-to-es@4.3.6 want: ^6.0.2
3194 silly fetch manifest regex-utilities@^2.3.0
3195 silly packumentCache full:https://registry.npmjs.org/regex-utilities cache-miss
3196 silly fetch manifest regex-utilities@^2.3.0
3197 silly packumentCache full:https://registry.npmjs.org/regex-utilities cache-miss
3198 http fetch GET 200 https://registry.npmjs.org/regex-utilities 21ms (cache miss)
3199 silly packumentCache full:https://registry.npmjs.org/regex-utilities set size:undefined disposed:false
3200 http fetch GET 200 https://registry.npmjs.org/regex-utilities 24ms (cache miss)
3201 silly packumentCache full:https://registry.npmjs.org/regex-utilities set size:undefined disposed:false
3202 silly placeDep ROOT regex-utilities@2.3.0 OK for: regex@6.1.0 want: ^2.3.0
3203 silly placeDep ROOT @socket.io/component-emitter@3.1.2 OK for: socket.io-client@4.8.3 want: ~3.1.0
3204 silly placeDep ROOT engine.io-client@6.6.4 OK for: socket.io-client@4.8.3 want: ~6.6.1
3205 silly placeDep ROOT socket.io-parser@4.2.6 OK for: socket.io-client@4.8.3 want: ~4.2.4
3206 silly fetch manifest engine.io-parser@~5.2.1
3207 silly packumentCache full:https://registry.npmjs.org/engine.io-parser cache-miss
3208 silly fetch manifest ws@~8.18.3
3209 silly packumentCache full:https://registry.npmjs.org/ws cache-miss
3210 silly fetch manifest xmlhttprequest-ssl@~2.1.1
3211 silly packumentCache full:https://registry.npmjs.org/xmlhttprequest-ssl cache-miss
3212 http fetch GET 200 https://registry.npmjs.org/engine.io-parser 31ms (cache miss)
3213 silly packumentCache full:https://registry.npmjs.org/engine.io-parser set size:undefined disposed:false
3214 http fetch GET 200 https://registry.npmjs.org/xmlhttprequest-ssl 239ms (cache miss)
3215 silly packumentCache full:https://registry.npmjs.org/xmlhttprequest-ssl set size:undefined disposed:false
3216 http fetch GET 200 https://registry.npmjs.org/ws 261ms (cache miss)
3217 silly packumentCache full:https://registry.npmjs.org/ws set size:undefined disposed:false
3218 silly placeDep ROOT engine.io-parser@5.2.3 OK for: engine.io-client@6.6.4 want: ~5.2.1
3219 silly placeDep ROOT ws@8.18.3 OK for: engine.io-client@6.6.4 want: ~8.18.3
3220 silly placeDep ROOT xmlhttprequest-ssl@2.1.2 OK for: engine.io-client@6.6.4 want: ~2.1.1
3221 silly placeDep ROOT character-entities-html4@2.1.0 OK for: stringify-entities@4.0.4 want: ^2.0.0
3222 silly placeDep ROOT style-to-object@1.0.14 OK for: style-to-js@1.1.21 want: 1.0.14
3223 silly fetch manifest inline-style-parser@0.2.7
3224 silly packumentCache full:https://registry.npmjs.org/inline-style-parser cache-miss
3225 http fetch GET 200 https://registry.npmjs.org/inline-style-parser 644ms (cache miss)
3226 silly packumentCache full:https://registry.npmjs.org/inline-style-parser set size:undefined disposed:false
3227 silly placeDep ROOT inline-style-parser@0.2.7 OK for: style-to-object@1.0.14 want: 0.2.7
3228 silly placeDep ROOT commander@11.1.0 OK for: svgo@4.0.1 want: ^11.1.0
3229 silly placeDep ROOT css-select@5.2.2 OK for: svgo@4.0.1 want: ^5.1.0
3230 silly placeDep ROOT css-tree@3.2.1 OK for: svgo@4.0.1 want: ^3.0.1
3231 silly placeDep ROOT css-what@6.2.2 OK for: svgo@4.0.1 want: ^6.1.0
3232 silly placeDep ROOT csso@5.0.5 OK for: svgo@4.0.1 want: ^5.0.5
3233 silly placeDep ROOT sax@1.6.0 OK for: svgo@4.0.1 want: ^1.5.0
3234 silly fetch manifest boolbase@^1.0.0
3235 silly packumentCache full:https://registry.npmjs.org/boolbase cache-miss
3236 silly fetch manifest domutils@^3.0.1
3237 silly packumentCache full:https://registry.npmjs.org/domutils cache-miss
3238 silly fetch manifest nth-check@^2.0.1
3239 silly packumentCache full:https://registry.npmjs.org/nth-check cache-miss
3240 silly fetch manifest domhandler@^5.0.2
3241 silly packumentCache full:https://registry.npmjs.org/domhandler cache-miss
3242 silly fetch manifest mdn-data@2.27.1
3243 silly packumentCache full:https://registry.npmjs.org/mdn-data cache-miss
3244 silly fetch manifest css-tree@~2.2.0
3245 silly packumentCache full:https://registry.npmjs.org/css-tree cache-miss
3246 http cache https://registry.npmjs.org/css-tree 9ms (cache hit)
3247 silly packumentCache full:https://registry.npmjs.org/css-tree set size:229638 disposed:false
3248 http fetch GET 200 https://registry.npmjs.org/boolbase 21ms (cache miss)
3249 silly packumentCache full:https://registry.npmjs.org/boolbase set size:undefined disposed:false
3250 http fetch GET 200 https://registry.npmjs.org/nth-check 32ms (cache miss)
3251 silly packumentCache full:https://registry.npmjs.org/nth-check set size:undefined disposed:false
3252 http fetch GET 200 https://registry.npmjs.org/domutils 35ms (cache miss)
3253 silly packumentCache full:https://registry.npmjs.org/domutils set size:undefined disposed:false
3254 http fetch GET 200 https://registry.npmjs.org/mdn-data 37ms (cache miss)
3255 silly packumentCache full:https://registry.npmjs.org/mdn-data set size:undefined disposed:false
3256 http fetch GET 200 https://registry.npmjs.org/domhandler 228ms (cache miss)
3257 silly packumentCache full:https://registry.npmjs.org/domhandler set size:undefined disposed:false
3258 silly placeDep ROOT boolbase@1.0.0 OK for: css-select@5.2.2 want: ^1.0.0
3259 silly placeDep ROOT domhandler@5.0.3 OK for: css-select@5.2.2 want: ^5.0.2
3260 silly placeDep ROOT domutils@3.2.2 OK for: css-select@5.2.2 want: ^3.0.1
3261 silly placeDep ROOT nth-check@2.1.1 OK for: css-select@5.2.2 want: ^2.0.1
3262 silly fetch manifest domelementtype@^2.3.0
3263 silly packumentCache full:https://registry.npmjs.org/domelementtype cache-miss
3264 silly fetch manifest dom-serializer@^2.0.0
3265 silly packumentCache full:https://registry.npmjs.org/dom-serializer cache-miss
3266 silly fetch manifest domelementtype@^2.3.0
3267 silly packumentCache full:https://registry.npmjs.org/domelementtype cache-miss
3268 http fetch GET 200 https://registry.npmjs.org/domelementtype 30ms (cache miss)
3269 silly packumentCache full:https://registry.npmjs.org/domelementtype set size:undefined disposed:false
3270 http fetch GET 200 https://registry.npmjs.org/dom-serializer 32ms (cache miss)
3271 silly packumentCache full:https://registry.npmjs.org/dom-serializer set size:undefined disposed:false
3272 http fetch GET 200 https://registry.npmjs.org/domelementtype 32ms (cache miss)
3273 silly packumentCache full:https://registry.npmjs.org/domelementtype set size:undefined disposed:false
3274 silly placeDep ROOT mdn-data@2.27.1 OK for: css-tree@3.2.1 want: 2.27.1
3275 silly placeDep node_modules/csso css-tree@2.2.1 OK for: csso@5.0.5 want: ~2.2.0
3276 silly fetch manifest mdn-data@2.0.28
3277 silly packumentCache full:https://registry.npmjs.org/mdn-data cache-miss
3278 http cache https://registry.npmjs.org/mdn-data 6ms (cache hit)
3279 silly packumentCache full:https://registry.npmjs.org/mdn-data set size:174141 disposed:false
3280 silly placeDep ROOT domelementtype@2.3.0 OK for: domhandler@5.0.3 want: ^2.3.0
3281 silly placeDep node_modules/domutils dom-serializer@2.0.0 OK for: domutils@3.2.2 want: ^2.0.0
3282 silly fetch manifest entities@^4.2.0
3283 silly packumentCache full:https://registry.npmjs.org/entities cache-miss
3284 http cache https://registry.npmjs.org/entities 4ms (cache hit)
3285 silly packumentCache full:https://registry.npmjs.org/entities set size:101550 disposed:false
3286 silly placeDep ROOT fdir@6.5.0 OK for: tinyglobby@0.2.16 want: ^6.5.0
3287 silly placeDep ROOT bail@2.0.2 OK for: unified@11.0.5 want: ^2.0.0
3288 silly placeDep ROOT is-plain-obj@4.1.0 OK for: unified@11.0.5 want: ^4.0.0
3289 silly placeDep ROOT trough@2.2.0 OK for: unified@11.0.5 want: ^2.0.0
3290 silly placeDep ROOT ofetch@1.5.1 OK for: unifont@0.7.4 want: ^1.5.1
3291 silly placeDep ROOT ohash@2.0.11 OK for: unifont@0.7.4 want: ^2.0.11
3292 silly fetch manifest ufo@^1.6.1
3293 silly packumentCache full:https://registry.npmjs.org/ufo cache-miss
3294 http cache https://registry.npmjs.org/ufo 5ms (cache hit)
3295 silly packumentCache full:https://registry.npmjs.org/ufo set size:169119 disposed:false
3296 silly placeDep ROOT destr@2.0.5 OK for: ofetch@1.5.1 want: ^2.0.5
3297 silly placeDep ROOT node-fetch-native@1.6.7 OK for: ofetch@1.5.1 want: ^1.6.7
3298 silly placeDep ROOT ufo@1.6.4 OK for: ofetch@1.5.1 want: ^1.6.1
3299 silly placeDep ROOT array-iterate@2.0.1 OK for: unist-util-modify-children@4.0.0 want: ^2.0.0
3300 silly placeDep ROOT anymatch@3.1.3 OK for: unstorage@1.17.5 want: ^3.1.3
3301 silly placeDep ROOT chokidar@5.0.0 OK for: unstorage@1.17.5 want: ^5.0.0
3302 silly placeDep ROOT h3@1.15.11 OK for: unstorage@1.17.5 want: ^1.15.10
3303 silly placeDep node_modules/unstorage lru-cache@11.3.5 OK for: unstorage@1.17.5 want: ^11.2.7
3304 silly fetch manifest picomatch@^2.0.4
3305 silly packumentCache full:https://registry.npmjs.org/picomatch cache-hit
3306 silly fetch manifest normalize-path@^3.0.0
3307 silly packumentCache full:https://registry.npmjs.org/normalize-path cache-miss
3308 silly fetch manifest readdirp@^5.0.0
3309 silly packumentCache full:https://registry.npmjs.org/readdirp cache-miss
3310 silly fetch manifest defu@^6.1.6
3311 silly packumentCache full:https://registry.npmjs.org/defu cache-miss
3312 silly fetch manifest radix3@^1.1.2
3313 silly packumentCache full:https://registry.npmjs.org/radix3 cache-miss
3314 silly fetch manifest crossws@^0.3.5
3315 silly packumentCache full:https://registry.npmjs.org/crossws cache-miss
3316 silly fetch manifest uncrypto@^0.1.3
3317 silly packumentCache full:https://registry.npmjs.org/uncrypto cache-miss
3318 silly fetch manifest cookie-es@^1.2.3
3319 silly packumentCache full:https://registry.npmjs.org/cookie-es cache-miss
3320 silly fetch manifest iron-webcrypto@^1.2.1
3321 silly packumentCache full:https://registry.npmjs.org/iron-webcrypto cache-miss
3322 silly fetch manifest node-mock-http@^1.0.4
3323 silly packumentCache full:https://registry.npmjs.org/node-mock-http cache-miss
3324 http fetch GET 200 https://registry.npmjs.org/normalize-path 40ms (cache miss)
3325 silly packumentCache full:https://registry.npmjs.org/normalize-path set size:undefined disposed:false
3326 http fetch GET 200 https://registry.npmjs.org/uncrypto 46ms (cache miss)
3327 silly packumentCache full:https://registry.npmjs.org/uncrypto set size:undefined disposed:false
3328 http fetch GET 200 https://registry.npmjs.org/cookie-es 48ms (cache miss)
3329 silly packumentCache full:https://registry.npmjs.org/cookie-es set size:undefined disposed:false
3330 http fetch GET 200 https://registry.npmjs.org/radix3 52ms (cache miss)
3331 silly packumentCache full:https://registry.npmjs.org/radix3 set size:undefined disposed:false
3332 http fetch GET 200 https://registry.npmjs.org/node-mock-http 52ms (cache miss)
3333 silly packumentCache full:https://registry.npmjs.org/node-mock-http set size:undefined disposed:false
3334 http fetch GET 200 https://registry.npmjs.org/crossws 55ms (cache miss)
3335 silly packumentCache full:https://registry.npmjs.org/crossws set size:undefined disposed:false
3336 http fetch GET 200 https://registry.npmjs.org/defu 58ms (cache miss)
3337 silly packumentCache full:https://registry.npmjs.org/defu set size:undefined disposed:false
3338 http fetch GET 200 https://registry.npmjs.org/readdirp 61ms (cache miss)
3339 silly packumentCache full:https://registry.npmjs.org/readdirp set size:undefined disposed:false
3340 http fetch GET 200 https://registry.npmjs.org/iron-webcrypto 63ms (cache miss)
3341 silly packumentCache full:https://registry.npmjs.org/iron-webcrypto set size:undefined disposed:false
3342 silly placeDep ROOT normalize-path@3.0.0 OK for: anymatch@3.1.3 want: ^3.0.0
3343 silly placeDep node_modules/anymatch picomatch@2.3.2 OK for: anymatch@3.1.3 want: ^2.0.4
3344 silly placeDep ROOT readdirp@5.0.0 OK for: chokidar@5.0.0 want: ^5.0.0
3345 silly placeDep ROOT cookie-es@1.2.3 OK for: h3@1.15.11 want: ^1.2.3
3346 silly placeDep ROOT crossws@0.3.5 OK for: h3@1.15.11 want: ^0.3.5
3347 silly placeDep ROOT defu@6.1.7 OK for: h3@1.15.11 want: ^6.1.6
3348 silly placeDep ROOT iron-webcrypto@1.2.1 OK for: h3@1.15.11 want: ^1.2.1
3349 silly placeDep ROOT node-mock-http@1.0.4 OK for: h3@1.15.11 want: ^1.0.4
3350 silly placeDep ROOT radix3@1.1.2 OK for: h3@1.15.11 want: ^1.1.2
3351 silly placeDep ROOT uncrypto@0.1.3 OK for: h3@1.15.11 want: ^0.1.3
3352 silly placeDep ROOT escalade@3.2.0 OK for: update-browserslist-db@1.2.3 want: ^3.2.0
3353 silly placeDep ROOT detect-node-es@1.1.0 OK for: use-sidecar@1.1.3 want: ^1.1.0
3354 silly placeDep ROOT base64-arraybuffer@1.0.2 OK for: utrie@1.0.2 want: ^1.0.2
3355 silly placeDep ROOT @types/d3-array@3.2.2 OK for: victory-vendor@37.3.6 want: ^3.0.3
3356 silly placeDep ROOT @types/d3-ease@3.0.2 OK for: victory-vendor@37.3.6 want: ^3.0.0
3357 silly placeDep ROOT @types/d3-interpolate@3.0.4 OK for: victory-vendor@37.3.6 want: ^3.0.1
3358 silly placeDep ROOT @types/d3-scale@4.0.9 OK for: victory-vendor@37.3.6 want: ^4.0.2
3359 silly placeDep ROOT @types/d3-shape@3.1.8 OK for: victory-vendor@37.3.6 want: ^3.1.0
3360 silly placeDep ROOT @types/d3-time@3.0.4 OK for: victory-vendor@37.3.6 want: ^3.0.0
3361 silly placeDep ROOT @types/d3-timer@3.0.2 OK for: victory-vendor@37.3.6 want: ^3.0.0
3362 silly placeDep ROOT d3-array@3.2.4 OK for: victory-vendor@37.3.6 want: ^3.1.6
3363 silly placeDep ROOT d3-ease@3.0.1 OK for: victory-vendor@37.3.6 want: ^3.0.1
3364 silly placeDep ROOT d3-interpolate@3.0.1 OK for: victory-vendor@37.3.6 want: ^3.0.1
3365 silly placeDep ROOT d3-scale@4.0.2 OK for: victory-vendor@37.3.6 want: ^4.0.2
3366 silly placeDep ROOT d3-shape@3.2.0 OK for: victory-vendor@37.3.6 want: ^3.1.0
3367 silly placeDep ROOT d3-time@3.1.0 OK for: victory-vendor@37.3.6 want: ^3.0.0
3368 silly placeDep ROOT d3-timer@3.0.1 OK for: victory-vendor@37.3.6 want: ^3.0.1
3369 silly fetch manifest @types/d3-color@*
3370 silly packumentCache full:https://registry.npmjs.org/@types%2fd3-color cache-miss
3371 silly fetch manifest @types/d3-time@*
3372 silly packumentCache full:https://registry.npmjs.org/@types%2fd3-time cache-miss
3373 silly fetch manifest @types/d3-path@*
3374 silly packumentCache full:https://registry.npmjs.org/@types%2fd3-path cache-miss
3375 silly fetch manifest internmap@1 - 2
3376 silly packumentCache full:https://registry.npmjs.org/internmap cache-miss
3377 silly fetch manifest d3-color@1 - 3
3378 silly packumentCache full:https://registry.npmjs.org/d3-color cache-miss
3379 silly fetch manifest d3-format@1 - 3
3380 silly packumentCache full:https://registry.npmjs.org/d3-format cache-miss
3381 silly fetch manifest d3-time@2.1.1 - 3
3382 silly packumentCache full:https://registry.npmjs.org/d3-time cache-miss
3383 silly fetch manifest d3-time-format@2 - 4
3384 silly packumentCache full:https://registry.npmjs.org/d3-time-format cache-miss
3385 silly fetch manifest d3-path@^3.1.0
3386 silly packumentCache full:https://registry.npmjs.org/d3-path cache-miss
3387 http cache https://registry.npmjs.org/d3-time 14ms (cache hit)
3388 silly packumentCache full:https://registry.npmjs.org/d3-time set size:150406 disposed:false
3389 http cache https://registry.npmjs.org/@types%2fd3-time 21ms (cache hit)
3390 silly packumentCache full:https://registry.npmjs.org/@types%2fd3-time set size:52652 disposed:false
3391 http fetch GET 200 https://registry.npmjs.org/d3-path 29ms (cache miss)
3392 silly packumentCache full:https://registry.npmjs.org/d3-path set size:undefined disposed:false
3393 http fetch GET 200 https://registry.npmjs.org/internmap 225ms (cache miss)
3394 silly packumentCache full:https://registry.npmjs.org/internmap set size:undefined disposed:false
3395 http fetch GET 200 https://registry.npmjs.org/d3-format 251ms (cache miss)
3396 silly packumentCache full:https://registry.npmjs.org/d3-format set size:undefined disposed:false
3397 http fetch GET 200 https://registry.npmjs.org/@types%2fd3-color 260ms (cache miss)
3398 silly packumentCache full:https://registry.npmjs.org/@types%2fd3-color set size:undefined disposed:false
3399 http fetch GET 200 https://registry.npmjs.org/d3-color 262ms (cache miss)
3400 silly packumentCache full:https://registry.npmjs.org/d3-color set size:undefined disposed:false
3401 http fetch GET 200 https://registry.npmjs.org/d3-time-format 263ms (cache miss)
3402 silly packumentCache full:https://registry.npmjs.org/d3-time-format set size:undefined disposed:false
3403 http fetch GET 200 https://registry.npmjs.org/@types%2fd3-path 451ms (cache miss)
3404 silly packumentCache full:https://registry.npmjs.org/@types%2fd3-path set size:undefined disposed:false
3405 silly placeDep ROOT @types/d3-color@3.1.3 OK for: @types/d3-interpolate@3.0.4 want: *
3406 silly placeDep ROOT @types/d3-path@3.1.1 OK for: @types/d3-shape@3.1.8 want: *
3407 silly placeDep ROOT internmap@2.0.3 OK for: d3-array@3.2.4 want: 1 - 2
3408 silly placeDep ROOT d3-color@3.1.0 OK for: d3-interpolate@3.0.1 want: 1 - 3
3409 silly placeDep ROOT d3-format@3.1.2 OK for: d3-scale@4.0.2 want: 1 - 3
3410 silly placeDep ROOT d3-time-format@4.1.0 OK for: d3-scale@4.0.2 want: 2 - 4
3411 silly placeDep ROOT d3-path@3.1.0 OK for: d3-shape@3.2.0 want: ^3.1.0
3412 silly placeDep ROOT fsevents@2.3.3 OK for: vite@7.3.2 want: ~2.3.3
3413 silly placeDep ROOT rollup@4.60.2 OK for: vite@7.3.2 want: ^4.43.0
3414 silly fetch manifest @rollup/rollup-darwin-arm64@4.60.2
3415 silly packumentCache full:https://registry.npmjs.org/@rollup%2frollup-darwin-arm64 cache-miss
3416 silly fetch manifest @rollup/rollup-android-arm64@4.60.2
3417 silly packumentCache full:https://registry.npmjs.org/@rollup%2frollup-android-arm64 cache-miss
3418 silly fetch manifest @rollup/rollup-win32-arm64-msvc@4.60.2
3419 silly packumentCache full:https://registry.npmjs.org/@rollup%2frollup-win32-arm64-msvc cache-miss
3420 silly fetch manifest @rollup/rollup-freebsd-arm64@4.60.2
3421 silly packumentCache full:https://registry.npmjs.org/@rollup%2frollup-freebsd-arm64 cache-miss
3422 silly fetch manifest @rollup/rollup-linux-arm64-gnu@4.60.2
3423 silly packumentCache full:https://registry.npmjs.org/@rollup%2frollup-linux-arm64-gnu cache-miss
3424 silly fetch manifest @rollup/rollup-linux-arm64-musl@4.60.2
3425 silly packumentCache full:https://registry.npmjs.org/@rollup%2frollup-linux-arm64-musl cache-miss
3426 silly fetch manifest @rollup/rollup-android-arm-eabi@4.60.2
3427 silly packumentCache full:https://registry.npmjs.org/@rollup%2frollup-android-arm-eabi cache-miss
3428 silly fetch manifest @rollup/rollup-linux-arm-gnueabihf@4.60.2
3429 silly packumentCache full:https://registry.npmjs.org/@rollup%2frollup-linux-arm-gnueabihf cache-miss
3430 silly fetch manifest @rollup/rollup-linux-arm-musleabihf@4.60.2
3431 silly packumentCache full:https://registry.npmjs.org/@rollup%2frollup-linux-arm-musleabihf cache-miss
3432 silly fetch manifest @rollup/rollup-win32-ia32-msvc@4.60.2
3433 silly packumentCache full:https://registry.npmjs.org/@rollup%2frollup-win32-ia32-msvc cache-miss
3434 silly fetch manifest @rollup/rollup-linux-loong64-gnu@4.60.2
3435 silly packumentCache full:https://registry.npmjs.org/@rollup%2frollup-linux-loong64-gnu cache-miss
3436 http fetch GET 200 https://registry.npmjs.org/@rollup%2frollup-linux-arm64-musl 49ms (cache miss)
3437 silly packumentCache full:https://registry.npmjs.org/@rollup%2frollup-linux-arm64-musl set size:undefined disposed:false
3438 silly fetch manifest @rollup/rollup-linux-loong64-musl@4.60.2
3439 silly packumentCache full:https://registry.npmjs.org/@rollup%2frollup-linux-loong64-musl cache-miss
3440 http fetch GET 200 https://registry.npmjs.org/@rollup%2frollup-linux-arm64-gnu 54ms (cache miss)
3441 silly packumentCache full:https://registry.npmjs.org/@rollup%2frollup-linux-arm64-gnu set size:undefined disposed:false
3442 silly fetch manifest @rollup/rollup-linux-riscv64-gnu@4.60.2
3443 silly packumentCache full:https://registry.npmjs.org/@rollup%2frollup-linux-riscv64-gnu cache-miss
3444 http fetch GET 200 https://registry.npmjs.org/@rollup%2frollup-linux-loong64-gnu 114ms (cache miss)
3445 silly packumentCache full:https://registry.npmjs.org/@rollup%2frollup-linux-loong64-gnu set size:undefined disposed:false
3446 silly fetch manifest @rollup/rollup-linux-riscv64-musl@4.60.2
3447 silly packumentCache full:https://registry.npmjs.org/@rollup%2frollup-linux-riscv64-musl cache-miss
3448 http fetch GET 200 https://registry.npmjs.org/@rollup%2frollup-linux-arm-musleabihf 123ms (cache miss)
3449 silly packumentCache full:https://registry.npmjs.org/@rollup%2frollup-linux-arm-musleabihf set size:undefined disposed:false
3450 silly fetch manifest @rollup/rollup-linux-ppc64-gnu@4.60.2
3451 silly packumentCache full:https://registry.npmjs.org/@rollup%2frollup-linux-ppc64-gnu cache-miss
3452 http fetch GET 200 https://registry.npmjs.org/@rollup%2frollup-darwin-arm64 134ms (cache miss)
3453 silly packumentCache full:https://registry.npmjs.org/@rollup%2frollup-darwin-arm64 set size:undefined disposed:false
3454 silly fetch manifest @rollup/rollup-linux-ppc64-musl@4.60.2
3455 silly packumentCache full:https://registry.npmjs.org/@rollup%2frollup-linux-ppc64-musl cache-miss
3456 http fetch GET 200 https://registry.npmjs.org/@rollup%2frollup-linux-arm-gnueabihf 140ms (cache miss)
3457 silly packumentCache full:https://registry.npmjs.org/@rollup%2frollup-linux-arm-gnueabihf set size:undefined disposed:false
3458 silly fetch manifest @rollup/rollup-linux-s390x-gnu@4.60.2
3459 silly packumentCache full:https://registry.npmjs.org/@rollup%2frollup-linux-s390x-gnu cache-miss
3460 http fetch GET 200 https://registry.npmjs.org/@rollup%2frollup-linux-loong64-musl 112ms (cache miss)
3461 silly packumentCache full:https://registry.npmjs.org/@rollup%2frollup-linux-loong64-musl set size:undefined disposed:false
3462 silly fetch manifest @rollup/rollup-darwin-x64@4.60.2
3463 silly packumentCache full:https://registry.npmjs.org/@rollup%2frollup-darwin-x64 cache-miss
3464 http fetch GET 200 https://registry.npmjs.org/@rollup%2frollup-linux-riscv64-gnu 112ms (cache miss)
3465 silly packumentCache full:https://registry.npmjs.org/@rollup%2frollup-linux-riscv64-gnu set size:undefined disposed:false
3466 silly fetch manifest @rollup/rollup-win32-x64-gnu@4.60.2
3467 silly packumentCache full:https://registry.npmjs.org/@rollup%2frollup-win32-x64-gnu cache-miss
3468 http fetch GET 200 https://registry.npmjs.org/@rollup%2frollup-linux-riscv64-musl 105ms (cache miss)
3469 silly packumentCache full:https://registry.npmjs.org/@rollup%2frollup-linux-riscv64-musl set size:undefined disposed:false
3470 silly fetch manifest @rollup/rollup-win32-x64-msvc@4.60.2
3471 silly packumentCache full:https://registry.npmjs.org/@rollup%2frollup-win32-x64-msvc cache-miss
3472 http fetch GET 200 https://registry.npmjs.org/@rollup%2frollup-linux-ppc64-gnu 105ms (cache miss)
3473 silly packumentCache full:https://registry.npmjs.org/@rollup%2frollup-linux-ppc64-gnu set size:undefined disposed:false
3474 silly fetch manifest @rollup/rollup-freebsd-x64@4.60.2
3475 silly packumentCache full:https://registry.npmjs.org/@rollup%2frollup-freebsd-x64 cache-miss
3476 http fetch GET 200 https://registry.npmjs.org/@rollup%2frollup-linux-ppc64-musl 104ms (cache miss)
3477 silly packumentCache full:https://registry.npmjs.org/@rollup%2frollup-linux-ppc64-musl set size:undefined disposed:false
3478 silly fetch manifest @rollup/rollup-linux-x64-gnu@4.60.2
3479 silly packumentCache full:https://registry.npmjs.org/@rollup%2frollup-linux-x64-gnu cache-miss
3480 http fetch GET 200 https://registry.npmjs.org/@rollup%2frollup-linux-s390x-gnu 104ms (cache miss)
3481 silly packumentCache full:https://registry.npmjs.org/@rollup%2frollup-linux-s390x-gnu set size:undefined disposed:false
3482 silly fetch manifest @rollup/rollup-linux-x64-musl@4.60.2
3483 silly packumentCache full:https://registry.npmjs.org/@rollup%2frollup-linux-x64-musl cache-miss
3484 http fetch GET 200 https://registry.npmjs.org/@rollup%2frollup-darwin-x64 110ms (cache miss)
3485 silly packumentCache full:https://registry.npmjs.org/@rollup%2frollup-darwin-x64 set size:undefined disposed:false
3486 silly fetch manifest @rollup/rollup-openbsd-x64@4.60.2
3487 silly packumentCache full:https://registry.npmjs.org/@rollup%2frollup-openbsd-x64 cache-miss
3488 http fetch GET 200 https://registry.npmjs.org/@rollup%2frollup-freebsd-arm64 323ms (cache miss)
3489 silly packumentCache full:https://registry.npmjs.org/@rollup%2frollup-freebsd-arm64 set size:undefined disposed:false
3490 silly fetch manifest @rollup/rollup-openharmony-arm64@4.60.2
3491 silly packumentCache full:https://registry.npmjs.org/@rollup%2frollup-openharmony-arm64 cache-miss
3492 http fetch GET 200 https://registry.npmjs.org/@rollup%2frollup-win32-arm64-msvc 336ms (cache miss)
3493 silly packumentCache full:https://registry.npmjs.org/@rollup%2frollup-win32-arm64-msvc set size:undefined disposed:false
3494 http fetch GET 200 https://registry.npmjs.org/@rollup%2frollup-android-arm-eabi 343ms (cache miss)
3495 silly packumentCache full:https://registry.npmjs.org/@rollup%2frollup-android-arm-eabi set size:undefined disposed:false
3496 http fetch GET 200 https://registry.npmjs.org/@rollup%2frollup-freebsd-x64 112ms (cache miss)
3497 silly packumentCache full:https://registry.npmjs.org/@rollup%2frollup-freebsd-x64 set size:undefined disposed:false
3498 http fetch GET 200 https://registry.npmjs.org/@rollup%2frollup-android-arm64 354ms (cache miss)
3499 silly packumentCache full:https://registry.npmjs.org/@rollup%2frollup-android-arm64 set size:undefined disposed:false
3500 http fetch GET 200 https://registry.npmjs.org/@rollup%2frollup-linux-x64-musl 113ms (cache miss)
3501 silly packumentCache full:https://registry.npmjs.org/@rollup%2frollup-linux-x64-musl set size:undefined disposed:false
3502 http fetch GET 200 https://registry.npmjs.org/@rollup%2frollup-linux-x64-gnu 127ms (cache miss)
3503 silly packumentCache full:https://registry.npmjs.org/@rollup%2frollup-linux-x64-gnu set size:undefined disposed:false
3504 http fetch GET 200 https://registry.npmjs.org/@rollup%2frollup-openbsd-x64 98ms (cache miss)
3505 silly packumentCache full:https://registry.npmjs.org/@rollup%2frollup-openbsd-x64 set size:undefined disposed:false
3506 http fetch GET 200 https://registry.npmjs.org/@rollup%2frollup-openharmony-arm64 125ms (cache miss)
3507 silly packumentCache full:https://registry.npmjs.org/@rollup%2frollup-openharmony-arm64 set size:undefined disposed:false
3508 http fetch GET 200 https://registry.npmjs.org/@rollup%2frollup-win32-x64-gnu 312ms (cache miss)
3509 silly packumentCache full:https://registry.npmjs.org/@rollup%2frollup-win32-x64-gnu set size:undefined disposed:false
3510 http fetch GET 200 https://registry.npmjs.org/@rollup%2frollup-win32-x64-msvc 326ms (cache miss)
3511 silly packumentCache full:https://registry.npmjs.org/@rollup%2frollup-win32-x64-msvc set size:undefined disposed:false
3512 http fetch GET 200 https://registry.npmjs.org/@rollup%2frollup-win32-ia32-msvc 561ms (cache miss)
3513 silly packumentCache full:https://registry.npmjs.org/@rollup%2frollup-win32-ia32-msvc set size:undefined disposed:false
3514 silly placeDep ROOT @rollup/rollup-android-arm-eabi@4.60.2 OK for: rollup@4.60.2 want: 4.60.2
3515 silly placeDep ROOT @rollup/rollup-android-arm64@4.60.2 OK for: rollup@4.60.2 want: 4.60.2
3516 silly placeDep ROOT @rollup/rollup-darwin-arm64@4.60.2 OK for: rollup@4.60.2 want: 4.60.2
3517 silly placeDep ROOT @rollup/rollup-darwin-x64@4.60.2 OK for: rollup@4.60.2 want: 4.60.2
3518 silly placeDep ROOT @rollup/rollup-freebsd-arm64@4.60.2 OK for: rollup@4.60.2 want: 4.60.2
3519 silly placeDep ROOT @rollup/rollup-freebsd-x64@4.60.2 OK for: rollup@4.60.2 want: 4.60.2
3520 silly placeDep ROOT @rollup/rollup-linux-arm-gnueabihf@4.60.2 OK for: rollup@4.60.2 want: 4.60.2
3521 silly placeDep ROOT @rollup/rollup-linux-arm-musleabihf@4.60.2 OK for: rollup@4.60.2 want: 4.60.2
3522 silly placeDep ROOT @rollup/rollup-linux-arm64-gnu@4.60.2 OK for: rollup@4.60.2 want: 4.60.2
3523 silly placeDep ROOT @rollup/rollup-linux-arm64-musl@4.60.2 OK for: rollup@4.60.2 want: 4.60.2
3524 silly placeDep ROOT @rollup/rollup-linux-loong64-gnu@4.60.2 OK for: rollup@4.60.2 want: 4.60.2
3525 silly placeDep ROOT @rollup/rollup-linux-loong64-musl@4.60.2 OK for: rollup@4.60.2 want: 4.60.2
3526 silly placeDep ROOT @rollup/rollup-linux-ppc64-gnu@4.60.2 OK for: rollup@4.60.2 want: 4.60.2
3527 silly placeDep ROOT @rollup/rollup-linux-ppc64-musl@4.60.2 OK for: rollup@4.60.2 want: 4.60.2
3528 silly placeDep ROOT @rollup/rollup-linux-riscv64-gnu@4.60.2 OK for: rollup@4.60.2 want: 4.60.2
3529 silly placeDep ROOT @rollup/rollup-linux-riscv64-musl@4.60.2 OK for: rollup@4.60.2 want: 4.60.2
3530 silly placeDep ROOT @rollup/rollup-linux-s390x-gnu@4.60.2 OK for: rollup@4.60.2 want: 4.60.2
3531 silly placeDep ROOT @rollup/rollup-linux-x64-gnu@4.60.2 OK for: rollup@4.60.2 want: 4.60.2
3532 silly placeDep ROOT @rollup/rollup-linux-x64-musl@4.60.2 OK for: rollup@4.60.2 want: 4.60.2
3533 silly placeDep ROOT @rollup/rollup-openbsd-x64@4.60.2 OK for: rollup@4.60.2 want: 4.60.2
3534 silly placeDep ROOT @rollup/rollup-openharmony-arm64@4.60.2 OK for: rollup@4.60.2 want: 4.60.2
3535 silly placeDep ROOT @rollup/rollup-win32-arm64-msvc@4.60.2 OK for: rollup@4.60.2 want: 4.60.2
3536 silly placeDep ROOT @rollup/rollup-win32-ia32-msvc@4.60.2 OK for: rollup@4.60.2 want: 4.60.2
3537 silly placeDep ROOT @rollup/rollup-win32-x64-gnu@4.60.2 OK for: rollup@4.60.2 want: 4.60.2
3538 silly placeDep ROOT @rollup/rollup-win32-x64-msvc@4.60.2 OK for: rollup@4.60.2 want: 4.60.2
3539 silly placeDep node_modules/csso mdn-data@2.0.28 OK for: css-tree@2.2.1 want: 2.0.28
3540 silly placeDep node_modules/domutils entities@4.5.0 OK for: dom-serializer@2.0.0 want: ^4.2.0
3541 silly reify mark retired [ '/Users/anatoly/Sites/bitcode/villa-ramann2/node_modules/astro' ]
3542 silly reify mark retired [
3542 silly reify   '/Users/anatoly/Sites/bitcode/villa-ramann2/node_modules/dom-serializer'
3542 silly reify ]
3543 silly reify mark retired [ '/Users/anatoly/Sites/bitcode/villa-ramann2/node_modules/recharts' ]
3544 silly reify mark retired [ '/Users/anatoly/Sites/bitcode/villa-ramann2/node_modules/goober' ]
3545 silly reify mark retired [
3545 silly reify   '/Users/anatoly/Sites/bitcode/villa-ramann2/node_modules/victory-vendor'
3545 silly reify ]
3546 silly reify moves {
3546 silly reify   '/Users/anatoly/Sites/bitcode/villa-ramann2/node_modules/astro': '/Users/anatoly/Sites/bitcode/villa-ramann2/node_modules/.astro-V8siAcPM',
3546 silly reify   '/Users/anatoly/Sites/bitcode/villa-ramann2/node_modules/dom-serializer': '/Users/anatoly/Sites/bitcode/villa-ramann2/node_modules/.dom-serializer-dJT4Rlge',
3546 silly reify   '/Users/anatoly/Sites/bitcode/villa-ramann2/node_modules/recharts': '/Users/anatoly/Sites/bitcode/villa-ramann2/node_modules/.recharts-d2hWECUJ',
3546 silly reify   '/Users/anatoly/Sites/bitcode/villa-ramann2/node_modules/goober': '/Users/anatoly/Sites/bitcode/villa-ramann2/node_modules/.goober-mo2W6Zpb',
3546 silly reify   '/Users/anatoly/Sites/bitcode/villa-ramann2/node_modules/victory-vendor': '/Users/anatoly/Sites/bitcode/villa-ramann2/node_modules/.victory-vendor-XHusPFgf'
3546 silly reify }
3547 silly audit bulk request {
3547 silly audit   '@astrojs/react': [ '5.0.4' ],
3547 silly audit   '@astrojs/tailwind': [ '6.0.2' ],
3547 silly audit   '@base44/sdk': [ '0.8.27' ],
3547 silly audit   '@base44/vite-plugin': [ '1.0.13' ],
3547 silly audit   '@hello-pangea/dnd': [ '18.0.1' ],
3547 silly audit   '@hookform/resolvers': [ '5.2.2' ],
3547 silly audit   '@radix-ui/react-accordion': [ '1.2.12' ],
3547 silly audit   '@radix-ui/react-alert-dialog': [ '1.1.15' ],
3547 silly audit   '@radix-ui/react-aspect-ratio': [ '1.1.8' ],
3547 silly audit   '@radix-ui/react-avatar': [ '1.1.11' ],
3547 silly audit   '@radix-ui/react-checkbox': [ '1.3.3' ],
3547 silly audit   '@radix-ui/react-collapsible': [ '1.1.12' ],
3547 silly audit   '@radix-ui/react-context-menu': [ '2.2.16' ],
3547 silly audit   '@radix-ui/react-dialog': [ '1.1.15' ],
3547 silly audit   '@radix-ui/react-dropdown-menu': [ '2.1.16' ],
3547 silly audit   '@radix-ui/react-hover-card': [ '1.1.15' ],
3547 silly audit   '@radix-ui/react-label': [ '2.1.8' ],
3547 silly audit   '@radix-ui/react-menubar': [ '1.1.16' ],
3547 silly audit   '@radix-ui/react-navigation-menu': [ '1.2.14' ],
3547 silly audit   '@radix-ui/react-popover': [ '1.1.15' ],
3547 silly audit   '@radix-ui/react-progress': [ '1.1.8' ],
3547 silly audit   '@radix-ui/react-radio-group': [ '1.3.8' ],
3547 silly audit   '@radix-ui/react-scroll-area': [ '1.2.10' ],
3547 silly audit   '@radix-ui/react-select': [ '2.2.6' ],
3547 silly audit   '@radix-ui/react-separator': [ '1.1.8' ],
3547 silly audit   '@radix-ui/react-slider': [ '1.3.6' ],
3547 silly audit   '@radix-ui/react-slot': [ '1.2.4', '1.2.3' ],
3547 silly audit   '@radix-ui/react-switch': [ '1.2.6' ],
3547 silly audit   '@radix-ui/react-tabs': [ '1.1.13' ],
3547 silly audit   '@radix-ui/react-toast': [ '1.2.15' ],
3547 silly audit   '@radix-ui/react-toggle': [ '1.1.10' ],
3547 silly audit   '@radix-ui/react-toggle-group': [ '1.1.11' ],
3547 silly audit   '@radix-ui/react-tooltip': [ '1.2.8' ],
3547 silly audit   '@stripe/react-stripe-js': [ '6.3.0' ],
3547 silly audit   '@stripe/stripe-js': [ '9.4.0' ],
3547 silly audit   '@tanstack/react-query': [ '5.100.8' ],
3547 silly audit   astro: [ '6.2.1' ],
3547 silly audit   'canvas-confetti': [ '1.9.4' ],
3547 silly audit   'class-variance-authority': [ '0.7.1' ],
3547 silly audit   clsx: [ '2.1.1' ],
3547 silly audit   cmdk: [ '1.1.1' ],
3547 silly audit   'date-fns': [ '4.1.0' ],
3547 silly audit   'embla-carousel-react': [ '8.6.0' ],
3547 silly audit   'framer-motion': [ '12.38.0' ],
3547 silly audit   html2canvas: [ '1.4.1' ],
3547 silly audit   'input-otp': [ '1.4.2' ],
3547 silly audit   jspdf: [ '4.2.1' ],
3547 silly audit   lodash: [ '4.18.1' ],
3547 silly audit   'lucide-react': [ '1.14.0' ],
3547 silly audit   moment: [ '2.30.1' ],
3547 silly audit   'next-themes': [ '0.4.6' ],
3547 silly audit   react: [ '19.2.5' ],
3547 silly audit   'react-day-picker': [ '9.14.0' ],
3547 silly audit   'react-dom': [ '19.2.5' ],
3547 silly audit   'react-hook-form': [ '7.75.0' ],
3547 silly audit   'react-hot-toast': [ '2.6.0' ],
3547 silly audit   'react-leaflet': [ '5.0.0' ],
3547 silly audit   'react-markdown': [ '10.1.0' ],
3547 silly audit   'react-quill': [ '2.0.0' ],
3547 silly audit   'react-resizable-panels': [ '4.11.0' ],
3547 silly audit   'react-router-dom': [ '7.14.2' ],
3547 silly audit   recharts: [ '3.8.1' ],
3547 silly audit   sonner: [ '2.0.7' ],
3547 silly audit   'tailwind-merge': [ '3.5.0' ],
3547 silly audit   'tailwindcss-animate': [ '1.0.7' ],
3547 silly audit   three: [ '0.184.0' ],
3547 silly audit   vaul: [ '1.1.2' ],
3547 silly audit   zod: [ '4.4.2' ],
3547 silly audit   '@astrojs/internal-helpers': [ '0.9.0' ],
3547 silly audit   '@vitejs/plugin-react': [ '5.2.0' ],
3547 silly audit   devalue: [ '5.8.0' ],
3547 silly audit   ultrahtml: [ '1.6.0' ],
3547 silly audit   vite: [ '7.3.2' ],
3547 silly audit   picomatch: [ '4.0.4', '2.3.2' ],
3547 silly audit   autoprefixer: [ '10.5.0' ],
3547 silly audit   postcss: [ '8.5.13' ],
3547 silly audit   'postcss-load-config': [ '4.0.2' ],
3547 silly audit   axios: [ '1.16.0' ],
3547 silly audit   'socket.io-client': [ '4.8.3' ],
3547 silly audit   uuid: [ '13.0.1' ],
3547 silly audit   '@babel/generator': [ '7.29.1' ],
3547 silly audit   '@babel/parser': [ '7.29.3' ],
3547 silly audit   '@babel/traverse': [ '7.29.0' ],
3547 silly audit   '@babel/types': [ '7.29.0' ],
3547 silly audit   '@jridgewell/gen-mapping': [ '0.3.13' ],
3547 silly audit   '@jridgewell/trace-mapping': [ '0.3.31' ],
3547 silly audit   jsesc: [ '3.1.0' ],
3547 silly audit   '@babel/code-frame': [ '7.29.0' ],
3547 silly audit   '@babel/helper-globals': [ '7.28.0' ],
3547 silly audit   '@babel/template': [ '7.28.6' ],
3547 silly audit   debug: [ '4.4.3' ],
3547 silly audit   '@babel/helper-validator-identifier': [ '7.28.5' ],
3547 silly audit   'js-tokens': [ '4.0.0' ],
3547 silly audit   picocolors: [ '1.1.1' ],
3547 silly audit   '@babel/helper-string-parser': [ '7.27.1' ],
3547 silly audit   '@babel/runtime': [ '7.29.2' ],
3547 silly audit   'css-box-model': [ '1.2.1' ],
3547 silly audit   'raf-schd': [ '4.0.3' ],
3547 silly audit   'react-redux': [ '9.2.0' ],
3547 silly audit   redux: [ '5.0.1' ],
3547 silly audit   '@standard-schema/utils': [ '0.3.0' ],
3547 silly audit   '@jridgewell/sourcemap-codec': [ '1.5.5' ],
3547 silly audit   '@jridgewell/resolve-uri': [ '3.1.2' ],
3547 silly audit   '@radix-ui/primitive': [ '1.1.3' ],
3547 silly audit   '@radix-ui/react-collection': [ '1.1.7' ],
3547 silly audit   '@radix-ui/react-compose-refs': [ '1.1.2' ],
3547 silly audit   '@radix-ui/react-context': [ '1.1.2', '1.1.3' ],
3547 silly audit   '@radix-ui/react-direction': [ '1.1.1' ],
3547 silly audit   '@radix-ui/react-id': [ '1.1.1' ],
3547 silly audit   '@radix-ui/react-primitive': [ '2.1.3', '2.1.4' ],
3547 silly audit   '@radix-ui/react-use-controllable-state': [ '1.2.2' ],
3547 silly audit   '@radix-ui/react-use-callback-ref': [ '1.1.1' ],
3547 silly audit   '@radix-ui/react-use-is-hydrated': [ '0.1.0' ],
3547 silly audit   '@radix-ui/react-use-layout-effect': [ '1.1.1' ],
3547 silly audit   '@radix-ui/react-presence': [ '1.1.5' ],
3547 silly audit   '@radix-ui/react-use-previous': [ '1.1.1' ],
3547 silly audit   '@radix-ui/react-use-size': [ '1.1.1' ],
3547 silly audit   '@radix-ui/react-menu': [ '2.1.16' ],
3547 silly audit   '@radix-ui/react-dismissable-layer': [ '1.1.11' ],
3547 silly audit   '@radix-ui/react-focus-guards': [ '1.1.3' ],
3547 silly audit   '@radix-ui/react-focus-scope': [ '1.1.7' ],
3547 silly audit   '@radix-ui/react-portal': [ '1.1.9' ],
3547 silly audit   'aria-hidden': [ '1.2.6' ],
3547 silly audit   'react-remove-scroll': [ '2.7.2' ],
3547 silly audit   '@radix-ui/react-use-escape-keydown': [ '1.1.1' ],
3547 silly audit   '@radix-ui/react-popper': [ '1.2.8' ],
3547 silly audit   '@radix-ui/react-roving-focus': [ '1.1.11' ],
3547 silly audit   '@radix-ui/react-visually-hidden': [ '1.2.3' ],
3547 silly audit   '@floating-ui/react-dom': [ '2.1.8' ],
3547 silly audit   '@radix-ui/react-arrow': [ '1.1.7' ],
3547 silly audit   '@radix-ui/react-use-rect': [ '1.1.1' ],
3547 silly audit   '@radix-ui/rect': [ '1.1.1' ],
3547 silly audit   '@floating-ui/dom': [ '1.7.6' ],
3547 silly audit   '@floating-ui/core': [ '1.7.5' ],
3547 silly audit   '@floating-ui/utils': [ '0.2.11' ],
3547 silly audit   '@radix-ui/number': [ '1.1.1' ],
3547 silly audit   '@radix-ui/react-use-effect-event': [ '0.0.2' ],
3547 silly audit   'use-sync-external-store': [ '1.6.0' ],
3547 silly audit   'prop-types': [ '15.8.1' ],
3547 silly audit   '@tanstack/query-core': [ '5.100.8' ],
3547 silly audit   '@babel/core': [ '7.29.0' ],
3547 silly audit   '@babel/plugin-transform-react-jsx-self': [ '7.27.1' ],
3547 silly audit   '@babel/plugin-transform-react-jsx-source': [ '7.27.1' ],
3547 silly audit   '@rolldown/pluginutils': [ '1.0.0-rc.3' ],
3547 silly audit   '@types/babel__core': [ '7.20.5' ],
3547 silly audit   'react-refresh': [ '0.18.0' ],
3547 silly audit   '@babel/helper-compilation-targets': [ '7.28.6' ],
3547 silly audit   '@babel/helper-module-transforms': [ '7.28.6' ],
3547 silly audit   '@babel/helpers': [ '7.29.2' ],
3547 silly audit   '@jridgewell/remapping': [ '2.3.5' ],
3547 silly audit   'convert-source-map': [ '2.0.0' ],
3547 silly audit   gensync: [ '1.0.0-beta.2' ],
3547 silly audit   json5: [ '2.2.3' ],
3547 silly audit   semver: [ '6.3.1', '7.7.4' ],
3547 silly audit   '@babel/compat-data': [ '7.29.3' ],
3547 silly audit   '@babel/helper-validator-option': [ '7.27.1' ],
3547 silly audit   browserslist: [ '4.28.2' ],
3547 silly audit   'lru-cache': [ '5.1.1', '11.3.5' ],
3547 silly audit   '@babel/helper-module-imports': [ '7.28.6' ],
3547 silly audit   '@babel/helper-plugin-utils': [ '7.28.6' ],
3547 silly audit   '@types/babel__generator': [ '7.27.0' ],
3547 silly audit   '@types/babel__template': [ '7.4.4' ],
3547 silly audit   '@types/babel__traverse': [ '7.28.0' ],
3547 silly audit   tslib: [ '2.8.1' ],
3547 silly audit   '@astrojs/compiler': [ '4.0.0' ],
3547 silly audit   '@astrojs/markdown-remark': [ '7.1.1' ],
3547 silly audit   '@astrojs/telemetry': [ '3.3.1' ],
3547 silly audit   '@capsizecss/unpack': [ '4.0.0' ],
3547 silly audit   '@clack/prompts': [ '1.3.0' ],
3547 silly audit   '@oslojs/encoding': [ '1.1.0' ],
3547 silly audit   '@rollup/pluginutils': [ '5.3.0' ],
3547 silly audit   'aria-query': [ '5.3.2' ],
3547 silly audit   'axobject-query': [ '4.1.0' ],
3547 silly audit   'ci-info': [ '4.4.0' ],
3547 silly audit   'common-ancestor-path': [ '2.0.0' ],
3547 silly audit   cookie: [ '1.1.1' ],
3547 silly audit   diff: [ '8.0.4' ],
3547 silly audit   dset: [ '3.1.4' ],
3547 silly audit   'es-module-lexer': [ '2.1.0' ],
3547 silly audit   esbuild: [ '0.27.7' ],
3547 silly audit   flattie: [ '1.1.1' ],
3547 silly audit   fontace: [ '0.4.1' ],
3547 silly audit   'github-slugger': [ '2.0.0' ],
3547 silly audit   'html-escaper': [ '3.0.3' ],
3547 silly audit   'http-cache-semantics': [ '4.2.0' ],
3547 silly audit   'js-yaml': [ '4.1.1' ],
3547 silly audit   'magic-string': [ '0.30.21' ],
3547 silly audit   magicast: [ '0.5.2' ],
3547 silly audit   mrmime: [ '2.0.1' ],
3547 silly audit   neotraverse: [ '0.6.18' ],
3547 silly audit   obug: [ '2.1.1' ],
3547 silly audit   'p-limit': [ '7.3.0' ],
3547 silly audit   'p-queue': [ '9.2.0' ],
3547 silly audit   'package-manager-detector': [ '1.6.0' ],
3547 silly audit   piccolore: [ '0.1.3' ],
3547 silly audit   rehype: [ '13.0.2' ],
3547 silly audit   sharp: [ '0.34.5' ],
3547 silly audit   shiki: [ '4.0.2' ],
3547 silly audit   'smol-toml': [ '1.6.1' ],
3547 silly audit   svgo: [ '4.0.1' ],
3547 silly audit   tinyclip: [ '0.1.12' ],
3547 silly audit   tinyexec: [ '1.1.2' ],
3547 silly audit   tinyglobby: [ '0.2.16' ],
3547 silly audit   tsconfck: [ '3.1.6' ],
3547 silly audit   unifont: [ '0.7.4' ],
3547 silly audit   'unist-util-visit': [ '5.1.0' ],
3547 silly audit   unstorage: [ '1.17.5' ],
3547 silly audit   vfile: [ '6.0.3' ],
3547 silly audit   vitefu: [ '1.1.3' ],
3547 silly audit   'xxhash-wasm': [ '1.1.0' ],
3547 silly audit   'yargs-parser': [ '22.0.0' ],
3547 silly audit   '@astrojs/prism': [ '4.0.1' ],
3547 silly audit   'hast-util-from-html': [ '2.0.3' ],
3547 silly audit   'hast-util-to-text': [ '4.0.2' ],
3547 silly audit   'mdast-util-definitions': [ '6.0.0' ],
3547 silly audit   'rehype-raw': [ '7.0.0' ],
3547 silly audit   'rehype-stringify': [ '10.0.1' ],
3547 silly audit   'remark-gfm': [ '4.0.1' ],
3547 silly audit   'remark-parse': [ '11.0.0' ],
3547 silly audit   'remark-rehype': [ '11.1.2' ],
3547 silly audit   'remark-smartypants': [ '3.0.2' ],
3547 silly audit   'retext-smartypants': [ '6.2.0' ],
3547 silly audit   unified: [ '11.0.5' ],
3547 silly audit   'unist-util-remove-position': [ '5.0.0' ],
3547 silly audit   'unist-util-visit-parents': [ '6.0.2' ],
3547 silly audit   prismjs: [ '1.30.0' ],
3547 silly audit   dlv: [ '1.1.3' ],
3547 silly audit   'is-docker': [ '4.0.0', '3.0.0' ],
3547 silly audit   'is-wsl': [ '3.1.1' ],
3547 silly audit   'which-pm-runs': [ '1.1.0' ],
3547 silly audit   fontkitten: [ '1.0.3' ],
3547 silly audit   '@clack/core': [ '1.3.0' ],
3547 silly audit   'fast-string-width': [ '3.0.2' ],
3547 silly audit   'fast-wrap-ansi': [ '0.2.0' ],
3547 silly audit   sisteransi: [ '1.0.5' ],
3547 silly audit   '@types/estree': [ '1.0.8' ],
3547 silly audit   'estree-walker': [ '2.0.2' ],
3547 silly audit   'caniuse-lite': [ '1.0.30001791' ],
3547 silly audit   'fraction.js': [ '5.3.4' ],
3547 silly audit   'postcss-value-parser': [ '4.2.0' ],
3547 silly audit   'follow-redirects': [ '1.16.0' ],
3547 silly audit   'form-data': [ '4.0.5' ],
3547 silly audit   'proxy-from-env': [ '2.1.0' ],
3547 silly audit   'baseline-browser-mapping': [ '2.10.25' ],
3547 silly audit   'electron-to-chromium': [ '1.5.349' ],
3547 silly audit   'node-releases': [ '2.0.38' ],
3547 silly audit   'update-browserslist-db': [ '1.2.3' ],
3547 silly audit   'tiny-invariant': [ '1.3.3' ],
3547 silly audit   ms: [ '2.1.3' ],
3547 silly audit   'embla-carousel': [ '8.6.0' ],
3547 silly audit   'embla-carousel-reactive-utils': [ '8.6.0' ],
3547 silly audit   '@esbuild/aix-ppc64': [ '0.27.7' ],
3547 silly audit   '@esbuild/android-arm': [ '0.27.7' ],
3547 silly audit   '@esbuild/android-arm64': [ '0.27.7' ],
3547 silly audit   '@esbuild/android-x64': [ '0.27.7' ],
3547 silly audit   '@esbuild/darwin-arm64': [ '0.27.7' ],
3547 silly audit   '@esbuild/darwin-x64': [ '0.27.7' ],
3547 silly audit   '@esbuild/freebsd-arm64': [ '0.27.7' ],
3547 silly audit   '@esbuild/freebsd-x64': [ '0.27.7' ],
3547 silly audit   '@esbuild/linux-arm': [ '0.27.7' ],
3547 silly audit   '@esbuild/linux-arm64': [ '0.27.7' ],
3547 silly audit   '@esbuild/linux-ia32': [ '0.27.7' ],
3547 silly audit   '@esbuild/linux-loong64': [ '0.27.7' ],
3547 silly audit   '@esbuild/linux-mips64el': [ '0.27.7' ],
3547 silly audit   '@esbuild/linux-ppc64': [ '0.27.7' ],
3547 silly audit   '@esbuild/linux-riscv64': [ '0.27.7' ],
3547 silly audit   '@esbuild/linux-s390x': [ '0.27.7' ],
3547 silly audit   '@esbuild/linux-x64': [ '0.27.7' ],
3547 silly audit   '@esbuild/netbsd-arm64': [ '0.27.7' ],
3547 silly audit   '@esbuild/netbsd-x64': [ '0.27.7' ],
3547 silly audit   '@esbuild/openbsd-arm64': [ '0.27.7' ],
3547 silly audit   '@esbuild/openbsd-x64': [ '0.27.7' ],
3547 silly audit   '@esbuild/openharmony-arm64': [ '0.27.7' ],
3547 silly audit   '@esbuild/sunos-x64': [ '0.27.7' ],
3547 silly audit   '@esbuild/win32-arm64': [ '0.27.7' ],
3547 silly audit   '@esbuild/win32-ia32': [ '0.27.7' ],
3547 silly audit   '@esbuild/win32-x64': [ '0.27.7' ],
3547 silly audit   'fast-string-truncated-width': [ '3.0.3' ],
3547 silly audit   'tiny-inflate': [ '1.0.3' ],
3547 silly audit   asynckit: [ '0.4.0' ],
3547 silly audit   'combined-stream': [ '1.0.8' ],
3547 silly audit   'es-set-tostringtag': [ '2.1.0' ],
3547 silly audit   hasown: [ '2.0.3' ],
3547 silly audit   'mime-types': [ '2.1.35' ],
3547 silly audit   'delayed-stream': [ '1.0.0' ],
3547 silly audit   'es-errors': [ '1.3.0' ],
3547 silly audit   'get-intrinsic': [ '1.3.0' ],
3547 silly audit   'has-tostringtag': [ '1.0.2' ],
3547 silly audit   'motion-dom': [ '12.38.0' ],
3547 silly audit   'motion-utils': [ '12.36.0' ],
3547 silly audit   'call-bind-apply-helpers': [ '1.0.2' ],
3547 silly audit   'es-define-property': [ '1.0.1' ],
3547 silly audit   'es-object-atoms': [ '1.1.1' ],
3547 silly audit   'function-bind': [ '1.1.2' ],
3547 silly audit   'get-proto': [ '1.0.1' ],
3547 silly audit   gopd: [ '1.2.0' ],
3547 silly audit   'has-symbols': [ '1.1.0' ],
3547 silly audit   'math-intrinsics': [ '1.1.0' ],
3547 silly audit   'dunder-proto': [ '1.0.1' ],
3547 silly audit   '@types/hast': [ '3.0.4' ],
3547 silly audit   devlop: [ '1.1.0' ],
3547 silly audit   'hast-util-from-parse5': [ '8.0.3' ],
3547 silly audit   parse5: [ '7.3.0' ],
3547 silly audit   'vfile-message': [ '4.0.3' ],
3547 silly audit   '@types/unist': [ '3.0.3', '2.0.11' ],
3547 silly audit   dequal: [ '2.0.3' ],
3547 silly audit   hastscript: [ '9.0.1' ],
3547 silly audit   'property-information': [ '7.1.0' ],
3547 silly audit   'vfile-location': [ '5.0.3' ],
3547 silly audit   'web-namespaces': [ '2.0.1' ],
3547 silly audit   'hast-util-is-element': [ '3.0.0' ],
3547 silly audit   'unist-util-find-after': [ '5.0.0' ],
3547 silly audit   'comma-separated-tokens': [ '2.0.3' ],
3547 silly audit   'hast-util-parse-selector': [ '4.0.0' ],
3547 silly audit   'space-separated-tokens': [ '2.0.2' ],
3547 silly audit   'css-line-break': [ '2.1.0' ],
3547 silly audit   'text-segmentation': [ '1.0.3' ],
3547 silly audit   utrie: [ '1.0.2' ],
3547 silly audit   'is-inside-container': [ '1.0.0' ],
3547 silly audit   argparse: [ '2.0.1' ],
3547 silly audit   canvg: [ '3.0.11' ],
3547 silly audit   'core-js': [ '3.49.0' ],
3547 silly audit   dompurify: [ '3.4.2' ],
3547 silly audit   'fast-png': [ '6.4.0' ],
3547 silly audit   fflate: [ '0.8.2' ],
3547 silly audit   '@types/raf': [ '3.4.3' ],
3547 silly audit   raf: [ '3.4.1' ],
3547 silly audit   'regenerator-runtime': [ '0.13.11' ],
3547 silly audit   rgbcolor: [ '1.0.1' ],
3547 silly audit   'stackblur-canvas': [ '2.7.0' ],
3547 silly audit   'svg-pathdata': [ '6.0.3' ],
3547 silly audit   '@types/trusted-types': [ '2.0.7' ],
3547 silly audit   '@types/pako': [ '2.0.4' ],
3547 silly audit   iobuffer: [ '5.4.0' ],
3547 silly audit   pako: [ '2.1.0' ],
3547 silly audit   yallist: [ '3.1.1' ],
3547 silly audit   'source-map-js': [ '1.2.1' ],
3547 silly audit   '@types/mdast': [ '4.0.4' ],
3547 silly audit   'mime-db': [ '1.52.0' ],
3547 silly audit   'yocto-queue': [ '1.2.2' ],
3547 silly audit   eventemitter3: [ '5.0.4', '2.0.3' ],
3547 silly audit   'p-timeout': [ '7.0.1' ],
3547 silly audit   entities: [ '6.0.1', '4.5.0' ],
3547 silly audit   nanoid: [ '3.3.12' ],
3547 silly audit   lilconfig: [ '3.1.3' ],
3547 silly audit   yaml: [ '2.8.4' ],
3547 silly audit   'loose-envify': [ '1.4.0' ],
3547 silly audit   'object-assign': [ '4.1.1' ],
3547 silly audit   'react-is': [ '16.13.1' ],
3547 silly audit   'performance-now': [ '2.1.0' ],
3547 silly audit   '@date-fns/tz': [ '1.4.1' ],
3547 silly audit   '@tabby_ai/hijri-converter': [ '1.0.5' ],
3547 silly audit   'date-fns-jalali': [ '4.1.0-0' ],
3547 silly audit   scheduler: [ '0.27.0' ],
3547 silly audit   csstype: [ '3.2.3' ],
3547 silly audit   goober: [ '2.1.18' ],
3547 silly audit   '@react-leaflet/core': [ '3.0.0' ],
3547 silly audit   'hast-util-to-jsx-runtime': [ '2.3.6' ],
3547 silly audit   'html-url-attributes': [ '3.0.1' ],
3547 silly audit   'mdast-util-to-hast': [ '13.2.1' ],
3547 silly audit   'estree-util-is-identifier-name': [ '3.0.0' ],
3547 silly audit   'hast-util-whitespace': [ '3.0.0' ],
3547 silly audit   'mdast-util-mdx-expression': [ '2.0.1' ],
3547 silly audit   'mdast-util-mdx-jsx': [ '3.2.0' ],
3547 silly audit   'mdast-util-mdxjs-esm': [ '2.0.1' ],
3547 silly audit   'style-to-js': [ '1.1.21' ],
3547 silly audit   'unist-util-position': [ '5.0.0' ],
3547 silly audit   '@types/estree-jsx': [ '1.0.5' ],
3547 silly audit   'mdast-util-from-markdown': [ '2.0.3' ],
3547 silly audit   'mdast-util-to-markdown': [ '2.1.2' ],
3547 silly audit   'decode-named-character-reference': [ '1.3.0' ],
3547 silly audit   'mdast-util-to-string': [ '4.0.0' ],
3547 silly audit   micromark: [ '4.0.2' ],
3547 silly audit   'micromark-util-decode-numeric-character-reference': [ '2.0.2' ],
3547 silly audit   'micromark-util-decode-string': [ '2.0.1' ],
3547 silly audit   'micromark-util-normalize-identifier': [ '2.0.1' ],
3547 silly audit   'micromark-util-symbol': [ '2.0.1' ],
3547 silly audit   'micromark-util-types': [ '2.0.2' ],
3547 silly audit   'unist-util-stringify-position': [ '4.0.0' ],
3547 silly audit   'character-entities': [ '2.0.2' ],
3547 silly audit   ccount: [ '2.0.1' ],
3547 silly audit   'parse-entities': [ '4.0.2' ],
3547 silly audit   'stringify-entities': [ '4.0.4' ],
3547 silly audit   '@ungap/structured-clone': [ '1.3.0' ],
3547 silly audit   'micromark-util-sanitize-uri': [ '2.0.1' ],
3547 silly audit   'trim-lines': [ '3.0.1' ],
3547 silly audit   'longest-streak': [ '3.1.0' ],
3547 silly audit   'mdast-util-phrasing': [ '4.1.0' ],
3547 silly audit   'micromark-util-classify-character': [ '2.0.1' ],
3547 silly audit   zwitch: [ '2.0.4' ],
3547 silly audit   'unist-util-is': [ '6.0.1' ],
3547 silly audit   '@types/debug': [ '4.1.13' ],
3547 silly audit   'micromark-core-commonmark': [ '2.0.3' ],
3547 silly audit   'micromark-factory-space': [ '2.0.1' ],
3547 silly audit   'micromark-util-character': [ '2.1.1' ],
3547 silly audit   'micromark-util-chunked': [ '2.0.1' ],
3547 silly audit   'micromark-util-combine-extensions': [ '2.0.1' ],
3547 silly audit   'micromark-util-encode': [ '2.0.1' ],
3547 silly audit   'micromark-util-resolve-all': [ '2.0.1' ],
3547 silly audit   'micromark-util-subtokenize': [ '2.1.0' ],
3547 silly audit   '@types/ms': [ '2.1.0' ],
3547 silly audit   'micromark-factory-destination': [ '2.0.1' ],
3547 silly audit   'micromark-factory-label': [ '2.0.1' ],
3547 silly audit   'micromark-factory-title': [ '2.0.1' ],
3547 silly audit   'micromark-factory-whitespace': [ '2.0.1' ],
3547 silly audit   'micromark-util-html-tag-name': [ '2.0.1' ],
3547 silly audit   'character-entities-legacy': [ '3.0.0' ],
3547 silly audit   'character-reference-invalid': [ '2.0.1' ],
3547 silly audit   'is-alphanumerical': [ '2.0.1' ],
3547 silly audit   'is-decimal': [ '2.0.1' ],
3547 silly audit   'is-hexadecimal': [ '2.0.1' ],
3547 silly audit   'is-alphabetical': [ '2.0.1' ],
3547 silly audit   '@types/quill': [ '1.3.10' ],
3547 silly audit   quill: [ '1.3.7' ],
3547 silly audit   parchment: [ '1.1.4' ],
3547 silly audit   clone: [ '2.1.2' ],
3547 silly audit   'deep-equal': [ '1.1.2' ],
3547 silly audit   extend: [ '3.0.2' ],
3547 silly audit   'quill-delta': [ '3.6.3' ],
3547 silly audit   'is-arguments': [ '1.2.0' ],
3547 silly audit   'is-date-object': [ '1.1.0' ],
3547 silly audit   'is-regex': [ '1.2.1' ],
3547 silly audit   'object-is': [ '1.1.6' ],
3547 silly audit   'object-keys': [ '1.1.1' ],
3547 silly audit   'regexp.prototype.flags': [ '1.5.4' ],
3547 silly audit   'call-bound': [ '1.0.4' ],
3547 silly audit   'call-bind': [ '1.0.9' ],
3547 silly audit   'define-properties': [ '1.2.1' ],
3547 silly audit   'set-function-length': [ '1.2.2' ],
3547 silly audit   'define-data-property': [ '1.1.4' ],
3547 silly audit   'has-property-descriptors': [ '1.0.2' ],
3547 silly audit   'fast-diff': [ '1.1.2' ],
3547 silly audit   '@types/use-sync-external-store': [ '0.0.6' ],
3547 silly audit   'react-remove-scroll-bar': [ '2.3.8' ],
3547 silly audit   'react-style-singleton': [ '2.2.3' ],
3547 silly audit   'use-callback-ref': [ '1.3.3' ],
3547 silly audit   'use-sidecar': [ '1.1.3' ],
3547 silly audit   'react-router': [ '7.14.2' ],
3547 silly audit   'set-cookie-parser': [ '2.7.2' ],
3547 silly audit   'get-nonce': [ '1.0.1' ],
3547 silly audit   '@reduxjs/toolkit': [ '2.11.2' ],
3547 silly audit   'decimal.js-light': [ '2.5.1' ],
3547 silly audit   'es-toolkit': [ '1.46.1' ],
3547 silly audit   immer: [ '10.2.0', '11.1.4' ],
3547 silly audit   reselect: [ '5.1.1' ],
3547 silly audit   'victory-vendor': [ '37.3.6' ],
3547 silly audit   '@standard-schema/spec': [ '1.1.0' ],
3547 silly audit   'redux-thunk': [ '3.1.0' ],
3547 silly audit   'set-function-name': [ '2.0.2' ],
3547 silly audit   'rehype-parse': [ '9.0.1' ],
3547 silly audit   'hast-util-raw': [ '9.1.0' ],
3547 silly audit   'hast-util-to-parse5': [ '8.0.1' ],
3547 silly audit   'html-void-elements': [ '3.0.0' ],
3547 silly audit   'hast-util-to-html': [ '9.0.5' ],
3547 silly audit   'mdast-util-gfm': [ '3.1.0' ],
3547 silly audit   'micromark-extension-gfm': [ '3.0.0' ],
3547 silly audit   'remark-stringify': [ '11.0.0' ],
3547 silly audit   'mdast-util-gfm-autolink-literal': [ '2.0.1' ],
3547 silly audit   'mdast-util-gfm-footnote': [ '2.1.0' ],
3547 silly audit   'mdast-util-gfm-strikethrough': [ '2.0.0' ],
3547 silly audit   'mdast-util-gfm-table': [ '2.0.0' ],
3547 silly audit   'mdast-util-gfm-task-list-item': [ '2.0.0' ],
3547 silly audit   'mdast-util-find-and-replace': [ '3.0.2' ],
3547 silly audit   'escape-string-regexp': [ '5.0.0' ],
3547 silly audit   'markdown-table': [ '3.0.4' ],
3547 silly audit   'micromark-extension-gfm-autolink-literal': [ '2.1.0' ],
3547 silly audit   'micromark-extension-gfm-footnote': [ '2.1.0' ],
3547 silly audit   'micromark-extension-gfm-strikethrough': [ '2.1.0' ],
3547 silly audit   'micromark-extension-gfm-table': [ '2.1.1' ],
3547 silly audit   'micromark-extension-gfm-tagfilter': [ '2.0.0' ],
3547 silly audit   'micromark-extension-gfm-task-list-item': [ '2.1.0' ],
3547 silly audit   retext: [ '9.0.0' ],
3547 silly audit   '@types/nlcst': [ '2.0.3' ],
3547 silly audit   'retext-latin': [ '4.0.0' ],
3547 silly audit   'retext-stringify': [ '4.0.0' ],
3547 silly audit   'parse-latin': [ '7.0.0' ],
3547 silly audit   'nlcst-to-string': [ '4.0.0' ],
3547 silly audit   'unist-util-modify-children': [ '4.0.0' ],
3547 silly audit   'unist-util-visit-children': [ '3.0.0' ],
3547 silly audit   'functions-have-names': [ '1.2.3' ],
3547 silly audit   '@img/colour': [ '1.1.0' ],
3547 silly audit   '@img/sharp-darwin-arm64': [ '0.34.5' ],
3547 silly audit   '@img/sharp-darwin-x64': [ '0.34.5' ],
3547 silly audit   '@img/sharp-libvips-darwin-arm64': [ '1.2.4' ],
3547 silly audit   '@img/sharp-libvips-darwin-x64': [ '1.2.4' ],
3547 silly audit   '@img/sharp-libvips-linux-arm': [ '1.2.4' ],
3547 silly audit   '@img/sharp-libvips-linux-arm64': [ '1.2.4' ],
3547 silly audit   '@img/sharp-libvips-linux-ppc64': [ '1.2.4' ],
3547 silly audit   '@img/sharp-libvips-linux-riscv64': [ '1.2.4' ],
3547 silly audit   '@img/sharp-libvips-linux-s390x': [ '1.2.4' ],
3547 silly audit   '@img/sharp-libvips-linux-x64': [ '1.2.4' ],
3547 silly audit   '@img/sharp-libvips-linuxmusl-arm64': [ '1.2.4' ],
3547 silly audit   '@img/sharp-libvips-linuxmusl-x64': [ '1.2.4' ],
3547 silly audit   '@img/sharp-linux-arm': [ '0.34.5' ],
3547 silly audit   '@img/sharp-linux-arm64': [ '0.34.5' ],
3547 silly audit   '@img/sharp-linux-ppc64': [ '0.34.5' ],
3547 silly audit   '@img/sharp-linux-riscv64': [ '0.34.5' ],
3547 silly audit   '@img/sharp-linux-s390x': [ '0.34.5' ],
3547 silly audit   '@img/sharp-linux-x64': [ '0.34.5' ],
3547 silly audit   '@img/sharp-linuxmusl-arm64': [ '0.34.5' ],
3547 silly audit   '@img/sharp-linuxmusl-x64': [ '0.34.5' ],
3547 silly audit   '@img/sharp-wasm32': [ '0.34.5' ],
3547 silly audit   '@img/sharp-win32-arm64': [ '0.34.5' ],
3547 silly audit   '@img/sharp-win32-ia32': [ '0.34.5' ],
3547 silly audit   '@img/sharp-win32-x64': [ '0.34.5' ],
3547 silly audit   'detect-libc': [ '2.1.2' ],
3547 silly audit   '@emnapi/runtime': [ '1.10.0' ],
3547 silly audit   '@shikijs/core': [ '4.0.2' ],
3547 silly audit   '@shikijs/engine-javascript': [ '4.0.2' ],
3547 silly audit   '@shikijs/engine-oniguruma': [ '4.0.2' ],
3547 silly audit   '@shikijs/langs': [ '4.0.2' ],
3547 silly audit   '@shikijs/themes': [ '4.0.2' ],
3547 silly audit   '@shikijs/types': [ '4.0.2' ],
3547 silly audit   '@shikijs/vscode-textmate': [ '10.0.2' ],
3547 silly audit   '@shikijs/primitive': [ '4.0.2' ],
3547 silly audit   'oniguruma-to-es': [ '4.3.6' ],
3547 silly audit   'oniguruma-parser': [ '0.12.2' ],
3547 silly audit   regex: [ '6.1.0' ],
3547 silly audit   'regex-recursion': [ '6.0.2' ],
3547 silly audit   'regex-utilities': [ '2.3.0' ],
3547 silly audit   '@socket.io/component-emitter': [ '3.1.2' ],
3547 silly audit   'engine.io-client': [ '6.6.4' ],
3547 silly audit   'socket.io-parser': [ '4.2.6' ],
3547 silly audit   'engine.io-parser': [ '5.2.3' ],
3547 silly audit   ws: [ '8.18.3' ],
3547 silly audit   'xmlhttprequest-ssl': [ '2.1.2' ],
3547 silly audit   'character-entities-html4': [ '2.1.0' ],
3547 silly audit   'style-to-object': [ '1.0.14' ],
3547 silly audit   'inline-style-parser': [ '0.2.7' ],
3547 silly audit   commander: [ '11.1.0' ],
3547 silly audit   'css-select': [ '5.2.2' ],
3547 silly audit   'css-tree': [ '3.2.1', '2.2.1' ],
3547 silly audit   'css-what': [ '6.2.2' ],
3547 silly audit   csso: [ '5.0.5' ],
3547 silly audit   sax: [ '1.6.0' ],
3547 silly audit   boolbase: [ '1.0.0' ],
3547 silly audit   domhandler: [ '5.0.3' ],
3547 silly audit   domutils: [ '3.2.2' ],
3547 silly audit   'nth-check': [ '2.1.1' ],
3547 silly audit   'mdn-data': [ '2.27.1', '2.0.28' ],
3547 silly audit   domelementtype: [ '2.3.0' ],
3547 silly audit   'dom-serializer': [ '2.0.0' ],
3547 silly audit   fdir: [ '6.5.0' ],
3547 silly audit   bail: [ '2.0.2' ],
3547 silly audit   'is-plain-obj': [ '4.1.0' ],
3547 silly audit   trough: [ '2.2.0' ],
3547 silly audit   ofetch: [ '1.5.1' ],
3547 silly audit   ohash: [ '2.0.11' ],
3547 silly audit   destr: [ '2.0.5' ],
3547 silly audit   'node-fetch-native': [ '1.6.7' ],
3547 silly audit   ufo: [ '1.6.4' ],
3547 silly audit   'array-iterate': [ '2.0.1' ],
3547 silly audit   anymatch: [ '3.1.3' ],
3547 silly audit   chokidar: [ '5.0.0' ],
3547 silly audit   h3: [ '1.15.11' ],
3547 silly audit   'normalize-path': [ '3.0.0' ],
3547 silly audit   readdirp: [ '5.0.0' ],
3547 silly audit   'cookie-es': [ '1.2.3' ],
3547 silly audit   crossws: [ '0.3.5' ],
3547 silly audit   defu: [ '6.1.7' ],
3547 silly audit   'iron-webcrypto': [ '1.2.1' ],
3547 silly audit   'node-mock-http': [ '1.0.4' ],
3547 silly audit   radix3: [ '1.1.2' ],
3547 silly audit   uncrypto: [ '0.1.3' ],
3547 silly audit   escalade: [ '3.2.0' ],
3547 silly audit   'detect-node-es': [ '1.1.0' ],
3547 silly audit   'base64-arraybuffer': [ '1.0.2' ],
3547 silly audit   '@types/d3-array': [ '3.2.2' ],
3547 silly audit   '@types/d3-ease': [ '3.0.2' ],
3547 silly audit   '@types/d3-interpolate': [ '3.0.4' ],
3547 silly audit   '@types/d3-scale': [ '4.0.9' ],
3547 silly audit   '@types/d3-shape': [ '3.1.8' ],
3547 silly audit   '@types/d3-time': [ '3.0.4' ],
3547 silly audit   '@types/d3-timer': [ '3.0.2' ],
3547 silly audit   'd3-array': [ '3.2.4' ],
3547 silly audit   'd3-ease': [ '3.0.1' ],
3547 silly audit   'd3-interpolate': [ '3.0.1' ],
3547 silly audit   'd3-scale': [ '4.0.2' ],
3547 silly audit   'd3-shape': [ '3.2.0' ],
3547 silly audit   'd3-time': [ '3.1.0' ],
3547 silly audit   'd3-timer': [ '3.0.1' ],
3547 silly audit   '@types/d3-color': [ '3.1.3' ],
3547 silly audit   '@types/d3-path': [ '3.1.1' ],
3547 silly audit   internmap: [ '2.0.3' ],
3547 silly audit   'd3-color': [ '3.1.0' ],
3547 silly audit   'd3-format': [ '3.1.2' ],
3547 silly audit   'd3-time-format': [ '4.1.0' ],
3547 silly audit   'd3-path': [ '3.1.0' ],
3547 silly audit   fsevents: [ '2.3.3' ],
3547 silly audit   rollup: [ '4.60.2' ],
3547 silly audit   '@rollup/rollup-android-arm-eabi': [ '4.60.2' ],
3547 silly audit   '@rollup/rollup-android-arm64': [ '4.60.2' ],
3547 silly audit   '@rollup/rollup-darwin-arm64': [ '4.60.2' ],
3547 silly audit   '@rollup/rollup-darwin-x64': [ '4.60.2' ],
3547 silly audit   '@rollup/rollup-freebsd-arm64': [ '4.60.2' ],
3547 silly audit   '@rollup/rollup-freebsd-x64': [ '4.60.2' ],
3547 silly audit   '@rollup/rollup-linux-arm-gnueabihf': [ '4.60.2' ],
3547 silly audit   '@rollup/rollup-linux-arm-musleabihf': [ '4.60.2' ],
3547 silly audit   '@rollup/rollup-linux-arm64-gnu': [ '4.60.2' ],
3547 silly audit   '@rollup/rollup-linux-arm64-musl': [ '4.60.2' ],
3547 silly audit   '@rollup/rollup-linux-loong64-gnu': [ '4.60.2' ],
3547 silly audit   '@rollup/rollup-linux-loong64-musl': [ '4.60.2' ],
3547 silly audit   '@rollup/rollup-linux-ppc64-gnu': [ '4.60.2' ],
3547 silly audit   '@rollup/rollup-linux-ppc64-musl': [ '4.60.2' ],
3547 silly audit   '@rollup/rollup-linux-riscv64-gnu': [ '4.60.2' ],
3547 silly audit   '@rollup/rollup-linux-riscv64-musl': [ '4.60.2' ],
3547 silly audit   '@rollup/rollup-linux-s390x-gnu': [ '4.60.2' ],
3547 silly audit   '@rollup/rollup-linux-x64-gnu': [ '4.60.2' ],
3547 silly audit   '@rollup/rollup-linux-x64-musl': [ '4.60.2' ],
3547 silly audit   '@rollup/rollup-openbsd-x64': [ '4.60.2' ],
3547 silly audit   '@rollup/rollup-openharmony-arm64': [ '4.60.2' ],
3547 silly audit   '@rollup/rollup-win32-arm64-msvc': [ '4.60.2' ],
3547 silly audit   '@rollup/rollup-win32-ia32-msvc': [ '4.60.2' ],
3547 silly audit   '@rollup/rollup-win32-x64-gnu': [ '4.60.2' ],
3547 silly audit   '@rollup/rollup-win32-x64-msvc': [ '4.60.2' ]
3547 silly audit }
3548 http cache rollup@https://registry.npmjs.org/rollup/-/rollup-4.60.2.tgz 0ms (cache hit)
3549 http cache @rollup/rollup-darwin-x64@https://registry.npmjs.org/@rollup/rollup-darwin-x64/-/rollup-darwin-x64-4.60.2.tgz 0ms (cache hit)
3550 http cache d3-path@https://registry.npmjs.org/d3-path/-/d3-path-3.1.0.tgz 0ms (cache hit)
3551 http cache fsevents@https://registry.npmjs.org/fsevents/-/fsevents-2.3.3.tgz 0ms (cache hit)
3552 http cache d3-format@https://registry.npmjs.org/d3-format/-/d3-format-3.1.2.tgz 0ms (cache hit)
3553 http cache d3-time-format@https://registry.npmjs.org/d3-time-format/-/d3-time-format-4.1.0.tgz 0ms (cache hit)
3554 http cache d3-color@https://registry.npmjs.org/d3-color/-/d3-color-3.1.0.tgz 0ms (cache hit)
3555 http cache internmap@https://registry.npmjs.org/internmap/-/internmap-2.0.3.tgz 0ms (cache hit)
3556 http cache @types/d3-path@https://registry.npmjs.org/@types/d3-path/-/d3-path-3.1.1.tgz 0ms (cache hit)
3557 http cache @types/d3-color@https://registry.npmjs.org/@types/d3-color/-/d3-color-3.1.3.tgz 0ms (cache hit)
3558 http cache d3-time@https://registry.npmjs.org/d3-time/-/d3-time-3.1.0.tgz 0ms (cache hit)
3559 http cache d3-timer@https://registry.npmjs.org/d3-timer/-/d3-timer-3.0.1.tgz 0ms (cache hit)
3560 http cache d3-shape@https://registry.npmjs.org/d3-shape/-/d3-shape-3.2.0.tgz 0ms (cache hit)
3561 http cache d3-scale@https://registry.npmjs.org/d3-scale/-/d3-scale-4.0.2.tgz 0ms (cache hit)
3562 http cache d3-interpolate@https://registry.npmjs.org/d3-interpolate/-/d3-interpolate-3.0.1.tgz 0ms (cache hit)
3563 http cache d3-ease@https://registry.npmjs.org/d3-ease/-/d3-ease-3.0.1.tgz 0ms (cache hit)
3564 http cache d3-array@https://registry.npmjs.org/d3-array/-/d3-array-3.2.4.tgz 0ms (cache hit)
3565 http cache @types/d3-timer@https://registry.npmjs.org/@types/d3-timer/-/d3-timer-3.0.2.tgz 0ms (cache hit)
3566 http cache @types/d3-time@https://registry.npmjs.org/@types/d3-time/-/d3-time-3.0.4.tgz 0ms (cache hit)
3567 http cache @types/d3-shape@https://registry.npmjs.org/@types/d3-shape/-/d3-shape-3.1.8.tgz 0ms (cache hit)
3568 http cache @types/d3-interpolate@https://registry.npmjs.org/@types/d3-interpolate/-/d3-interpolate-3.0.4.tgz 0ms (cache hit)
3569 http cache @types/d3-scale@https://registry.npmjs.org/@types/d3-scale/-/d3-scale-4.0.9.tgz 0ms (cache hit)
3570 http cache @types/d3-ease@https://registry.npmjs.org/@types/d3-ease/-/d3-ease-3.0.2.tgz 0ms (cache hit)
3571 http cache @types/d3-array@https://registry.npmjs.org/@types/d3-array/-/d3-array-3.2.2.tgz 0ms (cache hit)
3572 http cache base64-arraybuffer@https://registry.npmjs.org/base64-arraybuffer/-/base64-arraybuffer-1.0.2.tgz 0ms (cache hit)
3573 http cache detect-node-es@https://registry.npmjs.org/detect-node-es/-/detect-node-es-1.1.0.tgz 0ms (cache hit)
3574 http cache escalade@https://registry.npmjs.org/escalade/-/escalade-3.2.0.tgz 0ms (cache hit)
3575 http cache uncrypto@https://registry.npmjs.org/uncrypto/-/uncrypto-0.1.3.tgz 0ms (cache hit)
3576 http cache radix3@https://registry.npmjs.org/radix3/-/radix3-1.1.2.tgz 0ms (cache hit)
3577 http cache node-mock-http@https://registry.npmjs.org/node-mock-http/-/node-mock-http-1.0.4.tgz 0ms (cache hit)
3578 http cache defu@https://registry.npmjs.org/defu/-/defu-6.1.7.tgz 0ms (cache hit)
3579 http cache readdirp@https://registry.npmjs.org/readdirp/-/readdirp-5.0.0.tgz 0ms (cache hit)
3580 http cache cookie-es@https://registry.npmjs.org/cookie-es/-/cookie-es-1.2.3.tgz 0ms (cache hit)
3581 http cache crossws@https://registry.npmjs.org/crossws/-/crossws-0.3.5.tgz 0ms (cache hit)
3582 http cache iron-webcrypto@https://registry.npmjs.org/iron-webcrypto/-/iron-webcrypto-1.2.1.tgz 0ms (cache hit)
3583 http cache normalize-path@https://registry.npmjs.org/normalize-path/-/normalize-path-3.0.0.tgz 0ms (cache hit)
3584 http cache h3@https://registry.npmjs.org/h3/-/h3-1.15.11.tgz 0ms (cache hit)
3585 http cache chokidar@https://registry.npmjs.org/chokidar/-/chokidar-5.0.0.tgz 0ms (cache hit)
3586 http cache anymatch@https://registry.npmjs.org/anymatch/-/anymatch-3.1.3.tgz 0ms (cache hit)
3587 http cache array-iterate@https://registry.npmjs.org/array-iterate/-/array-iterate-2.0.1.tgz 0ms (cache hit)
3588 http cache ufo@https://registry.npmjs.org/ufo/-/ufo-1.6.4.tgz 0ms (cache hit)
3589 http cache node-fetch-native@https://registry.npmjs.org/node-fetch-native/-/node-fetch-native-1.6.7.tgz 0ms (cache hit)
3590 http cache destr@https://registry.npmjs.org/destr/-/destr-2.0.5.tgz 0ms (cache hit)
3591 http cache ofetch@https://registry.npmjs.org/ofetch/-/ofetch-1.5.1.tgz 0ms (cache hit)
3592 http cache ohash@https://registry.npmjs.org/ohash/-/ohash-2.0.11.tgz 0ms (cache hit)
3593 http cache trough@https://registry.npmjs.org/trough/-/trough-2.2.0.tgz 0ms (cache hit)
3594 http cache is-plain-obj@https://registry.npmjs.org/is-plain-obj/-/is-plain-obj-4.1.0.tgz 0ms (cache hit)
3595 http cache bail@https://registry.npmjs.org/bail/-/bail-2.0.2.tgz 0ms (cache hit)
3596 http cache fdir@https://registry.npmjs.org/fdir/-/fdir-6.5.0.tgz 0ms (cache hit)
3597 http cache domelementtype@https://registry.npmjs.org/domelementtype/-/domelementtype-2.3.0.tgz 0ms (cache hit)
3598 http cache mdn-data@https://registry.npmjs.org/mdn-data/-/mdn-data-2.27.1.tgz 0ms (cache hit)
3599 http cache nth-check@https://registry.npmjs.org/nth-check/-/nth-check-2.1.1.tgz 0ms (cache hit)
3600 http cache domhandler@https://registry.npmjs.org/domhandler/-/domhandler-5.0.3.tgz 0ms (cache hit)
3601 http cache domutils@https://registry.npmjs.org/domutils/-/domutils-3.2.2.tgz 0ms (cache hit)
3602 http cache boolbase@https://registry.npmjs.org/boolbase/-/boolbase-1.0.0.tgz 0ms (cache hit)
3603 http cache sax@https://registry.npmjs.org/sax/-/sax-1.6.0.tgz 0ms (cache hit)
3604 http cache csso@https://registry.npmjs.org/csso/-/csso-5.0.5.tgz 0ms (cache hit)
3605 http cache css-tree@https://registry.npmjs.org/css-tree/-/css-tree-3.2.1.tgz 0ms (cache hit)
3606 http cache css-select@https://registry.npmjs.org/css-select/-/css-select-5.2.2.tgz 0ms (cache hit)
3607 http cache commander@https://registry.npmjs.org/commander/-/commander-11.1.0.tgz 0ms (cache hit)
3608 http cache css-what@https://registry.npmjs.org/css-what/-/css-what-6.2.2.tgz 0ms (cache hit)
3609 http cache inline-style-parser@https://registry.npmjs.org/inline-style-parser/-/inline-style-parser-0.2.7.tgz 0ms (cache hit)
3610 http cache style-to-object@https://registry.npmjs.org/style-to-object/-/style-to-object-1.0.14.tgz 0ms (cache hit)
3611 http cache xmlhttprequest-ssl@https://registry.npmjs.org/xmlhttprequest-ssl/-/xmlhttprequest-ssl-2.1.2.tgz 0ms (cache hit)
3612 http cache ws@https://registry.npmjs.org/ws/-/ws-8.18.3.tgz 0ms (cache hit)
3613 http cache engine.io-parser@https://registry.npmjs.org/engine.io-parser/-/engine.io-parser-5.2.3.tgz 0ms (cache hit)
3614 http cache character-entities-html4@https://registry.npmjs.org/character-entities-html4/-/character-entities-html4-2.1.0.tgz 0ms (cache hit)
3615 http cache engine.io-client@https://registry.npmjs.org/engine.io-client/-/engine.io-client-6.6.4.tgz 0ms (cache hit)
3616 http cache regex-utilities@https://registry.npmjs.org/regex-utilities/-/regex-utilities-2.3.0.tgz 0ms (cache hit)
3617 http cache socket.io-parser@https://registry.npmjs.org/socket.io-parser/-/socket.io-parser-4.2.6.tgz 0ms (cache hit)
3618 http cache @socket.io/component-emitter@https://registry.npmjs.org/@socket.io/component-emitter/-/component-emitter-3.1.2.tgz 0ms (cache hit)
3619 http cache regex@https://registry.npmjs.org/regex/-/regex-6.1.0.tgz 0ms (cache hit)
3620 http cache oniguruma-parser@https://registry.npmjs.org/oniguruma-parser/-/oniguruma-parser-0.12.2.tgz 0ms (cache hit)
3621 http cache oniguruma-to-es@https://registry.npmjs.org/oniguruma-to-es/-/oniguruma-to-es-4.3.6.tgz 0ms (cache hit)
3622 http cache regex-recursion@https://registry.npmjs.org/regex-recursion/-/regex-recursion-6.0.2.tgz 0ms (cache hit)
3623 http cache @shikijs/vscode-textmate@https://registry.npmjs.org/@shikijs/vscode-textmate/-/vscode-textmate-10.0.2.tgz 0ms (cache hit)
3624 http cache @shikijs/types@https://registry.npmjs.org/@shikijs/types/-/types-4.0.2.tgz 0ms (cache hit)
3625 http cache @shikijs/themes@https://registry.npmjs.org/@shikijs/themes/-/themes-4.0.2.tgz 0ms (cache hit)
3626 http cache @shikijs/primitive@https://registry.npmjs.org/@shikijs/primitive/-/primitive-4.0.2.tgz 0ms (cache hit)
3627 http cache @shikijs/langs@https://registry.npmjs.org/@shikijs/langs/-/langs-4.0.2.tgz 0ms (cache hit)
3628 http cache @shikijs/engine-oniguruma@https://registry.npmjs.org/@shikijs/engine-oniguruma/-/engine-oniguruma-4.0.2.tgz 0ms (cache hit)
3629 http cache @shikijs/engine-javascript@https://registry.npmjs.org/@shikijs/engine-javascript/-/engine-javascript-4.0.2.tgz 0ms (cache hit)
3630 http cache detect-libc@https://registry.npmjs.org/detect-libc/-/detect-libc-2.1.2.tgz 0ms (cache hit)
3631 http cache @shikijs/core@https://registry.npmjs.org/@shikijs/core/-/core-4.0.2.tgz 0ms (cache hit)
3632 http cache @img/sharp-darwin-x64@https://registry.npmjs.org/@img/sharp-darwin-x64/-/sharp-darwin-x64-0.34.5.tgz 0ms (cache hit)
3633 http cache functions-have-names@https://registry.npmjs.org/functions-have-names/-/functions-have-names-1.2.3.tgz 0ms (cache hit)
3634 http cache @img/sharp-libvips-darwin-x64@https://registry.npmjs.org/@img/sharp-libvips-darwin-x64/-/sharp-libvips-darwin-x64-1.2.4.tgz 0ms (cache hit)
3635 http cache @img/colour@https://registry.npmjs.org/@img/colour/-/colour-1.1.0.tgz 0ms (cache hit)
3636 http cache nlcst-to-string@https://registry.npmjs.org/nlcst-to-string/-/nlcst-to-string-4.0.0.tgz 0ms (cache hit)
3637 http cache parse-latin@https://registry.npmjs.org/parse-latin/-/parse-latin-7.0.0.tgz 1ms (cache hit)
3638 http cache unist-util-modify-children@https://registry.npmjs.org/unist-util-modify-children/-/unist-util-modify-children-4.0.0.tgz 0ms (cache hit)
3639 http cache retext-stringify@https://registry.npmjs.org/retext-stringify/-/retext-stringify-4.0.0.tgz 0ms (cache hit)
3640 http cache retext-latin@https://registry.npmjs.org/retext-latin/-/retext-latin-4.0.0.tgz 0ms (cache hit)
3641 http cache @types/nlcst@https://registry.npmjs.org/@types/nlcst/-/nlcst-2.0.3.tgz 0ms (cache hit)
3642 http cache retext@https://registry.npmjs.org/retext/-/retext-9.0.0.tgz 0ms (cache hit)
3643 http cache micromark-extension-gfm-task-list-item@https://registry.npmjs.org/micromark-extension-gfm-task-list-item/-/micromark-extension-gfm-task-list-item-2.1.0.tgz 0ms (cache hit)
3644 http cache micromark-extension-gfm-tagfilter@https://registry.npmjs.org/micromark-extension-gfm-tagfilter/-/micromark-extension-gfm-tagfilter-2.0.0.tgz 0ms (cache hit)
3645 http cache micromark-extension-gfm-table@https://registry.npmjs.org/micromark-extension-gfm-table/-/micromark-extension-gfm-table-2.1.1.tgz 0ms (cache hit)
3646 http cache micromark-extension-gfm-strikethrough@https://registry.npmjs.org/micromark-extension-gfm-strikethrough/-/micromark-extension-gfm-strikethrough-2.1.0.tgz 0ms (cache hit)
3647 http cache micromark-extension-gfm-footnote@https://registry.npmjs.org/micromark-extension-gfm-footnote/-/micromark-extension-gfm-footnote-2.1.0.tgz 0ms (cache hit)
3648 http cache micromark-extension-gfm-autolink-literal@https://registry.npmjs.org/micromark-extension-gfm-autolink-literal/-/micromark-extension-gfm-autolink-literal-2.1.0.tgz 0ms (cache hit)
3649 http cache markdown-table@https://registry.npmjs.org/markdown-table/-/markdown-table-3.0.4.tgz 0ms (cache hit)
3650 http cache unist-util-visit-children@https://registry.npmjs.org/unist-util-visit-children/-/unist-util-visit-children-3.0.0.tgz 0ms (cache hit)
3651 http cache mdast-util-find-and-replace@https://registry.npmjs.org/mdast-util-find-and-replace/-/mdast-util-find-and-replace-3.0.2.tgz 0ms (cache hit)
3652 http cache mdast-util-gfm-task-list-item@https://registry.npmjs.org/mdast-util-gfm-task-list-item/-/mdast-util-gfm-task-list-item-2.0.0.tgz 0ms (cache hit)
3653 http cache escape-string-regexp@https://registry.npmjs.org/escape-string-regexp/-/escape-string-regexp-5.0.0.tgz 0ms (cache hit)
3654 http cache mdast-util-gfm-strikethrough@https://registry.npmjs.org/mdast-util-gfm-strikethrough/-/mdast-util-gfm-strikethrough-2.0.0.tgz 0ms (cache hit)
3655 http cache mdast-util-gfm-autolink-literal@https://registry.npmjs.org/mdast-util-gfm-autolink-literal/-/mdast-util-gfm-autolink-literal-2.0.1.tgz 0ms (cache hit)
3656 http cache mdast-util-gfm-footnote@https://registry.npmjs.org/mdast-util-gfm-footnote/-/mdast-util-gfm-footnote-2.1.0.tgz 0ms (cache hit)
3657 http cache remark-stringify@https://registry.npmjs.org/remark-stringify/-/remark-stringify-11.0.0.tgz 0ms (cache hit)
3658 http cache mdast-util-gfm-table@https://registry.npmjs.org/mdast-util-gfm-table/-/mdast-util-gfm-table-2.0.0.tgz 0ms (cache hit)
3659 http cache micromark-extension-gfm@https://registry.npmjs.org/micromark-extension-gfm/-/micromark-extension-gfm-3.0.0.tgz 0ms (cache hit)
3660 http cache mdast-util-gfm@https://registry.npmjs.org/mdast-util-gfm/-/mdast-util-gfm-3.1.0.tgz 0ms (cache hit)
3661 http cache hast-util-to-html@https://registry.npmjs.org/hast-util-to-html/-/hast-util-to-html-9.0.5.tgz 0ms (cache hit)
3662 http cache hast-util-raw@https://registry.npmjs.org/hast-util-raw/-/hast-util-raw-9.1.0.tgz 0ms (cache hit)
3663 http cache hast-util-to-parse5@https://registry.npmjs.org/hast-util-to-parse5/-/hast-util-to-parse5-8.0.1.tgz 0ms (cache hit)
3664 http cache rehype-parse@https://registry.npmjs.org/rehype-parse/-/rehype-parse-9.0.1.tgz 0ms (cache hit)
3665 http cache redux-thunk@https://registry.npmjs.org/redux-thunk/-/redux-thunk-3.1.0.tgz 0ms (cache hit)
3666 http cache set-function-name@https://registry.npmjs.org/set-function-name/-/set-function-name-2.0.2.tgz 0ms (cache hit)
3667 http cache @standard-schema/spec@https://registry.npmjs.org/@standard-schema/spec/-/spec-1.1.0.tgz 0ms (cache hit)
3668 http cache immer@https://registry.npmjs.org/immer/-/immer-10.2.0.tgz 0ms (cache hit)
3669 http cache reselect@https://registry.npmjs.org/reselect/-/reselect-5.1.1.tgz 0ms (cache hit)
3670 http cache es-toolkit@https://registry.npmjs.org/es-toolkit/-/es-toolkit-1.46.1.tgz 0ms (cache hit)
3671 http cache decimal.js-light@https://registry.npmjs.org/decimal.js-light/-/decimal.js-light-2.5.1.tgz 0ms (cache hit)
3672 http cache set-cookie-parser@https://registry.npmjs.org/set-cookie-parser/-/set-cookie-parser-2.7.2.tgz 0ms (cache hit)
3673 http cache react-router@https://registry.npmjs.org/react-router/-/react-router-7.14.2.tgz 0ms (cache hit)
3674 http cache @reduxjs/toolkit@https://registry.npmjs.org/@reduxjs/toolkit/-/toolkit-2.11.2.tgz 0ms (cache hit)
3675 http cache html-void-elements@https://registry.npmjs.org/html-void-elements/-/html-void-elements-3.0.0.tgz 0ms (cache hit)
3676 http cache use-sidecar@https://registry.npmjs.org/use-sidecar/-/use-sidecar-1.1.3.tgz 0ms (cache hit)
3677 http cache react-style-singleton@https://registry.npmjs.org/react-style-singleton/-/react-style-singleton-2.2.3.tgz 0ms (cache hit)
3678 http cache react-remove-scroll-bar@https://registry.npmjs.org/react-remove-scroll-bar/-/react-remove-scroll-bar-2.3.8.tgz 0ms (cache hit)
3679 http cache use-callback-ref@https://registry.npmjs.org/use-callback-ref/-/use-callback-ref-1.3.3.tgz 0ms (cache hit)
3680 http cache @types/use-sync-external-store@https://registry.npmjs.org/@types/use-sync-external-store/-/use-sync-external-store-0.0.6.tgz 0ms (cache hit)
3681 http cache fast-diff@https://registry.npmjs.org/fast-diff/-/fast-diff-1.1.2.tgz 0ms (cache hit)
3682 http cache has-property-descriptors@https://registry.npmjs.org/has-property-descriptors/-/has-property-descriptors-1.0.2.tgz 0ms (cache hit)
3683 http cache define-data-property@https://registry.npmjs.org/define-data-property/-/define-data-property-1.1.4.tgz 0ms (cache hit)
3684 http cache set-function-length@https://registry.npmjs.org/set-function-length/-/set-function-length-1.2.2.tgz 0ms (cache hit)
3685 http cache call-bind@https://registry.npmjs.org/call-bind/-/call-bind-1.0.9.tgz 0ms (cache hit)
3686 http cache call-bound@https://registry.npmjs.org/call-bound/-/call-bound-1.0.4.tgz 0ms (cache hit)
3687 http cache define-properties@https://registry.npmjs.org/define-properties/-/define-properties-1.2.1.tgz 0ms (cache hit)
3688 http cache get-nonce@https://registry.npmjs.org/get-nonce/-/get-nonce-1.0.1.tgz 0ms (cache hit)
3689 http cache regexp.prototype.flags@https://registry.npmjs.org/regexp.prototype.flags/-/regexp.prototype.flags-1.5.4.tgz 0ms (cache hit)
3690 http cache object-keys@https://registry.npmjs.org/object-keys/-/object-keys-1.1.1.tgz 0ms (cache hit)
3691 http cache is-arguments@https://registry.npmjs.org/is-arguments/-/is-arguments-1.2.0.tgz 0ms (cache hit)
3692 http cache object-is@https://registry.npmjs.org/object-is/-/object-is-1.1.6.tgz 0ms (cache hit)
3693 http cache is-regex@https://registry.npmjs.org/is-regex/-/is-regex-1.2.1.tgz 0ms (cache hit)
3694 http cache quill-delta@https://registry.npmjs.org/quill-delta/-/quill-delta-3.6.3.tgz 0ms (cache hit)
3695 http cache extend@https://registry.npmjs.org/extend/-/extend-3.0.2.tgz 0ms (cache hit)
3696 http cache clone@https://registry.npmjs.org/clone/-/clone-2.1.2.tgz 0ms (cache hit)
3697 http cache deep-equal@https://registry.npmjs.org/deep-equal/-/deep-equal-1.1.2.tgz 0ms (cache hit)
3698 http cache parchment@https://registry.npmjs.org/parchment/-/parchment-1.1.4.tgz 0ms (cache hit)
3699 http cache quill@https://registry.npmjs.org/quill/-/quill-1.3.7.tgz 0ms (cache hit)
3700 http cache @types/quill@https://registry.npmjs.org/@types/quill/-/quill-1.3.10.tgz 0ms (cache hit)
3701 http cache is-date-object@https://registry.npmjs.org/is-date-object/-/is-date-object-1.1.0.tgz 0ms (cache hit)
3702 http cache is-alphabetical@https://registry.npmjs.org/is-alphabetical/-/is-alphabetical-2.0.1.tgz 0ms (cache hit)
3703 http cache is-hexadecimal@https://registry.npmjs.org/is-hexadecimal/-/is-hexadecimal-2.0.1.tgz 0ms (cache hit)
3704 http cache is-decimal@https://registry.npmjs.org/is-decimal/-/is-decimal-2.0.1.tgz 0ms (cache hit)
3705 http cache is-alphanumerical@https://registry.npmjs.org/is-alphanumerical/-/is-alphanumerical-2.0.1.tgz 0ms (cache hit)
3706 http cache character-entities-legacy@https://registry.npmjs.org/character-entities-legacy/-/character-entities-legacy-3.0.0.tgz 0ms (cache hit)
3707 http cache micromark-util-html-tag-name@https://registry.npmjs.org/micromark-util-html-tag-name/-/micromark-util-html-tag-name-2.0.1.tgz 0ms (cache hit)
3708 http cache micromark-factory-whitespace@https://registry.npmjs.org/micromark-factory-whitespace/-/micromark-factory-whitespace-2.0.1.tgz 0ms (cache hit)
3709 http cache micromark-factory-label@https://registry.npmjs.org/micromark-factory-label/-/micromark-factory-label-2.0.1.tgz 0ms (cache hit)
3710 http cache @types/ms@https://registry.npmjs.org/@types/ms/-/ms-2.1.0.tgz 0ms (cache hit)
3711 http cache micromark-factory-title@https://registry.npmjs.org/micromark-factory-title/-/micromark-factory-title-2.0.1.tgz 0ms (cache hit)
3712 http cache micromark-factory-destination@https://registry.npmjs.org/micromark-factory-destination/-/micromark-factory-destination-2.0.1.tgz 0ms (cache hit)
3713 http cache micromark-util-subtokenize@https://registry.npmjs.org/micromark-util-subtokenize/-/micromark-util-subtokenize-2.1.0.tgz 0ms (cache hit)
3714 http cache micromark-util-resolve-all@https://registry.npmjs.org/micromark-util-resolve-all/-/micromark-util-resolve-all-2.0.1.tgz 0ms (cache hit)
3715 http cache character-reference-invalid@https://registry.npmjs.org/character-reference-invalid/-/character-reference-invalid-2.0.1.tgz 0ms (cache hit)
3716 http cache micromark-util-chunked@https://registry.npmjs.org/micromark-util-chunked/-/micromark-util-chunked-2.0.1.tgz 0ms (cache hit)
3717 http cache micromark-util-encode@https://registry.npmjs.org/micromark-util-encode/-/micromark-util-encode-2.0.1.tgz 0ms (cache hit)
3718 http cache micromark-util-combine-extensions@https://registry.npmjs.org/micromark-util-combine-extensions/-/micromark-util-combine-extensions-2.0.1.tgz 0ms (cache hit)
3719 http cache micromark-util-character@https://registry.npmjs.org/micromark-util-character/-/micromark-util-character-2.1.1.tgz 0ms (cache hit)
3720 http cache micromark-factory-space@https://registry.npmjs.org/micromark-factory-space/-/micromark-factory-space-2.0.1.tgz 0ms (cache hit)
3721 http cache @types/debug@https://registry.npmjs.org/@types/debug/-/debug-4.1.13.tgz 0ms (cache hit)
3722 http cache micromark-core-commonmark@https://registry.npmjs.org/micromark-core-commonmark/-/micromark-core-commonmark-2.0.3.tgz 0ms (cache hit)
3723 http cache unist-util-is@https://registry.npmjs.org/unist-util-is/-/unist-util-is-6.0.1.tgz 0ms (cache hit)
3724 http cache zwitch@https://registry.npmjs.org/zwitch/-/zwitch-2.0.4.tgz 0ms (cache hit)
3725 http cache micromark-util-classify-character@https://registry.npmjs.org/micromark-util-classify-character/-/micromark-util-classify-character-2.0.1.tgz 0ms (cache hit)
3726 http cache longest-streak@https://registry.npmjs.org/longest-streak/-/longest-streak-3.1.0.tgz 0ms (cache hit)
3727 http cache micromark-util-sanitize-uri@https://registry.npmjs.org/micromark-util-sanitize-uri/-/micromark-util-sanitize-uri-2.0.1.tgz 0ms (cache hit)
3728 http cache trim-lines@https://registry.npmjs.org/trim-lines/-/trim-lines-3.0.1.tgz 0ms (cache hit)
3729 http cache stringify-entities@https://registry.npmjs.org/stringify-entities/-/stringify-entities-4.0.4.tgz 0ms (cache hit)
3730 http cache @ungap/structured-clone@https://registry.npmjs.org/@ungap/structured-clone/-/structured-clone-1.3.0.tgz 0ms (cache hit)
3731 http cache parse-entities@https://registry.npmjs.org/parse-entities/-/parse-entities-4.0.2.tgz 0ms (cache hit)
3732 http cache character-entities@https://registry.npmjs.org/character-entities/-/character-entities-2.0.2.tgz 0ms (cache hit)
3733 http cache unist-util-stringify-position@https://registry.npmjs.org/unist-util-stringify-position/-/unist-util-stringify-position-4.0.0.tgz 0ms (cache hit)
3734 http cache micromark-util-types@https://registry.npmjs.org/micromark-util-types/-/micromark-util-types-2.0.2.tgz 0ms (cache hit)
3735 http cache ccount@https://registry.npmjs.org/ccount/-/ccount-2.0.1.tgz 0ms (cache hit)
3736 http cache micromark-util-symbol@https://registry.npmjs.org/micromark-util-symbol/-/micromark-util-symbol-2.0.1.tgz 0ms (cache hit)
3737 http cache mdast-util-phrasing@https://registry.npmjs.org/mdast-util-phrasing/-/mdast-util-phrasing-4.1.0.tgz 0ms (cache hit)
3738 http cache micromark-util-normalize-identifier@https://registry.npmjs.org/micromark-util-normalize-identifier/-/micromark-util-normalize-identifier-2.0.1.tgz 0ms (cache hit)
3739 http cache micromark-util-decode-string@https://registry.npmjs.org/micromark-util-decode-string/-/micromark-util-decode-string-2.0.1.tgz 0ms (cache hit)
3740 http cache micromark-util-decode-numeric-character-reference@https://registry.npmjs.org/micromark-util-decode-numeric-character-reference/-/micromark-util-decode-numeric-character-reference-2.0.2.tgz 0ms (cache hit)
3741 http cache micromark@https://registry.npmjs.org/micromark/-/micromark-4.0.2.tgz 0ms (cache hit)
3742 http cache decode-named-character-reference@https://registry.npmjs.org/decode-named-character-reference/-/decode-named-character-reference-1.3.0.tgz 0ms (cache hit)
3743 http cache mdast-util-to-string@https://registry.npmjs.org/mdast-util-to-string/-/mdast-util-to-string-4.0.0.tgz 0ms (cache hit)
3744 http cache @types/estree-jsx@https://registry.npmjs.org/@types/estree-jsx/-/estree-jsx-1.0.5.tgz 0ms (cache hit)
3745 http cache mdast-util-to-markdown@https://registry.npmjs.org/mdast-util-to-markdown/-/mdast-util-to-markdown-2.1.2.tgz 0ms (cache hit)
3746 http cache style-to-js@https://registry.npmjs.org/style-to-js/-/style-to-js-1.1.21.tgz 0ms (cache hit)
3747 http cache unist-util-position@https://registry.npmjs.org/unist-util-position/-/unist-util-position-5.0.0.tgz 0ms (cache hit)
3748 http cache mdast-util-from-markdown@https://registry.npmjs.org/mdast-util-from-markdown/-/mdast-util-from-markdown-2.0.3.tgz 0ms (cache hit)
3749 http cache mdast-util-mdx-expression@https://registry.npmjs.org/mdast-util-mdx-expression/-/mdast-util-mdx-expression-2.0.1.tgz 0ms (cache hit)
3750 http cache mdast-util-mdxjs-esm@https://registry.npmjs.org/mdast-util-mdxjs-esm/-/mdast-util-mdxjs-esm-2.0.1.tgz 0ms (cache hit)
3751 http cache mdast-util-mdx-jsx@https://registry.npmjs.org/mdast-util-mdx-jsx/-/mdast-util-mdx-jsx-3.2.0.tgz 0ms (cache hit)
3752 http cache estree-util-is-identifier-name@https://registry.npmjs.org/estree-util-is-identifier-name/-/estree-util-is-identifier-name-3.0.0.tgz 0ms (cache hit)
3753 http cache mdast-util-to-hast@https://registry.npmjs.org/mdast-util-to-hast/-/mdast-util-to-hast-13.2.1.tgz 0ms (cache hit)
3754 http cache hast-util-to-jsx-runtime@https://registry.npmjs.org/hast-util-to-jsx-runtime/-/hast-util-to-jsx-runtime-2.3.6.tgz 0ms (cache hit)
3755 http cache html-url-attributes@https://registry.npmjs.org/html-url-attributes/-/html-url-attributes-3.0.1.tgz 0ms (cache hit)
3756 http cache hast-util-whitespace@https://registry.npmjs.org/hast-util-whitespace/-/hast-util-whitespace-3.0.0.tgz 0ms (cache hit)
3757 http cache scheduler@https://registry.npmjs.org/scheduler/-/scheduler-0.27.0.tgz 0ms (cache hit)
3758 http cache csstype@https://registry.npmjs.org/csstype/-/csstype-3.2.3.tgz 0ms (cache hit)
3759 http cache @react-leaflet/core@https://registry.npmjs.org/@react-leaflet/core/-/core-3.0.0.tgz 0ms (cache hit)
3760 http cache @tabby_ai/hijri-converter@https://registry.npmjs.org/@tabby_ai/hijri-converter/-/hijri-converter-1.0.5.tgz 0ms (cache hit)
3761 http cache date-fns-jalali@https://registry.npmjs.org/date-fns-jalali/-/date-fns-jalali-4.1.0-0.tgz 0ms (cache hit)
3762 http cache @date-fns/tz@https://registry.npmjs.org/@date-fns/tz/-/tz-1.4.1.tgz 0ms (cache hit)
3763 http cache performance-now@https://registry.npmjs.org/performance-now/-/performance-now-2.1.0.tgz 0ms (cache hit)
3764 http cache react-is@https://registry.npmjs.org/react-is/-/react-is-16.13.1.tgz 0ms (cache hit)
3765 http cache object-assign@https://registry.npmjs.org/object-assign/-/object-assign-4.1.1.tgz 0ms (cache hit)
3766 http cache loose-envify@https://registry.npmjs.org/loose-envify/-/loose-envify-1.4.0.tgz 0ms (cache hit)
3767 http cache yaml@https://registry.npmjs.org/yaml/-/yaml-2.8.4.tgz 0ms (cache hit)
3768 http cache lilconfig@https://registry.npmjs.org/lilconfig/-/lilconfig-3.1.3.tgz 0ms (cache hit)
3769 http cache nanoid@https://registry.npmjs.org/nanoid/-/nanoid-3.3.12.tgz 0ms (cache hit)
3770 http cache entities@https://registry.npmjs.org/entities/-/entities-6.0.1.tgz 0ms (cache hit)
3771 http cache p-timeout@https://registry.npmjs.org/p-timeout/-/p-timeout-7.0.1.tgz 0ms (cache hit)
3772 http cache eventemitter3@https://registry.npmjs.org/eventemitter3/-/eventemitter3-5.0.4.tgz 0ms (cache hit)
3773 http cache yocto-queue@https://registry.npmjs.org/yocto-queue/-/yocto-queue-1.2.2.tgz 0ms (cache hit)
3774 http cache mime-db@https://registry.npmjs.org/mime-db/-/mime-db-1.52.0.tgz 0ms (cache hit)
3775 http cache @types/mdast@https://registry.npmjs.org/@types/mdast/-/mdast-4.0.4.tgz 0ms (cache hit)
3776 http cache source-map-js@https://registry.npmjs.org/source-map-js/-/source-map-js-1.2.1.tgz 0ms (cache hit)
3777 http cache yallist@https://registry.npmjs.org/yallist/-/yallist-3.1.1.tgz 0ms (cache hit)
3778 http cache pako@https://registry.npmjs.org/pako/-/pako-2.1.0.tgz 0ms (cache hit)
3779 http cache @types/pako@https://registry.npmjs.org/@types/pako/-/pako-2.0.4.tgz 0ms (cache hit)
3780 http cache iobuffer@https://registry.npmjs.org/iobuffer/-/iobuffer-5.4.0.tgz 0ms (cache hit)
3781 http cache @types/trusted-types@https://registry.npmjs.org/@types/trusted-types/-/trusted-types-2.0.7.tgz 0ms (cache hit)
3782 http cache svg-pathdata@https://registry.npmjs.org/svg-pathdata/-/svg-pathdata-6.0.3.tgz 0ms (cache hit)
3783 http cache stackblur-canvas@https://registry.npmjs.org/stackblur-canvas/-/stackblur-canvas-2.7.0.tgz 0ms (cache hit)
3784 http cache rgbcolor@https://registry.npmjs.org/rgbcolor/-/rgbcolor-1.0.1.tgz 0ms (cache hit)
3785 http cache regenerator-runtime@https://registry.npmjs.org/regenerator-runtime/-/regenerator-runtime-0.13.11.tgz 0ms (cache hit)
3786 http cache raf@https://registry.npmjs.org/raf/-/raf-3.4.1.tgz 0ms (cache hit)
3787 http cache @types/raf@https://registry.npmjs.org/@types/raf/-/raf-3.4.3.tgz 0ms (cache hit)
3788 http cache fast-png@https://registry.npmjs.org/fast-png/-/fast-png-6.4.0.tgz 0ms (cache hit)
3789 http cache dompurify@https://registry.npmjs.org/dompurify/-/dompurify-3.4.2.tgz 0ms (cache hit)
3790 http cache core-js@https://registry.npmjs.org/core-js/-/core-js-3.49.0.tgz 0ms (cache hit)
3791 http cache fflate@https://registry.npmjs.org/fflate/-/fflate-0.8.2.tgz 0ms (cache hit)
3792 http cache canvg@https://registry.npmjs.org/canvg/-/canvg-3.0.11.tgz 0ms (cache hit)
3793 http cache is-inside-container@https://registry.npmjs.org/is-inside-container/-/is-inside-container-1.0.0.tgz 0ms (cache hit)
3794 http cache utrie@https://registry.npmjs.org/utrie/-/utrie-1.0.2.tgz 0ms (cache hit)
3795 http cache argparse@https://registry.npmjs.org/argparse/-/argparse-2.0.1.tgz 0ms (cache hit)
3796 http cache css-line-break@https://registry.npmjs.org/css-line-break/-/css-line-break-2.1.0.tgz 0ms (cache hit)
3797 http cache space-separated-tokens@https://registry.npmjs.org/space-separated-tokens/-/space-separated-tokens-2.0.2.tgz 0ms (cache hit)
3798 http cache text-segmentation@https://registry.npmjs.org/text-segmentation/-/text-segmentation-1.0.3.tgz 0ms (cache hit)
3799 http cache hast-util-parse-selector@https://registry.npmjs.org/hast-util-parse-selector/-/hast-util-parse-selector-4.0.0.tgz 0ms (cache hit)
3800 http cache unist-util-find-after@https://registry.npmjs.org/unist-util-find-after/-/unist-util-find-after-5.0.0.tgz 0ms (cache hit)
3801 http cache comma-separated-tokens@https://registry.npmjs.org/comma-separated-tokens/-/comma-separated-tokens-2.0.3.tgz 0ms (cache hit)
3802 http cache hast-util-is-element@https://registry.npmjs.org/hast-util-is-element/-/hast-util-is-element-3.0.0.tgz 0ms (cache hit)
3803 http cache property-information@https://registry.npmjs.org/property-information/-/property-information-7.1.0.tgz 0ms (cache hit)
3804 http cache web-namespaces@https://registry.npmjs.org/web-namespaces/-/web-namespaces-2.0.1.tgz 0ms (cache hit)
3805 http cache vfile-location@https://registry.npmjs.org/vfile-location/-/vfile-location-5.0.3.tgz 0ms (cache hit)
3806 http cache @types/unist@https://registry.npmjs.org/@types/unist/-/unist-3.0.3.tgz 0ms (cache hit)
3807 http cache hastscript@https://registry.npmjs.org/hastscript/-/hastscript-9.0.1.tgz 0ms (cache hit)
3808 http cache vfile-message@https://registry.npmjs.org/vfile-message/-/vfile-message-4.0.3.tgz 0ms (cache hit)
3809 http cache dequal@https://registry.npmjs.org/dequal/-/dequal-2.0.3.tgz 0ms (cache hit)
3810 http cache parse5@https://registry.npmjs.org/parse5/-/parse5-7.3.0.tgz 0ms (cache hit)
3811 http cache @types/hast@https://registry.npmjs.org/@types/hast/-/hast-3.0.4.tgz 0ms (cache hit)
3812 http cache hast-util-from-parse5@https://registry.npmjs.org/hast-util-from-parse5/-/hast-util-from-parse5-8.0.3.tgz 0ms (cache hit)
3813 http cache devlop@https://registry.npmjs.org/devlop/-/devlop-1.1.0.tgz 0ms (cache hit)
3814 http cache math-intrinsics@https://registry.npmjs.org/math-intrinsics/-/math-intrinsics-1.1.0.tgz 0ms (cache hit)
3815 http cache has-symbols@https://registry.npmjs.org/has-symbols/-/has-symbols-1.1.0.tgz 0ms (cache hit)
3816 http cache gopd@https://registry.npmjs.org/gopd/-/gopd-1.2.0.tgz 0ms (cache hit)
3817 http cache dunder-proto@https://registry.npmjs.org/dunder-proto/-/dunder-proto-1.0.1.tgz 0ms (cache hit)
3818 http cache es-object-atoms@https://registry.npmjs.org/es-object-atoms/-/es-object-atoms-1.1.1.tgz 0ms (cache hit)
3819 http cache get-proto@https://registry.npmjs.org/get-proto/-/get-proto-1.0.1.tgz 0ms (cache hit)
3820 http cache function-bind@https://registry.npmjs.org/function-bind/-/function-bind-1.1.2.tgz 0ms (cache hit)
3821 http cache es-define-property@https://registry.npmjs.org/es-define-property/-/es-define-property-1.0.1.tgz 0ms (cache hit)
3822 http cache has-tostringtag@https://registry.npmjs.org/has-tostringtag/-/has-tostringtag-1.0.2.tgz 0ms (cache hit)
3823 http cache call-bind-apply-helpers@https://registry.npmjs.org/call-bind-apply-helpers/-/call-bind-apply-helpers-1.0.2.tgz 0ms (cache hit)
3824 http cache motion-utils@https://registry.npmjs.org/motion-utils/-/motion-utils-12.36.0.tgz 0ms (cache hit)
3825 http cache motion-dom@https://registry.npmjs.org/motion-dom/-/motion-dom-12.38.0.tgz 0ms (cache hit)
3826 http cache get-intrinsic@https://registry.npmjs.org/get-intrinsic/-/get-intrinsic-1.3.0.tgz 0ms (cache hit)
3827 http cache es-errors@https://registry.npmjs.org/es-errors/-/es-errors-1.3.0.tgz 0ms (cache hit)
3828 http cache mime-types@https://registry.npmjs.org/mime-types/-/mime-types-2.1.35.tgz 0ms (cache hit)
3829 http cache delayed-stream@https://registry.npmjs.org/delayed-stream/-/delayed-stream-1.0.0.tgz 0ms (cache hit)
3830 http cache hasown@https://registry.npmjs.org/hasown/-/hasown-2.0.3.tgz 0ms (cache hit)
3831 http cache es-set-tostringtag@https://registry.npmjs.org/es-set-tostringtag/-/es-set-tostringtag-2.1.0.tgz 0ms (cache hit)
3832 http cache combined-stream@https://registry.npmjs.org/combined-stream/-/combined-stream-1.0.8.tgz 0ms (cache hit)
3833 http cache tiny-inflate@https://registry.npmjs.org/tiny-inflate/-/tiny-inflate-1.0.3.tgz 0ms (cache hit)
3834 http cache fast-string-truncated-width@https://registry.npmjs.org/fast-string-truncated-width/-/fast-string-truncated-width-3.0.3.tgz 0ms (cache hit)
3835 http cache asynckit@https://registry.npmjs.org/asynckit/-/asynckit-0.4.0.tgz 0ms (cache hit)
3836 http cache @esbuild/darwin-x64@https://registry.npmjs.org/@esbuild/darwin-x64/-/darwin-x64-0.27.7.tgz 0ms (cache hit)
3837 http cache ms@https://registry.npmjs.org/ms/-/ms-2.1.3.tgz 0ms (cache hit)
3838 http cache embla-carousel-reactive-utils@https://registry.npmjs.org/embla-carousel-reactive-utils/-/embla-carousel-reactive-utils-8.6.0.tgz 0ms (cache hit)
3839 http cache tiny-invariant@https://registry.npmjs.org/tiny-invariant/-/tiny-invariant-1.3.3.tgz 0ms (cache hit)
3840 http cache update-browserslist-db@https://registry.npmjs.org/update-browserslist-db/-/update-browserslist-db-1.2.3.tgz 0ms (cache hit)
3841 http cache embla-carousel@https://registry.npmjs.org/embla-carousel/-/embla-carousel-8.6.0.tgz 0ms (cache hit)
3842 http cache electron-to-chromium@https://registry.npmjs.org/electron-to-chromium/-/electron-to-chromium-1.5.349.tgz 0ms (cache hit)
3843 http cache node-releases@https://registry.npmjs.org/node-releases/-/node-releases-2.0.38.tgz 0ms (cache hit)
3844 http cache proxy-from-env@https://registry.npmjs.org/proxy-from-env/-/proxy-from-env-2.1.0.tgz 0ms (cache hit)
3845 http cache baseline-browser-mapping@https://registry.npmjs.org/baseline-browser-mapping/-/baseline-browser-mapping-2.10.25.tgz 0ms (cache hit)
3846 http cache form-data@https://registry.npmjs.org/form-data/-/form-data-4.0.5.tgz 0ms (cache hit)
3847 http cache fraction.js@https://registry.npmjs.org/fraction.js/-/fraction.js-5.3.4.tgz 0ms (cache hit)
3848 http cache estree-walker@https://registry.npmjs.org/estree-walker/-/estree-walker-2.0.2.tgz 0ms (cache hit)
3849 http cache follow-redirects@https://registry.npmjs.org/follow-redirects/-/follow-redirects-1.16.0.tgz 0ms (cache hit)
3850 http cache caniuse-lite@https://registry.npmjs.org/caniuse-lite/-/caniuse-lite-1.0.30001791.tgz 0ms (cache hit)
3851 http cache sisteransi@https://registry.npmjs.org/sisteransi/-/sisteransi-1.0.5.tgz 0ms (cache hit)
3852 http cache postcss-value-parser@https://registry.npmjs.org/postcss-value-parser/-/postcss-value-parser-4.2.0.tgz 0ms (cache hit)
3853 http cache fast-string-width@https://registry.npmjs.org/fast-string-width/-/fast-string-width-3.0.2.tgz 0ms (cache hit)
3854 http cache fast-wrap-ansi@https://registry.npmjs.org/fast-wrap-ansi/-/fast-wrap-ansi-0.2.0.tgz 0ms (cache hit)
3855 http cache @types/estree@https://registry.npmjs.org/@types/estree/-/estree-1.0.8.tgz 0ms (cache hit)
3856 http cache @clack/core@https://registry.npmjs.org/@clack/core/-/core-1.3.0.tgz 0ms (cache hit)
3857 http cache fontkitten@https://registry.npmjs.org/fontkitten/-/fontkitten-1.0.3.tgz 0ms (cache hit)
3858 http cache which-pm-runs@https://registry.npmjs.org/which-pm-runs/-/which-pm-runs-1.1.0.tgz 0ms (cache hit)
3859 http cache is-wsl@https://registry.npmjs.org/is-wsl/-/is-wsl-3.1.1.tgz 0ms (cache hit)
3860 http cache dlv@https://registry.npmjs.org/dlv/-/dlv-1.1.3.tgz 0ms (cache hit)
3861 http cache is-docker@https://registry.npmjs.org/is-docker/-/is-docker-4.0.0.tgz 0ms (cache hit)
3862 http cache prismjs@https://registry.npmjs.org/prismjs/-/prismjs-1.30.0.tgz 0ms (cache hit)
3863 http cache unified@https://registry.npmjs.org/unified/-/unified-11.0.5.tgz 0ms (cache hit)
3864 http cache unist-util-visit-parents@https://registry.npmjs.org/unist-util-visit-parents/-/unist-util-visit-parents-6.0.2.tgz 0ms (cache hit)
3865 http cache retext-smartypants@https://registry.npmjs.org/retext-smartypants/-/retext-smartypants-6.2.0.tgz 0ms (cache hit)
3866 http cache unist-util-remove-position@https://registry.npmjs.org/unist-util-remove-position/-/unist-util-remove-position-5.0.0.tgz 0ms (cache hit)
3867 http cache remark-smartypants@https://registry.npmjs.org/remark-smartypants/-/remark-smartypants-3.0.2.tgz 0ms (cache hit)
3868 http cache remark-rehype@https://registry.npmjs.org/remark-rehype/-/remark-rehype-11.1.2.tgz 0ms (cache hit)
3869 http cache remark-parse@https://registry.npmjs.org/remark-parse/-/remark-parse-11.0.0.tgz 0ms (cache hit)
3870 http cache rehype-stringify@https://registry.npmjs.org/rehype-stringify/-/rehype-stringify-10.0.1.tgz 0ms (cache hit)
3871 http cache remark-gfm@https://registry.npmjs.org/remark-gfm/-/remark-gfm-4.0.1.tgz 0ms (cache hit)
3872 http cache mdast-util-definitions@https://registry.npmjs.org/mdast-util-definitions/-/mdast-util-definitions-6.0.0.tgz 0ms (cache hit)
3873 http cache rehype-raw@https://registry.npmjs.org/rehype-raw/-/rehype-raw-7.0.0.tgz 0ms (cache hit)
3874 http cache hast-util-to-text@https://registry.npmjs.org/hast-util-to-text/-/hast-util-to-text-4.0.2.tgz 0ms (cache hit)
3875 http cache hast-util-from-html@https://registry.npmjs.org/hast-util-from-html/-/hast-util-from-html-2.0.3.tgz 0ms (cache hit)
3876 http cache yargs-parser@https://registry.npmjs.org/yargs-parser/-/yargs-parser-22.0.0.tgz 0ms (cache hit)
3877 http cache @astrojs/prism@https://registry.npmjs.org/@astrojs/prism/-/prism-4.0.1.tgz 0ms (cache hit)
3878 http cache xxhash-wasm@https://registry.npmjs.org/xxhash-wasm/-/xxhash-wasm-1.1.0.tgz 0ms (cache hit)
3879 http cache vitefu@https://registry.npmjs.org/vitefu/-/vitefu-1.1.3.tgz 0ms (cache hit)
3880 http cache vfile@https://registry.npmjs.org/vfile/-/vfile-6.0.3.tgz 0ms (cache hit)
3881 http cache unifont@https://registry.npmjs.org/unifont/-/unifont-0.7.4.tgz 0ms (cache hit)
3882 http cache unstorage@https://registry.npmjs.org/unstorage/-/unstorage-1.17.5.tgz 0ms (cache hit)
3883 http cache tsconfck@https://registry.npmjs.org/tsconfck/-/tsconfck-3.1.6.tgz 0ms (cache hit)
3884 http cache unist-util-visit@https://registry.npmjs.org/unist-util-visit/-/unist-util-visit-5.1.0.tgz 0ms (cache hit)
3885 http cache tinyexec@https://registry.npmjs.org/tinyexec/-/tinyexec-1.1.2.tgz 0ms (cache hit)
3886 http cache tinyglobby@https://registry.npmjs.org/tinyglobby/-/tinyglobby-0.2.16.tgz 0ms (cache hit)
3887 http cache tinyclip@https://registry.npmjs.org/tinyclip/-/tinyclip-0.1.12.tgz 0ms (cache hit)
3888 http cache svgo@https://registry.npmjs.org/svgo/-/svgo-4.0.1.tgz 1ms (cache hit)
3889 http cache sharp@https://registry.npmjs.org/sharp/-/sharp-0.34.5.tgz 0ms (cache hit)
3890 http cache shiki@https://registry.npmjs.org/shiki/-/shiki-4.0.2.tgz 0ms (cache hit)
3891 http cache package-manager-detector@https://registry.npmjs.org/package-manager-detector/-/package-manager-detector-1.6.0.tgz 0ms (cache hit)
3892 http cache p-queue@https://registry.npmjs.org/p-queue/-/p-queue-9.2.0.tgz 0ms (cache hit)
3893 http cache piccolore@https://registry.npmjs.org/piccolore/-/piccolore-0.1.3.tgz 0ms (cache hit)
3894 http cache rehype@https://registry.npmjs.org/rehype/-/rehype-13.0.2.tgz 0ms (cache hit)
3895 http cache smol-toml@https://registry.npmjs.org/smol-toml/-/smol-toml-1.6.1.tgz 0ms (cache hit)
3896 http cache p-limit@https://registry.npmjs.org/p-limit/-/p-limit-7.3.0.tgz 0ms (cache hit)
3897 http cache obug@https://registry.npmjs.org/obug/-/obug-2.1.1.tgz 0ms (cache hit)
3898 http cache neotraverse@https://registry.npmjs.org/neotraverse/-/neotraverse-0.6.18.tgz 0ms (cache hit)
3899 http cache magicast@https://registry.npmjs.org/magicast/-/magicast-0.5.2.tgz 0ms (cache hit)
3900 http cache mrmime@https://registry.npmjs.org/mrmime/-/mrmime-2.0.1.tgz 0ms (cache hit)
3901 http cache magic-string@https://registry.npmjs.org/magic-string/-/magic-string-0.30.21.tgz 0ms (cache hit)
3902 http cache http-cache-semantics@https://registry.npmjs.org/http-cache-semantics/-/http-cache-semantics-4.2.0.tgz 0ms (cache hit)
3903 http cache js-yaml@https://registry.npmjs.org/js-yaml/-/js-yaml-4.1.1.tgz 0ms (cache hit)
3904 http cache html-escaper@https://registry.npmjs.org/html-escaper/-/html-escaper-3.0.3.tgz 0ms (cache hit)
3905 http cache github-slugger@https://registry.npmjs.org/github-slugger/-/github-slugger-2.0.0.tgz 0ms (cache hit)
3906 http cache flattie@https://registry.npmjs.org/flattie/-/flattie-1.1.1.tgz 0ms (cache hit)
3907 http cache es-module-lexer@https://registry.npmjs.org/es-module-lexer/-/es-module-lexer-2.1.0.tgz 0ms (cache hit)
3908 http cache dset@https://registry.npmjs.org/dset/-/dset-3.1.4.tgz 0ms (cache hit)
3909 http cache fontace@https://registry.npmjs.org/fontace/-/fontace-0.4.1.tgz 0ms (cache hit)
3910 http cache esbuild@https://registry.npmjs.org/esbuild/-/esbuild-0.27.7.tgz 0ms (cache hit)
3911 http cache diff@https://registry.npmjs.org/diff/-/diff-8.0.4.tgz 0ms (cache hit)
3912 http cache cookie@https://registry.npmjs.org/cookie/-/cookie-1.1.1.tgz 0ms (cache hit)
3913 http cache ci-info@https://registry.npmjs.org/ci-info/-/ci-info-4.4.0.tgz 0ms (cache hit)
3914 http cache common-ancestor-path@https://registry.npmjs.org/common-ancestor-path/-/common-ancestor-path-2.0.0.tgz 0ms (cache hit)
3915 http cache axobject-query@https://registry.npmjs.org/axobject-query/-/axobject-query-4.1.0.tgz 0ms (cache hit)
3916 http cache aria-query@https://registry.npmjs.org/aria-query/-/aria-query-5.3.2.tgz 0ms (cache hit)
3917 http cache @rollup/pluginutils@https://registry.npmjs.org/@rollup/pluginutils/-/pluginutils-5.3.0.tgz 0ms (cache hit)
3918 http cache @oslojs/encoding@https://registry.npmjs.org/@oslojs/encoding/-/encoding-1.1.0.tgz 0ms (cache hit)
3919 http cache @clack/prompts@https://registry.npmjs.org/@clack/prompts/-/prompts-1.3.0.tgz 0ms (cache hit)
3920 http cache @capsizecss/unpack@https://registry.npmjs.org/@capsizecss/unpack/-/unpack-4.0.0.tgz 0ms (cache hit)
3921 http cache @astrojs/telemetry@https://registry.npmjs.org/@astrojs/telemetry/-/telemetry-3.3.1.tgz 0ms (cache hit)
3922 http cache @astrojs/markdown-remark@https://registry.npmjs.org/@astrojs/markdown-remark/-/markdown-remark-7.1.1.tgz 0ms (cache hit)
3923 http cache @astrojs/compiler@https://registry.npmjs.org/@astrojs/compiler/-/compiler-4.0.0.tgz 0ms (cache hit)
3924 http cache tslib@https://registry.npmjs.org/tslib/-/tslib-2.8.1.tgz 0ms (cache hit)
3925 http cache @types/babel__template@https://registry.npmjs.org/@types/babel__template/-/babel__template-7.4.4.tgz 0ms (cache hit)
3926 http cache @types/babel__traverse@https://registry.npmjs.org/@types/babel__traverse/-/babel__traverse-7.28.0.tgz 0ms (cache hit)
3927 http cache @babel/helper-module-imports@https://registry.npmjs.org/@babel/helper-module-imports/-/helper-module-imports-7.28.6.tgz 0ms (cache hit)
3928 http cache lru-cache@https://registry.npmjs.org/lru-cache/-/lru-cache-5.1.1.tgz 0ms (cache hit)
3929 http cache @babel/helper-validator-option@https://registry.npmjs.org/@babel/helper-validator-option/-/helper-validator-option-7.27.1.tgz 0ms (cache hit)
3930 http cache browserslist@https://registry.npmjs.org/browserslist/-/browserslist-4.28.2.tgz 0ms (cache hit)
3931 http cache @babel/helper-plugin-utils@https://registry.npmjs.org/@babel/helper-plugin-utils/-/helper-plugin-utils-7.28.6.tgz 0ms (cache hit)
3932 http cache @babel/compat-data@https://registry.npmjs.org/@babel/compat-data/-/compat-data-7.29.3.tgz 0ms (cache hit)
3933 http cache semver@https://registry.npmjs.org/semver/-/semver-6.3.1.tgz 0ms (cache hit)
3934 http cache json5@https://registry.npmjs.org/json5/-/json5-2.2.3.tgz 0ms (cache hit)
3935 http cache gensync@https://registry.npmjs.org/gensync/-/gensync-1.0.0-beta.2.tgz 0ms (cache hit)
3936 http cache convert-source-map@https://registry.npmjs.org/convert-source-map/-/convert-source-map-2.0.0.tgz 0ms (cache hit)
3937 http cache @babel/helpers@https://registry.npmjs.org/@babel/helpers/-/helpers-7.29.2.tgz 0ms (cache hit)
3938 http cache @jridgewell/remapping@https://registry.npmjs.org/@jridgewell/remapping/-/remapping-2.3.5.tgz 0ms (cache hit)
3939 http cache @babel/helper-compilation-targets@https://registry.npmjs.org/@babel/helper-compilation-targets/-/helper-compilation-targets-7.28.6.tgz 0ms (cache hit)
3940 http cache react-refresh@https://registry.npmjs.org/react-refresh/-/react-refresh-0.18.0.tgz 0ms (cache hit)
3941 http cache @babel/helper-module-transforms@https://registry.npmjs.org/@babel/helper-module-transforms/-/helper-module-transforms-7.28.6.tgz 0ms (cache hit)
3942 http cache @types/babel__core@https://registry.npmjs.org/@types/babel__core/-/babel__core-7.20.5.tgz 0ms (cache hit)
3943 http cache @rolldown/pluginutils@https://registry.npmjs.org/@rolldown/pluginutils/-/pluginutils-1.0.0-rc.3.tgz 0ms (cache hit)
3944 http cache @babel/plugin-transform-react-jsx-self@https://registry.npmjs.org/@babel/plugin-transform-react-jsx-self/-/plugin-transform-react-jsx-self-7.27.1.tgz 0ms (cache hit)
3945 http cache @babel/plugin-transform-react-jsx-source@https://registry.npmjs.org/@babel/plugin-transform-react-jsx-source/-/plugin-transform-react-jsx-source-7.27.1.tgz 0ms (cache hit)
3946 http cache @tanstack/query-core@https://registry.npmjs.org/@tanstack/query-core/-/query-core-5.100.8.tgz 0ms (cache hit)
3947 http cache @babel/core@https://registry.npmjs.org/@babel/core/-/core-7.29.0.tgz 0ms (cache hit)
3948 http cache prop-types@https://registry.npmjs.org/prop-types/-/prop-types-15.8.1.tgz 0ms (cache hit)
3949 http cache use-sync-external-store@https://registry.npmjs.org/use-sync-external-store/-/use-sync-external-store-1.6.0.tgz 0ms (cache hit)
3950 http cache @radix-ui/react-use-effect-event@https://registry.npmjs.org/@radix-ui/react-use-effect-event/-/react-use-effect-event-0.0.2.tgz 0ms (cache hit)
3951 http cache @radix-ui/number@https://registry.npmjs.org/@radix-ui/number/-/number-1.1.1.tgz 1ms (cache hit)
3952 http cache @types/babel__generator@https://registry.npmjs.org/@types/babel__generator/-/babel__generator-7.27.0.tgz 0ms (cache hit)
3953 http cache @floating-ui/core@https://registry.npmjs.org/@floating-ui/core/-/core-1.7.5.tgz 0ms (cache hit)
3954 http cache @floating-ui/utils@https://registry.npmjs.org/@floating-ui/utils/-/utils-0.2.11.tgz 0ms (cache hit)
3955 http cache @floating-ui/dom@https://registry.npmjs.org/@floating-ui/dom/-/dom-1.7.6.tgz 0ms (cache hit)
3956 http cache @radix-ui/react-use-rect@https://registry.npmjs.org/@radix-ui/react-use-rect/-/react-use-rect-1.1.1.tgz 0ms (cache hit)
3957 http cache @radix-ui/rect@https://registry.npmjs.org/@radix-ui/rect/-/rect-1.1.1.tgz 0ms (cache hit)
3958 http cache @radix-ui/react-arrow@https://registry.npmjs.org/@radix-ui/react-arrow/-/react-arrow-1.1.7.tgz 0ms (cache hit)
3959 http cache @radix-ui/react-visually-hidden@https://registry.npmjs.org/@radix-ui/react-visually-hidden/-/react-visually-hidden-1.2.3.tgz 0ms (cache hit)
3960 http cache @radix-ui/react-roving-focus@https://registry.npmjs.org/@radix-ui/react-roving-focus/-/react-roving-focus-1.1.11.tgz 0ms (cache hit)
3961 http cache @floating-ui/react-dom@https://registry.npmjs.org/@floating-ui/react-dom/-/react-dom-2.1.8.tgz 0ms (cache hit)
3962 http cache @radix-ui/react-popper@https://registry.npmjs.org/@radix-ui/react-popper/-/react-popper-1.2.8.tgz 0ms (cache hit)
3963 http cache @radix-ui/react-use-escape-keydown@https://registry.npmjs.org/@radix-ui/react-use-escape-keydown/-/react-use-escape-keydown-1.1.1.tgz 0ms (cache hit)
3964 http cache react-remove-scroll@https://registry.npmjs.org/react-remove-scroll/-/react-remove-scroll-2.7.2.tgz 0ms (cache hit)
3965 http cache aria-hidden@https://registry.npmjs.org/aria-hidden/-/aria-hidden-1.2.6.tgz 0ms (cache hit)
3966 http cache @radix-ui/react-portal@https://registry.npmjs.org/@radix-ui/react-portal/-/react-portal-1.1.9.tgz 0ms (cache hit)
3967 http cache @radix-ui/react-focus-scope@https://registry.npmjs.org/@radix-ui/react-focus-scope/-/react-focus-scope-1.1.7.tgz 0ms (cache hit)
3968 http cache @radix-ui/react-focus-guards@https://registry.npmjs.org/@radix-ui/react-focus-guards/-/react-focus-guards-1.1.3.tgz 0ms (cache hit)
3969 http cache @radix-ui/react-menu@https://registry.npmjs.org/@radix-ui/react-menu/-/react-menu-2.1.16.tgz 0ms (cache hit)
3970 http cache @radix-ui/react-use-size@https://registry.npmjs.org/@radix-ui/react-use-size/-/react-use-size-1.1.1.tgz 0ms (cache hit)
3971 http cache @radix-ui/react-use-previous@https://registry.npmjs.org/@radix-ui/react-use-previous/-/react-use-previous-1.1.1.tgz 0ms (cache hit)
3972 http cache @radix-ui/react-dismissable-layer@https://registry.npmjs.org/@radix-ui/react-dismissable-layer/-/react-dismissable-layer-1.1.11.tgz 0ms (cache hit)
3973 http cache @radix-ui/react-presence@https://registry.npmjs.org/@radix-ui/react-presence/-/react-presence-1.1.5.tgz 0ms (cache hit)
3974 http cache @radix-ui/react-use-layout-effect@https://registry.npmjs.org/@radix-ui/react-use-layout-effect/-/react-use-layout-effect-1.1.1.tgz 0ms (cache hit)
3975 http cache @radix-ui/react-use-is-hydrated@https://registry.npmjs.org/@radix-ui/react-use-is-hydrated/-/react-use-is-hydrated-0.1.0.tgz 0ms (cache hit)
3976 http cache @radix-ui/react-use-callback-ref@https://registry.npmjs.org/@radix-ui/react-use-callback-ref/-/react-use-callback-ref-1.1.1.tgz 0ms (cache hit)
3977 http cache @radix-ui/react-use-controllable-state@https://registry.npmjs.org/@radix-ui/react-use-controllable-state/-/react-use-controllable-state-1.2.2.tgz 0ms (cache hit)
3978 http cache @radix-ui/react-primitive@https://registry.npmjs.org/@radix-ui/react-primitive/-/react-primitive-2.1.3.tgz 0ms (cache hit)
3979 http cache @radix-ui/react-id@https://registry.npmjs.org/@radix-ui/react-id/-/react-id-1.1.1.tgz 0ms (cache hit)
3980 http cache @radix-ui/react-direction@https://registry.npmjs.org/@radix-ui/react-direction/-/react-direction-1.1.1.tgz 0ms (cache hit)
3981 http cache @radix-ui/react-context@https://registry.npmjs.org/@radix-ui/react-context/-/react-context-1.1.2.tgz 0ms (cache hit)
3982 http cache @radix-ui/react-compose-refs@https://registry.npmjs.org/@radix-ui/react-compose-refs/-/react-compose-refs-1.1.2.tgz 0ms (cache hit)
3983 http cache @radix-ui/react-collection@https://registry.npmjs.org/@radix-ui/react-collection/-/react-collection-1.1.7.tgz 0ms (cache hit)
3984 http cache @radix-ui/primitive@https://registry.npmjs.org/@radix-ui/primitive/-/primitive-1.1.3.tgz 0ms (cache hit)
3985 http cache @jridgewell/resolve-uri@https://registry.npmjs.org/@jridgewell/resolve-uri/-/resolve-uri-3.1.2.tgz 0ms (cache hit)
3986 http cache @jridgewell/sourcemap-codec@https://registry.npmjs.org/@jridgewell/sourcemap-codec/-/sourcemap-codec-1.5.5.tgz 0ms (cache hit)
3987 http cache redux@https://registry.npmjs.org/redux/-/redux-5.0.1.tgz 0ms (cache hit)
3988 http cache react-redux@https://registry.npmjs.org/react-redux/-/react-redux-9.2.0.tgz 0ms (cache hit)
3989 http cache @standard-schema/utils@https://registry.npmjs.org/@standard-schema/utils/-/utils-0.3.0.tgz 0ms (cache hit)
3990 http cache raf-schd@https://registry.npmjs.org/raf-schd/-/raf-schd-4.0.3.tgz 0ms (cache hit)
3991 http cache css-box-model@https://registry.npmjs.org/css-box-model/-/css-box-model-1.2.1.tgz 0ms (cache hit)
3992 http cache @babel/runtime@https://registry.npmjs.org/@babel/runtime/-/runtime-7.29.2.tgz 0ms (cache hit)
3993 http cache @babel/helper-string-parser@https://registry.npmjs.org/@babel/helper-string-parser/-/helper-string-parser-7.27.1.tgz 0ms (cache hit)
3994 http cache picocolors@https://registry.npmjs.org/picocolors/-/picocolors-1.1.1.tgz 0ms (cache hit)
3995 http cache js-tokens@https://registry.npmjs.org/js-tokens/-/js-tokens-4.0.0.tgz 0ms (cache hit)
3996 http cache @babel/helper-validator-identifier@https://registry.npmjs.org/@babel/helper-validator-identifier/-/helper-validator-identifier-7.28.5.tgz 0ms (cache hit)
3997 http cache debug@https://registry.npmjs.org/debug/-/debug-4.4.3.tgz 0ms (cache hit)
3998 http cache @babel/template@https://registry.npmjs.org/@babel/template/-/template-7.28.6.tgz 0ms (cache hit)
3999 http cache @babel/helper-globals@https://registry.npmjs.org/@babel/helper-globals/-/helper-globals-7.28.0.tgz 0ms (cache hit)
4000 http cache @babel/code-frame@https://registry.npmjs.org/@babel/code-frame/-/code-frame-7.29.0.tgz 0ms (cache hit)
4001 http cache jsesc@https://registry.npmjs.org/jsesc/-/jsesc-3.1.0.tgz 0ms (cache hit)
4002 http cache @jridgewell/trace-mapping@https://registry.npmjs.org/@jridgewell/trace-mapping/-/trace-mapping-0.3.31.tgz 0ms (cache hit)
4003 http cache @babel/types@https://registry.npmjs.org/@babel/types/-/types-7.29.0.tgz 0ms (cache hit)
4004 http cache @jridgewell/gen-mapping@https://registry.npmjs.org/@jridgewell/gen-mapping/-/gen-mapping-0.3.13.tgz 0ms (cache hit)
4005 http cache @babel/traverse@https://registry.npmjs.org/@babel/traverse/-/traverse-7.29.0.tgz 0ms (cache hit)
4006 http cache @babel/parser@https://registry.npmjs.org/@babel/parser/-/parser-7.29.3.tgz 0ms (cache hit)
4007 http cache @babel/generator@https://registry.npmjs.org/@babel/generator/-/generator-7.29.1.tgz 0ms (cache hit)
4008 http cache uuid@https://registry.npmjs.org/uuid/-/uuid-13.0.1.tgz 0ms (cache hit)
4009 http cache axios@https://registry.npmjs.org/axios/-/axios-1.16.0.tgz 0ms (cache hit)
4010 http cache postcss@https://registry.npmjs.org/postcss/-/postcss-8.5.13.tgz 0ms (cache hit)
4011 http cache socket.io-client@https://registry.npmjs.org/socket.io-client/-/socket.io-client-4.8.3.tgz 0ms (cache hit)
4012 http cache postcss-load-config@https://registry.npmjs.org/postcss-load-config/-/postcss-load-config-4.0.2.tgz 0ms (cache hit)
4013 http cache picomatch@https://registry.npmjs.org/picomatch/-/picomatch-4.0.4.tgz 0ms (cache hit)
4014 http cache autoprefixer@https://registry.npmjs.org/autoprefixer/-/autoprefixer-10.5.0.tgz 0ms (cache hit)
4015 http cache vite@https://registry.npmjs.org/vite/-/vite-7.3.2.tgz 0ms (cache hit)
4016 http cache ultrahtml@https://registry.npmjs.org/ultrahtml/-/ultrahtml-1.6.0.tgz 0ms (cache hit)
4017 http cache devalue@https://registry.npmjs.org/devalue/-/devalue-5.8.0.tgz 0ms (cache hit)
4018 http cache @astrojs/internal-helpers@https://registry.npmjs.org/@astrojs/internal-helpers/-/internal-helpers-0.9.0.tgz 0ms (cache hit)
4019 http cache zod@https://registry.npmjs.org/zod/-/zod-4.4.2.tgz 0ms (cache hit)
4020 http cache @vitejs/plugin-react@https://registry.npmjs.org/@vitejs/plugin-react/-/plugin-react-5.2.0.tgz 0ms (cache hit)
4021 http cache vaul@https://registry.npmjs.org/vaul/-/vaul-1.1.2.tgz 0ms (cache hit)
4022 http cache three@https://registry.npmjs.org/three/-/three-0.184.0.tgz 0ms (cache hit)
4023 http cache tailwind-merge@https://registry.npmjs.org/tailwind-merge/-/tailwind-merge-3.5.0.tgz 0ms (cache hit)
4024 http cache tailwindcss-animate@https://registry.npmjs.org/tailwindcss-animate/-/tailwindcss-animate-1.0.7.tgz 0ms (cache hit)
4025 http cache sonner@https://registry.npmjs.org/sonner/-/sonner-2.0.7.tgz 0ms (cache hit)
4026 http cache react-router-dom@https://registry.npmjs.org/react-router-dom/-/react-router-dom-7.14.2.tgz 0ms (cache hit)
4027 http cache react-resizable-panels@https://registry.npmjs.org/react-resizable-panels/-/react-resizable-panels-4.11.0.tgz 0ms (cache hit)
4028 http cache react-quill@https://registry.npmjs.org/react-quill/-/react-quill-2.0.0.tgz 0ms (cache hit)
4029 http cache react-leaflet@https://registry.npmjs.org/react-leaflet/-/react-leaflet-5.0.0.tgz 0ms (cache hit)
4030 http cache react-markdown@https://registry.npmjs.org/react-markdown/-/react-markdown-10.1.0.tgz 0ms (cache hit)
4031 http cache react-hot-toast@https://registry.npmjs.org/react-hot-toast/-/react-hot-toast-2.6.0.tgz 0ms (cache hit)
4032 http cache react-hook-form@https://registry.npmjs.org/react-hook-form/-/react-hook-form-7.75.0.tgz 0ms (cache hit)
4033 http cache react-dom@https://registry.npmjs.org/react-dom/-/react-dom-19.2.5.tgz 0ms (cache hit)
4034 http cache react-day-picker@https://registry.npmjs.org/react-day-picker/-/react-day-picker-9.14.0.tgz 0ms (cache hit)
4035 http cache react@https://registry.npmjs.org/react/-/react-19.2.5.tgz 0ms (cache hit)
4036 http cache next-themes@https://registry.npmjs.org/next-themes/-/next-themes-0.4.6.tgz 0ms (cache hit)
4037 http cache moment@https://registry.npmjs.org/moment/-/moment-2.30.1.tgz 0ms (cache hit)
4038 http cache lucide-react@https://registry.npmjs.org/lucide-react/-/lucide-react-1.14.0.tgz 0ms (cache hit)
4039 http cache jspdf@https://registry.npmjs.org/jspdf/-/jspdf-4.2.1.tgz 0ms (cache hit)
4040 http cache lodash@https://registry.npmjs.org/lodash/-/lodash-4.18.1.tgz 0ms (cache hit)
4041 http cache input-otp@https://registry.npmjs.org/input-otp/-/input-otp-1.4.2.tgz 0ms (cache hit)
4042 http cache framer-motion@https://registry.npmjs.org/framer-motion/-/framer-motion-12.38.0.tgz 0ms (cache hit)
4043 http cache html2canvas@https://registry.npmjs.org/html2canvas/-/html2canvas-1.4.1.tgz 0ms (cache hit)
4044 http cache embla-carousel-react@https://registry.npmjs.org/embla-carousel-react/-/embla-carousel-react-8.6.0.tgz 0ms (cache hit)
4045 http cache date-fns@https://registry.npmjs.org/date-fns/-/date-fns-4.1.0.tgz 0ms (cache hit)
4046 http cache cmdk@https://registry.npmjs.org/cmdk/-/cmdk-1.1.1.tgz 0ms (cache hit)
4047 http cache clsx@https://registry.npmjs.org/clsx/-/clsx-2.1.1.tgz 0ms (cache hit)
4048 http cache class-variance-authority@https://registry.npmjs.org/class-variance-authority/-/class-variance-authority-0.7.1.tgz 0ms (cache hit)
4049 http cache canvas-confetti@https://registry.npmjs.org/canvas-confetti/-/canvas-confetti-1.9.4.tgz 0ms (cache hit)
4050 http cache @tanstack/react-query@https://registry.npmjs.org/@tanstack/react-query/-/react-query-5.100.8.tgz 0ms (cache hit)
4051 http cache @radix-ui/react-tooltip@https://registry.npmjs.org/@radix-ui/react-tooltip/-/react-tooltip-1.2.8.tgz 0ms (cache hit)
4052 http cache @stripe/react-stripe-js@https://registry.npmjs.org/@stripe/react-stripe-js/-/react-stripe-js-6.3.0.tgz 0ms (cache hit)
4053 http cache @stripe/stripe-js@https://registry.npmjs.org/@stripe/stripe-js/-/stripe-js-9.4.0.tgz 0ms (cache hit)
4054 http cache @radix-ui/react-toggle-group@https://registry.npmjs.org/@radix-ui/react-toggle-group/-/react-toggle-group-1.1.11.tgz 0ms (cache hit)
4055 http cache @radix-ui/react-toggle@https://registry.npmjs.org/@radix-ui/react-toggle/-/react-toggle-1.1.10.tgz 0ms (cache hit)
4056 http cache @radix-ui/react-toast@https://registry.npmjs.org/@radix-ui/react-toast/-/react-toast-1.2.15.tgz 0ms (cache hit)
4057 http cache @radix-ui/react-tabs@https://registry.npmjs.org/@radix-ui/react-tabs/-/react-tabs-1.1.13.tgz 0ms (cache hit)
4058 http cache @radix-ui/react-switch@https://registry.npmjs.org/@radix-ui/react-switch/-/react-switch-1.2.6.tgz 0ms (cache hit)
4059 http cache @radix-ui/react-slot@https://registry.npmjs.org/@radix-ui/react-slot/-/react-slot-1.2.4.tgz 0ms (cache hit)
4060 http cache @radix-ui/react-slider@https://registry.npmjs.org/@radix-ui/react-slider/-/react-slider-1.3.6.tgz 0ms (cache hit)
4061 http cache @radix-ui/react-separator@https://registry.npmjs.org/@radix-ui/react-separator/-/react-separator-1.1.8.tgz 0ms (cache hit)
4062 http cache @radix-ui/react-select@https://registry.npmjs.org/@radix-ui/react-select/-/react-select-2.2.6.tgz 0ms (cache hit)
4063 http cache @radix-ui/react-scroll-area@https://registry.npmjs.org/@radix-ui/react-scroll-area/-/react-scroll-area-1.2.10.tgz 0ms (cache hit)
4064 http cache @radix-ui/react-radio-group@https://registry.npmjs.org/@radix-ui/react-radio-group/-/react-radio-group-1.3.8.tgz 0ms (cache hit)
4065 http cache @radix-ui/react-progress@https://registry.npmjs.org/@radix-ui/react-progress/-/react-progress-1.1.8.tgz 1ms (cache hit)
4066 http cache @radix-ui/react-popover@https://registry.npmjs.org/@radix-ui/react-popover/-/react-popover-1.1.15.tgz 0ms (cache hit)
4067 http cache @radix-ui/react-navigation-menu@https://registry.npmjs.org/@radix-ui/react-navigation-menu/-/react-navigation-menu-1.2.14.tgz 0ms (cache hit)
4068 http cache @radix-ui/react-menubar@https://registry.npmjs.org/@radix-ui/react-menubar/-/react-menubar-1.1.16.tgz 0ms (cache hit)
4069 http cache @radix-ui/react-label@https://registry.npmjs.org/@radix-ui/react-label/-/react-label-2.1.8.tgz 0ms (cache hit)
4070 http cache @radix-ui/react-hover-card@https://registry.npmjs.org/@radix-ui/react-hover-card/-/react-hover-card-1.1.15.tgz 0ms (cache hit)
4071 http cache @radix-ui/react-dropdown-menu@https://registry.npmjs.org/@radix-ui/react-dropdown-menu/-/react-dropdown-menu-2.1.16.tgz 0ms (cache hit)
4072 http cache @radix-ui/react-dialog@https://registry.npmjs.org/@radix-ui/react-dialog/-/react-dialog-1.1.15.tgz 0ms (cache hit)
4073 http cache @radix-ui/react-context-menu@https://registry.npmjs.org/@radix-ui/react-context-menu/-/react-context-menu-2.2.16.tgz 0ms (cache hit)
4074 http cache @radix-ui/react-checkbox@https://registry.npmjs.org/@radix-ui/react-checkbox/-/react-checkbox-1.3.3.tgz 0ms (cache hit)
4075 http cache @radix-ui/react-collapsible@https://registry.npmjs.org/@radix-ui/react-collapsible/-/react-collapsible-1.1.12.tgz 0ms (cache hit)
4076 http cache @radix-ui/react-avatar@https://registry.npmjs.org/@radix-ui/react-avatar/-/react-avatar-1.1.11.tgz 1ms (cache hit)
4077 http cache @radix-ui/react-aspect-ratio@https://registry.npmjs.org/@radix-ui/react-aspect-ratio/-/react-aspect-ratio-1.1.8.tgz 0ms (cache hit)
4078 http cache @radix-ui/react-alert-dialog@https://registry.npmjs.org/@radix-ui/react-alert-dialog/-/react-alert-dialog-1.1.15.tgz 0ms (cache hit)
4079 http cache @radix-ui/react-accordion@https://registry.npmjs.org/@radix-ui/react-accordion/-/react-accordion-1.2.12.tgz 0ms (cache hit)
4080 http cache @hookform/resolvers@https://registry.npmjs.org/@hookform/resolvers/-/resolvers-5.2.2.tgz 0ms (cache hit)
4081 http cache @hello-pangea/dnd@https://registry.npmjs.org/@hello-pangea/dnd/-/dnd-18.0.1.tgz 0ms (cache hit)
4082 http cache @base44/vite-plugin@https://registry.npmjs.org/@base44/vite-plugin/-/vite-plugin-1.0.13.tgz 0ms (cache hit)
4083 http cache @base44/sdk@https://registry.npmjs.org/@base44/sdk/-/sdk-0.8.27.tgz 0ms (cache hit)
4084 http cache @astrojs/tailwind@https://registry.npmjs.org/@astrojs/tailwind/-/tailwind-6.0.2.tgz 0ms (cache hit)
4085 http cache @astrojs/react@https://registry.npmjs.org/@astrojs/react/-/react-5.0.4.tgz 0ms (cache hit)
4086 http cache victory-vendor@https://registry.npmjs.org/victory-vendor/-/victory-vendor-37.3.6.tgz 0ms (cache hit)
4087 http cache recharts@https://registry.npmjs.org/recharts/-/recharts-3.8.1.tgz 0ms (cache hit)
4088 http cache astro@https://registry.npmjs.org/astro/-/astro-6.2.1.tgz 0ms (cache hit)
4089 http cache dom-serializer@https://registry.npmjs.org/dom-serializer/-/dom-serializer-2.0.0.tgz 0ms (cache hit)
4090 http cache mdn-data@https://registry.npmjs.org/mdn-data/-/mdn-data-2.0.28.tgz 0ms (cache hit)
4091 http cache entities@https://registry.npmjs.org/entities/-/entities-4.5.0.tgz 0ms (cache hit)
4092 http cache css-tree@https://registry.npmjs.org/css-tree/-/css-tree-2.2.1.tgz 0ms (cache hit)
4093 http cache immer@https://registry.npmjs.org/immer/-/immer-11.1.4.tgz 0ms (cache hit)
4094 http cache picomatch@https://registry.npmjs.org/picomatch/-/picomatch-2.3.2.tgz 0ms (cache hit)
4095 http cache eventemitter3@https://registry.npmjs.org/eventemitter3/-/eventemitter3-2.0.3.tgz 0ms (cache hit)
4096 http cache @types/unist@https://registry.npmjs.org/@types/unist/-/unist-2.0.11.tgz 0ms (cache hit)
4097 http cache is-docker@https://registry.npmjs.org/is-docker/-/is-docker-3.0.0.tgz 0ms (cache hit)
4098 http cache semver@https://registry.npmjs.org/semver/-/semver-7.7.4.tgz 0ms (cache hit)
4099 http cache lru-cache@https://registry.npmjs.org/lru-cache/-/lru-cache-11.3.5.tgz 0ms (cache hit)
4100 http cache @radix-ui/react-slot@https://registry.npmjs.org/@radix-ui/react-slot/-/react-slot-1.2.3.tgz 0ms (cache hit)
4101 http cache @radix-ui/react-slot@https://registry.npmjs.org/@radix-ui/react-slot/-/react-slot-1.2.3.tgz 0ms (cache hit)
4102 http cache @radix-ui/react-slot@https://registry.npmjs.org/@radix-ui/react-slot/-/react-slot-1.2.3.tgz 0ms (cache hit)
4103 http cache goober@https://registry.npmjs.org/goober/-/goober-2.1.18.tgz 0ms (cache hit)
4104 http cache @radix-ui/react-slot@https://registry.npmjs.org/@radix-ui/react-slot/-/react-slot-1.2.3.tgz 0ms (cache hit)
4105 http cache @radix-ui/react-primitive@https://registry.npmjs.org/@radix-ui/react-primitive/-/react-primitive-2.1.4.tgz 0ms (cache hit)
4106 http cache @radix-ui/react-slot@https://registry.npmjs.org/@radix-ui/react-slot/-/react-slot-1.2.3.tgz 0ms (cache hit)
4107 http cache @radix-ui/react-primitive@https://registry.npmjs.org/@radix-ui/react-primitive/-/react-primitive-2.1.4.tgz 0ms (cache hit)
4108 http cache @radix-ui/react-context@https://registry.npmjs.org/@radix-ui/react-context/-/react-context-1.1.3.tgz 0ms (cache hit)
4109 http cache @radix-ui/react-slot@https://registry.npmjs.org/@radix-ui/react-slot/-/react-slot-1.2.3.tgz 0ms (cache hit)
4110 http cache @radix-ui/react-slot@https://registry.npmjs.org/@radix-ui/react-slot/-/react-slot-1.2.3.tgz 0ms (cache hit)
4111 http cache @radix-ui/react-primitive@https://registry.npmjs.org/@radix-ui/react-primitive/-/react-primitive-2.1.4.tgz 0ms (cache hit)
4112 http cache @radix-ui/react-primitive@https://registry.npmjs.org/@radix-ui/react-primitive/-/react-primitive-2.1.4.tgz 0ms (cache hit)
4113 http cache @radix-ui/react-context@https://registry.npmjs.org/@radix-ui/react-context/-/react-context-1.1.3.tgz 0ms (cache hit)
4114 http cache @radix-ui/react-primitive@https://registry.npmjs.org/@radix-ui/react-primitive/-/react-primitive-2.1.4.tgz 0ms (cache hit)
4115 http cache semver@https://registry.npmjs.org/semver/-/semver-7.7.4.tgz 0ms (cache hit)
4116 http cache @radix-ui/react-slot@https://registry.npmjs.org/@radix-ui/react-slot/-/react-slot-1.2.3.tgz 0ms (cache hit)
4117 silly tarball no local data for rollup@https://registry.npmjs.org/rollup/-/rollup-4.60.2.tgz. Extracting by manifest.
4118 silly tarball no local data for @rollup/rollup-darwin-x64@https://registry.npmjs.org/@rollup/rollup-darwin-x64/-/rollup-darwin-x64-4.60.2.tgz. Extracting by manifest.
4119 silly tarball no local data for d3-path@https://registry.npmjs.org/d3-path/-/d3-path-3.1.0.tgz. Extracting by manifest.
4120 silly tarball no local data for fsevents@https://registry.npmjs.org/fsevents/-/fsevents-2.3.3.tgz. Extracting by manifest.
4121 silly tarball no local data for d3-format@https://registry.npmjs.org/d3-format/-/d3-format-3.1.2.tgz. Extracting by manifest.
4122 silly tarball no local data for d3-time-format@https://registry.npmjs.org/d3-time-format/-/d3-time-format-4.1.0.tgz. Extracting by manifest.
4123 silly tarball no local data for d3-color@https://registry.npmjs.org/d3-color/-/d3-color-3.1.0.tgz. Extracting by manifest.
4124 silly tarball no local data for internmap@https://registry.npmjs.org/internmap/-/internmap-2.0.3.tgz. Extracting by manifest.
4125 silly tarball no local data for @types/d3-path@https://registry.npmjs.org/@types/d3-path/-/d3-path-3.1.1.tgz. Extracting by manifest.
4126 silly tarball no local data for @types/d3-color@https://registry.npmjs.org/@types/d3-color/-/d3-color-3.1.3.tgz. Extracting by manifest.
4127 silly tarball no local data for d3-time@https://registry.npmjs.org/d3-time/-/d3-time-3.1.0.tgz. Extracting by manifest.
4128 silly tarball no local data for d3-timer@https://registry.npmjs.org/d3-timer/-/d3-timer-3.0.1.tgz. Extracting by manifest.
4129 silly tarball no local data for d3-shape@https://registry.npmjs.org/d3-shape/-/d3-shape-3.2.0.tgz. Extracting by manifest.
4130 silly tarball no local data for d3-scale@https://registry.npmjs.org/d3-scale/-/d3-scale-4.0.2.tgz. Extracting by manifest.
4131 silly tarball no local data for d3-interpolate@https://registry.npmjs.org/d3-interpolate/-/d3-interpolate-3.0.1.tgz. Extracting by manifest.
4132 silly tarball no local data for d3-ease@https://registry.npmjs.org/d3-ease/-/d3-ease-3.0.1.tgz. Extracting by manifest.
4133 silly tarball no local data for d3-array@https://registry.npmjs.org/d3-array/-/d3-array-3.2.4.tgz. Extracting by manifest.
4134 silly tarball no local data for @types/d3-timer@https://registry.npmjs.org/@types/d3-timer/-/d3-timer-3.0.2.tgz. Extracting by manifest.
4135 silly tarball no local data for @types/d3-time@https://registry.npmjs.org/@types/d3-time/-/d3-time-3.0.4.tgz. Extracting by manifest.
4136 silly tarball no local data for @types/d3-shape@https://registry.npmjs.org/@types/d3-shape/-/d3-shape-3.1.8.tgz. Extracting by manifest.
4137 silly tarball no local data for @types/d3-interpolate@https://registry.npmjs.org/@types/d3-interpolate/-/d3-interpolate-3.0.4.tgz. Extracting by manifest.
4138 silly tarball no local data for @types/d3-scale@https://registry.npmjs.org/@types/d3-scale/-/d3-scale-4.0.9.tgz. Extracting by manifest.
4139 silly tarball no local data for @types/d3-ease@https://registry.npmjs.org/@types/d3-ease/-/d3-ease-3.0.2.tgz. Extracting by manifest.
4140 silly tarball no local data for @types/d3-array@https://registry.npmjs.org/@types/d3-array/-/d3-array-3.2.2.tgz. Extracting by manifest.
4141 silly tarball no local data for base64-arraybuffer@https://registry.npmjs.org/base64-arraybuffer/-/base64-arraybuffer-1.0.2.tgz. Extracting by manifest.
4142 silly tarball no local data for detect-node-es@https://registry.npmjs.org/detect-node-es/-/detect-node-es-1.1.0.tgz. Extracting by manifest.
4143 silly tarball no local data for escalade@https://registry.npmjs.org/escalade/-/escalade-3.2.0.tgz. Extracting by manifest.
4144 silly tarball no local data for uncrypto@https://registry.npmjs.org/uncrypto/-/uncrypto-0.1.3.tgz. Extracting by manifest.
4145 silly tarball no local data for radix3@https://registry.npmjs.org/radix3/-/radix3-1.1.2.tgz. Extracting by manifest.
4146 silly tarball no local data for node-mock-http@https://registry.npmjs.org/node-mock-http/-/node-mock-http-1.0.4.tgz. Extracting by manifest.
4147 silly tarball no local data for defu@https://registry.npmjs.org/defu/-/defu-6.1.7.tgz. Extracting by manifest.
4148 silly tarball no local data for readdirp@https://registry.npmjs.org/readdirp/-/readdirp-5.0.0.tgz. Extracting by manifest.
4149 silly tarball no local data for cookie-es@https://registry.npmjs.org/cookie-es/-/cookie-es-1.2.3.tgz. Extracting by manifest.
4150 silly tarball no local data for crossws@https://registry.npmjs.org/crossws/-/crossws-0.3.5.tgz. Extracting by manifest.
4151 silly tarball no local data for iron-webcrypto@https://registry.npmjs.org/iron-webcrypto/-/iron-webcrypto-1.2.1.tgz. Extracting by manifest.
4152 silly tarball no local data for normalize-path@https://registry.npmjs.org/normalize-path/-/normalize-path-3.0.0.tgz. Extracting by manifest.
4153 silly tarball no local data for h3@https://registry.npmjs.org/h3/-/h3-1.15.11.tgz. Extracting by manifest.
4154 silly tarball no local data for chokidar@https://registry.npmjs.org/chokidar/-/chokidar-5.0.0.tgz. Extracting by manifest.
4155 silly tarball no local data for anymatch@https://registry.npmjs.org/anymatch/-/anymatch-3.1.3.tgz. Extracting by manifest.
4156 silly tarball no local data for array-iterate@https://registry.npmjs.org/array-iterate/-/array-iterate-2.0.1.tgz. Extracting by manifest.
4157 silly tarball no local data for ufo@https://registry.npmjs.org/ufo/-/ufo-1.6.4.tgz. Extracting by manifest.
4158 silly tarball no local data for node-fetch-native@https://registry.npmjs.org/node-fetch-native/-/node-fetch-native-1.6.7.tgz. Extracting by manifest.
4159 silly tarball no local data for destr@https://registry.npmjs.org/destr/-/destr-2.0.5.tgz. Extracting by manifest.
4160 silly tarball no local data for ofetch@https://registry.npmjs.org/ofetch/-/ofetch-1.5.1.tgz. Extracting by manifest.
4161 silly tarball no local data for ohash@https://registry.npmjs.org/ohash/-/ohash-2.0.11.tgz. Extracting by manifest.
4162 silly tarball no local data for trough@https://registry.npmjs.org/trough/-/trough-2.2.0.tgz. Extracting by manifest.
4163 silly tarball no local data for is-plain-obj@https://registry.npmjs.org/is-plain-obj/-/is-plain-obj-4.1.0.tgz. Extracting by manifest.
4164 silly tarball no local data for bail@https://registry.npmjs.org/bail/-/bail-2.0.2.tgz. Extracting by manifest.
4165 silly tarball no local data for fdir@https://registry.npmjs.org/fdir/-/fdir-6.5.0.tgz. Extracting by manifest.
4166 silly tarball no local data for domelementtype@https://registry.npmjs.org/domelementtype/-/domelementtype-2.3.0.tgz. Extracting by manifest.
4167 silly tarball no local data for mdn-data@https://registry.npmjs.org/mdn-data/-/mdn-data-2.27.1.tgz. Extracting by manifest.
4168 silly tarball no local data for nth-check@https://registry.npmjs.org/nth-check/-/nth-check-2.1.1.tgz. Extracting by manifest.
4169 silly tarball no local data for domhandler@https://registry.npmjs.org/domhandler/-/domhandler-5.0.3.tgz. Extracting by manifest.
4170 silly tarball no local data for domutils@https://registry.npmjs.org/domutils/-/domutils-3.2.2.tgz. Extracting by manifest.
4171 silly tarball no local data for boolbase@https://registry.npmjs.org/boolbase/-/boolbase-1.0.0.tgz. Extracting by manifest.
4172 silly tarball no local data for sax@https://registry.npmjs.org/sax/-/sax-1.6.0.tgz. Extracting by manifest.
4173 silly tarball no local data for csso@https://registry.npmjs.org/csso/-/csso-5.0.5.tgz. Extracting by manifest.
4174 silly tarball no local data for css-tree@https://registry.npmjs.org/css-tree/-/css-tree-3.2.1.tgz. Extracting by manifest.
4175 silly tarball no local data for css-select@https://registry.npmjs.org/css-select/-/css-select-5.2.2.tgz. Extracting by manifest.
4176 silly tarball no local data for commander@https://registry.npmjs.org/commander/-/commander-11.1.0.tgz. Extracting by manifest.
4177 silly tarball no local data for css-what@https://registry.npmjs.org/css-what/-/css-what-6.2.2.tgz. Extracting by manifest.
4178 silly tarball no local data for inline-style-parser@https://registry.npmjs.org/inline-style-parser/-/inline-style-parser-0.2.7.tgz. Extracting by manifest.
4179 silly tarball no local data for style-to-object@https://registry.npmjs.org/style-to-object/-/style-to-object-1.0.14.tgz. Extracting by manifest.
4180 silly tarball no local data for xmlhttprequest-ssl@https://registry.npmjs.org/xmlhttprequest-ssl/-/xmlhttprequest-ssl-2.1.2.tgz. Extracting by manifest.
4181 silly tarball no local data for ws@https://registry.npmjs.org/ws/-/ws-8.18.3.tgz. Extracting by manifest.
4182 silly tarball no local data for engine.io-parser@https://registry.npmjs.org/engine.io-parser/-/engine.io-parser-5.2.3.tgz. Extracting by manifest.
4183 silly tarball no local data for character-entities-html4@https://registry.npmjs.org/character-entities-html4/-/character-entities-html4-2.1.0.tgz. Extracting by manifest.
4184 silly tarball no local data for engine.io-client@https://registry.npmjs.org/engine.io-client/-/engine.io-client-6.6.4.tgz. Extracting by manifest.
4185 silly tarball no local data for regex-utilities@https://registry.npmjs.org/regex-utilities/-/regex-utilities-2.3.0.tgz. Extracting by manifest.
4186 silly tarball no local data for socket.io-parser@https://registry.npmjs.org/socket.io-parser/-/socket.io-parser-4.2.6.tgz. Extracting by manifest.
4187 silly tarball no local data for @socket.io/component-emitter@https://registry.npmjs.org/@socket.io/component-emitter/-/component-emitter-3.1.2.tgz. Extracting by manifest.
4188 silly tarball no local data for regex@https://registry.npmjs.org/regex/-/regex-6.1.0.tgz. Extracting by manifest.
4189 silly tarball no local data for oniguruma-parser@https://registry.npmjs.org/oniguruma-parser/-/oniguruma-parser-0.12.2.tgz. Extracting by manifest.
4190 silly tarball no local data for oniguruma-to-es@https://registry.npmjs.org/oniguruma-to-es/-/oniguruma-to-es-4.3.6.tgz. Extracting by manifest.
4191 silly tarball no local data for regex-recursion@https://registry.npmjs.org/regex-recursion/-/regex-recursion-6.0.2.tgz. Extracting by manifest.
4192 silly tarball no local data for @shikijs/vscode-textmate@https://registry.npmjs.org/@shikijs/vscode-textmate/-/vscode-textmate-10.0.2.tgz. Extracting by manifest.
4193 silly tarball no local data for @shikijs/types@https://registry.npmjs.org/@shikijs/types/-/types-4.0.2.tgz. Extracting by manifest.
4194 silly tarball no local data for @shikijs/themes@https://registry.npmjs.org/@shikijs/themes/-/themes-4.0.2.tgz. Extracting by manifest.
4195 silly tarball no local data for @shikijs/primitive@https://registry.npmjs.org/@shikijs/primitive/-/primitive-4.0.2.tgz. Extracting by manifest.
4196 silly tarball no local data for @shikijs/langs@https://registry.npmjs.org/@shikijs/langs/-/langs-4.0.2.tgz. Extracting by manifest.
4197 silly tarball no local data for @shikijs/engine-oniguruma@https://registry.npmjs.org/@shikijs/engine-oniguruma/-/engine-oniguruma-4.0.2.tgz. Extracting by manifest.
4198 silly tarball no local data for @shikijs/engine-javascript@https://registry.npmjs.org/@shikijs/engine-javascript/-/engine-javascript-4.0.2.tgz. Extracting by manifest.
4199 silly tarball no local data for detect-libc@https://registry.npmjs.org/detect-libc/-/detect-libc-2.1.2.tgz. Extracting by manifest.
4200 silly tarball no local data for @shikijs/core@https://registry.npmjs.org/@shikijs/core/-/core-4.0.2.tgz. Extracting by manifest.
4201 silly tarball no local data for @img/sharp-darwin-x64@https://registry.npmjs.org/@img/sharp-darwin-x64/-/sharp-darwin-x64-0.34.5.tgz. Extracting by manifest.
4202 silly tarball no local data for functions-have-names@https://registry.npmjs.org/functions-have-names/-/functions-have-names-1.2.3.tgz. Extracting by manifest.
4203 silly tarball no local data for @img/sharp-libvips-darwin-x64@https://registry.npmjs.org/@img/sharp-libvips-darwin-x64/-/sharp-libvips-darwin-x64-1.2.4.tgz. Extracting by manifest.
4204 silly tarball no local data for @img/colour@https://registry.npmjs.org/@img/colour/-/colour-1.1.0.tgz. Extracting by manifest.
4205 silly tarball no local data for nlcst-to-string@https://registry.npmjs.org/nlcst-to-string/-/nlcst-to-string-4.0.0.tgz. Extracting by manifest.
4206 silly tarball no local data for parse-latin@https://registry.npmjs.org/parse-latin/-/parse-latin-7.0.0.tgz. Extracting by manifest.
4207 silly tarball no local data for unist-util-modify-children@https://registry.npmjs.org/unist-util-modify-children/-/unist-util-modify-children-4.0.0.tgz. Extracting by manifest.
4208 silly tarball no local data for retext-stringify@https://registry.npmjs.org/retext-stringify/-/retext-stringify-4.0.0.tgz. Extracting by manifest.
4209 silly tarball no local data for retext-latin@https://registry.npmjs.org/retext-latin/-/retext-latin-4.0.0.tgz. Extracting by manifest.
4210 silly tarball no local data for @types/nlcst@https://registry.npmjs.org/@types/nlcst/-/nlcst-2.0.3.tgz. Extracting by manifest.
4211 silly tarball no local data for retext@https://registry.npmjs.org/retext/-/retext-9.0.0.tgz. Extracting by manifest.
4212 silly tarball no local data for micromark-extension-gfm-task-list-item@https://registry.npmjs.org/micromark-extension-gfm-task-list-item/-/micromark-extension-gfm-task-list-item-2.1.0.tgz. Extracting by manifest.
4213 silly tarball no local data for micromark-extension-gfm-tagfilter@https://registry.npmjs.org/micromark-extension-gfm-tagfilter/-/micromark-extension-gfm-tagfilter-2.0.0.tgz. Extracting by manifest.
4214 silly tarball no local data for micromark-extension-gfm-table@https://registry.npmjs.org/micromark-extension-gfm-table/-/micromark-extension-gfm-table-2.1.1.tgz. Extracting by manifest.
4215 silly tarball no local data for micromark-extension-gfm-strikethrough@https://registry.npmjs.org/micromark-extension-gfm-strikethrough/-/micromark-extension-gfm-strikethrough-2.1.0.tgz. Extracting by manifest.
4216 silly tarball no local data for micromark-extension-gfm-footnote@https://registry.npmjs.org/micromark-extension-gfm-footnote/-/micromark-extension-gfm-footnote-2.1.0.tgz. Extracting by manifest.
4217 silly tarball no local data for micromark-extension-gfm-autolink-literal@https://registry.npmjs.org/micromark-extension-gfm-autolink-literal/-/micromark-extension-gfm-autolink-literal-2.1.0.tgz. Extracting by manifest.
4218 silly tarball no local data for markdown-table@https://registry.npmjs.org/markdown-table/-/markdown-table-3.0.4.tgz. Extracting by manifest.
4219 silly tarball no local data for unist-util-visit-children@https://registry.npmjs.org/unist-util-visit-children/-/unist-util-visit-children-3.0.0.tgz. Extracting by manifest.
4220 silly tarball no local data for mdast-util-find-and-replace@https://registry.npmjs.org/mdast-util-find-and-replace/-/mdast-util-find-and-replace-3.0.2.tgz. Extracting by manifest.
4221 silly tarball no local data for mdast-util-gfm-task-list-item@https://registry.npmjs.org/mdast-util-gfm-task-list-item/-/mdast-util-gfm-task-list-item-2.0.0.tgz. Extracting by manifest.
4222 silly tarball no local data for escape-string-regexp@https://registry.npmjs.org/escape-string-regexp/-/escape-string-regexp-5.0.0.tgz. Extracting by manifest.
4223 silly tarball no local data for mdast-util-gfm-strikethrough@https://registry.npmjs.org/mdast-util-gfm-strikethrough/-/mdast-util-gfm-strikethrough-2.0.0.tgz. Extracting by manifest.
4224 silly tarball no local data for mdast-util-gfm-autolink-literal@https://registry.npmjs.org/mdast-util-gfm-autolink-literal/-/mdast-util-gfm-autolink-literal-2.0.1.tgz. Extracting by manifest.
4225 silly tarball no local data for mdast-util-gfm-footnote@https://registry.npmjs.org/mdast-util-gfm-footnote/-/mdast-util-gfm-footnote-2.1.0.tgz. Extracting by manifest.
4226 silly tarball no local data for remark-stringify@https://registry.npmjs.org/remark-stringify/-/remark-stringify-11.0.0.tgz. Extracting by manifest.
4227 silly tarball no local data for mdast-util-gfm-table@https://registry.npmjs.org/mdast-util-gfm-table/-/mdast-util-gfm-table-2.0.0.tgz. Extracting by manifest.
4228 silly tarball no local data for micromark-extension-gfm@https://registry.npmjs.org/micromark-extension-gfm/-/micromark-extension-gfm-3.0.0.tgz. Extracting by manifest.
4229 silly tarball no local data for mdast-util-gfm@https://registry.npmjs.org/mdast-util-gfm/-/mdast-util-gfm-3.1.0.tgz. Extracting by manifest.
4230 silly tarball no local data for hast-util-to-html@https://registry.npmjs.org/hast-util-to-html/-/hast-util-to-html-9.0.5.tgz. Extracting by manifest.
4231 silly tarball no local data for hast-util-raw@https://registry.npmjs.org/hast-util-raw/-/hast-util-raw-9.1.0.tgz. Extracting by manifest.
4232 silly tarball no local data for hast-util-to-parse5@https://registry.npmjs.org/hast-util-to-parse5/-/hast-util-to-parse5-8.0.1.tgz. Extracting by manifest.
4233 silly tarball no local data for rehype-parse@https://registry.npmjs.org/rehype-parse/-/rehype-parse-9.0.1.tgz. Extracting by manifest.
4234 silly tarball no local data for redux-thunk@https://registry.npmjs.org/redux-thunk/-/redux-thunk-3.1.0.tgz. Extracting by manifest.
4235 silly tarball no local data for set-function-name@https://registry.npmjs.org/set-function-name/-/set-function-name-2.0.2.tgz. Extracting by manifest.
4236 silly tarball no local data for @standard-schema/spec@https://registry.npmjs.org/@standard-schema/spec/-/spec-1.1.0.tgz. Extracting by manifest.
4237 silly tarball no local data for immer@https://registry.npmjs.org/immer/-/immer-10.2.0.tgz. Extracting by manifest.
4238 silly tarball no local data for reselect@https://registry.npmjs.org/reselect/-/reselect-5.1.1.tgz. Extracting by manifest.
4239 silly tarball no local data for es-toolkit@https://registry.npmjs.org/es-toolkit/-/es-toolkit-1.46.1.tgz. Extracting by manifest.
4240 silly tarball no local data for decimal.js-light@https://registry.npmjs.org/decimal.js-light/-/decimal.js-light-2.5.1.tgz. Extracting by manifest.
4241 silly tarball no local data for set-cookie-parser@https://registry.npmjs.org/set-cookie-parser/-/set-cookie-parser-2.7.2.tgz. Extracting by manifest.
4242 silly tarball no local data for react-router@https://registry.npmjs.org/react-router/-/react-router-7.14.2.tgz. Extracting by manifest.
4243 silly tarball no local data for @reduxjs/toolkit@https://registry.npmjs.org/@reduxjs/toolkit/-/toolkit-2.11.2.tgz. Extracting by manifest.
4244 silly tarball no local data for html-void-elements@https://registry.npmjs.org/html-void-elements/-/html-void-elements-3.0.0.tgz. Extracting by manifest.
4245 silly tarball no local data for use-sidecar@https://registry.npmjs.org/use-sidecar/-/use-sidecar-1.1.3.tgz. Extracting by manifest.
4246 silly tarball no local data for react-style-singleton@https://registry.npmjs.org/react-style-singleton/-/react-style-singleton-2.2.3.tgz. Extracting by manifest.
4247 silly tarball no local data for react-remove-scroll-bar@https://registry.npmjs.org/react-remove-scroll-bar/-/react-remove-scroll-bar-2.3.8.tgz. Extracting by manifest.
4248 silly tarball no local data for use-callback-ref@https://registry.npmjs.org/use-callback-ref/-/use-callback-ref-1.3.3.tgz. Extracting by manifest.
4249 silly tarball no local data for @types/use-sync-external-store@https://registry.npmjs.org/@types/use-sync-external-store/-/use-sync-external-store-0.0.6.tgz. Extracting by manifest.
4250 silly tarball no local data for fast-diff@https://registry.npmjs.org/fast-diff/-/fast-diff-1.1.2.tgz. Extracting by manifest.
4251 silly tarball no local data for has-property-descriptors@https://registry.npmjs.org/has-property-descriptors/-/has-property-descriptors-1.0.2.tgz. Extracting by manifest.
4252 silly tarball no local data for define-data-property@https://registry.npmjs.org/define-data-property/-/define-data-property-1.1.4.tgz. Extracting by manifest.
4253 silly tarball no local data for set-function-length@https://registry.npmjs.org/set-function-length/-/set-function-length-1.2.2.tgz. Extracting by manifest.
4254 silly tarball no local data for call-bind@https://registry.npmjs.org/call-bind/-/call-bind-1.0.9.tgz. Extracting by manifest.
4255 silly tarball no local data for call-bound@https://registry.npmjs.org/call-bound/-/call-bound-1.0.4.tgz. Extracting by manifest.
4256 silly tarball no local data for define-properties@https://registry.npmjs.org/define-properties/-/define-properties-1.2.1.tgz. Extracting by manifest.
4257 silly tarball no local data for get-nonce@https://registry.npmjs.org/get-nonce/-/get-nonce-1.0.1.tgz. Extracting by manifest.
4258 silly tarball no local data for regexp.prototype.flags@https://registry.npmjs.org/regexp.prototype.flags/-/regexp.prototype.flags-1.5.4.tgz. Extracting by manifest.
4259 silly tarball no local data for object-keys@https://registry.npmjs.org/object-keys/-/object-keys-1.1.1.tgz. Extracting by manifest.
4260 silly tarball no local data for is-arguments@https://registry.npmjs.org/is-arguments/-/is-arguments-1.2.0.tgz. Extracting by manifest.
4261 silly tarball no local data for object-is@https://registry.npmjs.org/object-is/-/object-is-1.1.6.tgz. Extracting by manifest.
4262 silly tarball no local data for is-regex@https://registry.npmjs.org/is-regex/-/is-regex-1.2.1.tgz. Extracting by manifest.
4263 silly tarball no local data for quill-delta@https://registry.npmjs.org/quill-delta/-/quill-delta-3.6.3.tgz. Extracting by manifest.
4264 silly tarball no local data for extend@https://registry.npmjs.org/extend/-/extend-3.0.2.tgz. Extracting by manifest.
4265 silly tarball no local data for clone@https://registry.npmjs.org/clone/-/clone-2.1.2.tgz. Extracting by manifest.
4266 silly tarball no local data for deep-equal@https://registry.npmjs.org/deep-equal/-/deep-equal-1.1.2.tgz. Extracting by manifest.
4267 silly tarball no local data for parchment@https://registry.npmjs.org/parchment/-/parchment-1.1.4.tgz. Extracting by manifest.
4268 silly tarball no local data for quill@https://registry.npmjs.org/quill/-/quill-1.3.7.tgz. Extracting by manifest.
4269 silly tarball no local data for @types/quill@https://registry.npmjs.org/@types/quill/-/quill-1.3.10.tgz. Extracting by manifest.
4270 silly tarball no local data for is-date-object@https://registry.npmjs.org/is-date-object/-/is-date-object-1.1.0.tgz. Extracting by manifest.
4271 silly tarball no local data for is-alphabetical@https://registry.npmjs.org/is-alphabetical/-/is-alphabetical-2.0.1.tgz. Extracting by manifest.
4272 silly tarball no local data for is-hexadecimal@https://registry.npmjs.org/is-hexadecimal/-/is-hexadecimal-2.0.1.tgz. Extracting by manifest.
4273 silly tarball no local data for is-decimal@https://registry.npmjs.org/is-decimal/-/is-decimal-2.0.1.tgz. Extracting by manifest.
4274 silly tarball no local data for is-alphanumerical@https://registry.npmjs.org/is-alphanumerical/-/is-alphanumerical-2.0.1.tgz. Extracting by manifest.
4275 silly tarball no local data for character-entities-legacy@https://registry.npmjs.org/character-entities-legacy/-/character-entities-legacy-3.0.0.tgz. Extracting by manifest.
4276 silly tarball no local data for micromark-util-html-tag-name@https://registry.npmjs.org/micromark-util-html-tag-name/-/micromark-util-html-tag-name-2.0.1.tgz. Extracting by manifest.
4277 silly tarball no local data for micromark-factory-whitespace@https://registry.npmjs.org/micromark-factory-whitespace/-/micromark-factory-whitespace-2.0.1.tgz. Extracting by manifest.
4278 silly tarball no local data for micromark-factory-label@https://registry.npmjs.org/micromark-factory-label/-/micromark-factory-label-2.0.1.tgz. Extracting by manifest.
4279 silly tarball no local data for @types/ms@https://registry.npmjs.org/@types/ms/-/ms-2.1.0.tgz. Extracting by manifest.
4280 silly tarball no local data for micromark-factory-title@https://registry.npmjs.org/micromark-factory-title/-/micromark-factory-title-2.0.1.tgz. Extracting by manifest.
4281 silly tarball no local data for micromark-factory-destination@https://registry.npmjs.org/micromark-factory-destination/-/micromark-factory-destination-2.0.1.tgz. Extracting by manifest.
4282 silly tarball no local data for micromark-util-subtokenize@https://registry.npmjs.org/micromark-util-subtokenize/-/micromark-util-subtokenize-2.1.0.tgz. Extracting by manifest.
4283 silly tarball no local data for micromark-util-resolve-all@https://registry.npmjs.org/micromark-util-resolve-all/-/micromark-util-resolve-all-2.0.1.tgz. Extracting by manifest.
4284 silly tarball no local data for character-reference-invalid@https://registry.npmjs.org/character-reference-invalid/-/character-reference-invalid-2.0.1.tgz. Extracting by manifest.
4285 silly tarball no local data for micromark-util-chunked@https://registry.npmjs.org/micromark-util-chunked/-/micromark-util-chunked-2.0.1.tgz. Extracting by manifest.
4286 silly tarball no local data for micromark-util-encode@https://registry.npmjs.org/micromark-util-encode/-/micromark-util-encode-2.0.1.tgz. Extracting by manifest.
4287 silly tarball no local data for micromark-util-combine-extensions@https://registry.npmjs.org/micromark-util-combine-extensions/-/micromark-util-combine-extensions-2.0.1.tgz. Extracting by manifest.
4288 silly tarball no local data for micromark-util-character@https://registry.npmjs.org/micromark-util-character/-/micromark-util-character-2.1.1.tgz. Extracting by manifest.
4289 silly tarball no local data for micromark-factory-space@https://registry.npmjs.org/micromark-factory-space/-/micromark-factory-space-2.0.1.tgz. Extracting by manifest.
4290 silly tarball no local data for @types/debug@https://registry.npmjs.org/@types/debug/-/debug-4.1.13.tgz. Extracting by manifest.
4291 silly tarball no local data for micromark-core-commonmark@https://registry.npmjs.org/micromark-core-commonmark/-/micromark-core-commonmark-2.0.3.tgz. Extracting by manifest.
4292 silly tarball no local data for unist-util-is@https://registry.npmjs.org/unist-util-is/-/unist-util-is-6.0.1.tgz. Extracting by manifest.
4293 silly tarball no local data for zwitch@https://registry.npmjs.org/zwitch/-/zwitch-2.0.4.tgz. Extracting by manifest.
4294 silly tarball no local data for micromark-util-classify-character@https://registry.npmjs.org/micromark-util-classify-character/-/micromark-util-classify-character-2.0.1.tgz. Extracting by manifest.
4295 silly tarball no local data for longest-streak@https://registry.npmjs.org/longest-streak/-/longest-streak-3.1.0.tgz. Extracting by manifest.
4296 silly tarball no local data for micromark-util-sanitize-uri@https://registry.npmjs.org/micromark-util-sanitize-uri/-/micromark-util-sanitize-uri-2.0.1.tgz. Extracting by manifest.
4297 silly tarball no local data for trim-lines@https://registry.npmjs.org/trim-lines/-/trim-lines-3.0.1.tgz. Extracting by manifest.
4298 silly tarball no local data for stringify-entities@https://registry.npmjs.org/stringify-entities/-/stringify-entities-4.0.4.tgz. Extracting by manifest.
4299 silly tarball no local data for @ungap/structured-clone@https://registry.npmjs.org/@ungap/structured-clone/-/structured-clone-1.3.0.tgz. Extracting by manifest.
4300 silly tarball no local data for parse-entities@https://registry.npmjs.org/parse-entities/-/parse-entities-4.0.2.tgz. Extracting by manifest.
4301 silly tarball no local data for character-entities@https://registry.npmjs.org/character-entities/-/character-entities-2.0.2.tgz. Extracting by manifest.
4302 silly tarball no local data for unist-util-stringify-position@https://registry.npmjs.org/unist-util-stringify-position/-/unist-util-stringify-position-4.0.0.tgz. Extracting by manifest.
4303 silly tarball no local data for micromark-util-types@https://registry.npmjs.org/micromark-util-types/-/micromark-util-types-2.0.2.tgz. Extracting by manifest.
4304 silly tarball no local data for ccount@https://registry.npmjs.org/ccount/-/ccount-2.0.1.tgz. Extracting by manifest.
4305 silly tarball no local data for micromark-util-symbol@https://registry.npmjs.org/micromark-util-symbol/-/micromark-util-symbol-2.0.1.tgz. Extracting by manifest.
4306 silly tarball no local data for mdast-util-phrasing@https://registry.npmjs.org/mdast-util-phrasing/-/mdast-util-phrasing-4.1.0.tgz. Extracting by manifest.
4307 silly tarball no local data for micromark-util-normalize-identifier@https://registry.npmjs.org/micromark-util-normalize-identifier/-/micromark-util-normalize-identifier-2.0.1.tgz. Extracting by manifest.
4308 silly tarball no local data for micromark-util-decode-string@https://registry.npmjs.org/micromark-util-decode-string/-/micromark-util-decode-string-2.0.1.tgz. Extracting by manifest.
4309 silly tarball no local data for micromark-util-decode-numeric-character-reference@https://registry.npmjs.org/micromark-util-decode-numeric-character-reference/-/micromark-util-decode-numeric-character-reference-2.0.2.tgz. Extracting by manifest.
4310 silly tarball no local data for micromark@https://registry.npmjs.org/micromark/-/micromark-4.0.2.tgz. Extracting by manifest.
4311 silly tarball no local data for decode-named-character-reference@https://registry.npmjs.org/decode-named-character-reference/-/decode-named-character-reference-1.3.0.tgz. Extracting by manifest.
4312 silly tarball no local data for mdast-util-to-string@https://registry.npmjs.org/mdast-util-to-string/-/mdast-util-to-string-4.0.0.tgz. Extracting by manifest.
4313 silly tarball no local data for @types/estree-jsx@https://registry.npmjs.org/@types/estree-jsx/-/estree-jsx-1.0.5.tgz. Extracting by manifest.
4314 silly tarball no local data for mdast-util-to-markdown@https://registry.npmjs.org/mdast-util-to-markdown/-/mdast-util-to-markdown-2.1.2.tgz. Extracting by manifest.
4315 silly tarball no local data for style-to-js@https://registry.npmjs.org/style-to-js/-/style-to-js-1.1.21.tgz. Extracting by manifest.
4316 silly tarball no local data for unist-util-position@https://registry.npmjs.org/unist-util-position/-/unist-util-position-5.0.0.tgz. Extracting by manifest.
4317 silly tarball no local data for mdast-util-from-markdown@https://registry.npmjs.org/mdast-util-from-markdown/-/mdast-util-from-markdown-2.0.3.tgz. Extracting by manifest.
4318 silly tarball no local data for mdast-util-mdx-expression@https://registry.npmjs.org/mdast-util-mdx-expression/-/mdast-util-mdx-expression-2.0.1.tgz. Extracting by manifest.
4319 silly tarball no local data for mdast-util-mdxjs-esm@https://registry.npmjs.org/mdast-util-mdxjs-esm/-/mdast-util-mdxjs-esm-2.0.1.tgz. Extracting by manifest.
4320 silly tarball no local data for mdast-util-mdx-jsx@https://registry.npmjs.org/mdast-util-mdx-jsx/-/mdast-util-mdx-jsx-3.2.0.tgz. Extracting by manifest.
4321 silly tarball no local data for estree-util-is-identifier-name@https://registry.npmjs.org/estree-util-is-identifier-name/-/estree-util-is-identifier-name-3.0.0.tgz. Extracting by manifest.
4322 silly tarball no local data for mdast-util-to-hast@https://registry.npmjs.org/mdast-util-to-hast/-/mdast-util-to-hast-13.2.1.tgz. Extracting by manifest.
4323 silly tarball no local data for hast-util-to-jsx-runtime@https://registry.npmjs.org/hast-util-to-jsx-runtime/-/hast-util-to-jsx-runtime-2.3.6.tgz. Extracting by manifest.
4324 silly tarball no local data for html-url-attributes@https://registry.npmjs.org/html-url-attributes/-/html-url-attributes-3.0.1.tgz. Extracting by manifest.
4325 silly tarball no local data for hast-util-whitespace@https://registry.npmjs.org/hast-util-whitespace/-/hast-util-whitespace-3.0.0.tgz. Extracting by manifest.
4326 silly tarball no local data for scheduler@https://registry.npmjs.org/scheduler/-/scheduler-0.27.0.tgz. Extracting by manifest.
4327 silly tarball no local data for csstype@https://registry.npmjs.org/csstype/-/csstype-3.2.3.tgz. Extracting by manifest.
4328 silly tarball no local data for @react-leaflet/core@https://registry.npmjs.org/@react-leaflet/core/-/core-3.0.0.tgz. Extracting by manifest.
4329 silly tarball no local data for @tabby_ai/hijri-converter@https://registry.npmjs.org/@tabby_ai/hijri-converter/-/hijri-converter-1.0.5.tgz. Extracting by manifest.
4330 silly tarball no local data for date-fns-jalali@https://registry.npmjs.org/date-fns-jalali/-/date-fns-jalali-4.1.0-0.tgz. Extracting by manifest.
4331 silly tarball no local data for @date-fns/tz@https://registry.npmjs.org/@date-fns/tz/-/tz-1.4.1.tgz. Extracting by manifest.
4332 silly tarball no local data for performance-now@https://registry.npmjs.org/performance-now/-/performance-now-2.1.0.tgz. Extracting by manifest.
4333 silly tarball no local data for react-is@https://registry.npmjs.org/react-is/-/react-is-16.13.1.tgz. Extracting by manifest.
4334 silly tarball no local data for object-assign@https://registry.npmjs.org/object-assign/-/object-assign-4.1.1.tgz. Extracting by manifest.
4335 silly tarball no local data for loose-envify@https://registry.npmjs.org/loose-envify/-/loose-envify-1.4.0.tgz. Extracting by manifest.
4336 silly tarball no local data for yaml@https://registry.npmjs.org/yaml/-/yaml-2.8.4.tgz. Extracting by manifest.
4337 silly tarball no local data for lilconfig@https://registry.npmjs.org/lilconfig/-/lilconfig-3.1.3.tgz. Extracting by manifest.
4338 silly tarball no local data for nanoid@https://registry.npmjs.org/nanoid/-/nanoid-3.3.12.tgz. Extracting by manifest.
4339 silly tarball no local data for entities@https://registry.npmjs.org/entities/-/entities-6.0.1.tgz. Extracting by manifest.
4340 silly tarball no local data for p-timeout@https://registry.npmjs.org/p-timeout/-/p-timeout-7.0.1.tgz. Extracting by manifest.
4341 silly tarball no local data for eventemitter3@https://registry.npmjs.org/eventemitter3/-/eventemitter3-5.0.4.tgz. Extracting by manifest.
4342 silly tarball no local data for yocto-queue@https://registry.npmjs.org/yocto-queue/-/yocto-queue-1.2.2.tgz. Extracting by manifest.
4343 silly tarball no local data for mime-db@https://registry.npmjs.org/mime-db/-/mime-db-1.52.0.tgz. Extracting by manifest.
4344 silly tarball no local data for @types/mdast@https://registry.npmjs.org/@types/mdast/-/mdast-4.0.4.tgz. Extracting by manifest.
4345 silly tarball no local data for source-map-js@https://registry.npmjs.org/source-map-js/-/source-map-js-1.2.1.tgz. Extracting by manifest.
4346 silly tarball no local data for yallist@https://registry.npmjs.org/yallist/-/yallist-3.1.1.tgz. Extracting by manifest.
4347 silly tarball no local data for pako@https://registry.npmjs.org/pako/-/pako-2.1.0.tgz. Extracting by manifest.
4348 silly tarball no local data for @types/pako@https://registry.npmjs.org/@types/pako/-/pako-2.0.4.tgz. Extracting by manifest.
4349 silly tarball no local data for iobuffer@https://registry.npmjs.org/iobuffer/-/iobuffer-5.4.0.tgz. Extracting by manifest.
4350 silly tarball no local data for @types/trusted-types@https://registry.npmjs.org/@types/trusted-types/-/trusted-types-2.0.7.tgz. Extracting by manifest.
4351 silly tarball no local data for svg-pathdata@https://registry.npmjs.org/svg-pathdata/-/svg-pathdata-6.0.3.tgz. Extracting by manifest.
4352 silly tarball no local data for stackblur-canvas@https://registry.npmjs.org/stackblur-canvas/-/stackblur-canvas-2.7.0.tgz. Extracting by manifest.
4353 silly tarball no local data for rgbcolor@https://registry.npmjs.org/rgbcolor/-/rgbcolor-1.0.1.tgz. Extracting by manifest.
4354 silly tarball no local data for regenerator-runtime@https://registry.npmjs.org/regenerator-runtime/-/regenerator-runtime-0.13.11.tgz. Extracting by manifest.
4355 silly tarball no local data for raf@https://registry.npmjs.org/raf/-/raf-3.4.1.tgz. Extracting by manifest.
4356 silly tarball no local data for @types/raf@https://registry.npmjs.org/@types/raf/-/raf-3.4.3.tgz. Extracting by manifest.
4357 silly tarball no local data for fast-png@https://registry.npmjs.org/fast-png/-/fast-png-6.4.0.tgz. Extracting by manifest.
4358 silly tarball no local data for dompurify@https://registry.npmjs.org/dompurify/-/dompurify-3.4.2.tgz. Extracting by manifest.
4359 silly tarball no local data for core-js@https://registry.npmjs.org/core-js/-/core-js-3.49.0.tgz. Extracting by manifest.
4360 silly tarball no local data for fflate@https://registry.npmjs.org/fflate/-/fflate-0.8.2.tgz. Extracting by manifest.
4361 silly tarball no local data for canvg@https://registry.npmjs.org/canvg/-/canvg-3.0.11.tgz. Extracting by manifest.
4362 silly tarball no local data for is-inside-container@https://registry.npmjs.org/is-inside-container/-/is-inside-container-1.0.0.tgz. Extracting by manifest.
4363 silly tarball no local data for utrie@https://registry.npmjs.org/utrie/-/utrie-1.0.2.tgz. Extracting by manifest.
4364 silly tarball no local data for argparse@https://registry.npmjs.org/argparse/-/argparse-2.0.1.tgz. Extracting by manifest.
4365 silly tarball no local data for css-line-break@https://registry.npmjs.org/css-line-break/-/css-line-break-2.1.0.tgz. Extracting by manifest.
4366 silly tarball no local data for space-separated-tokens@https://registry.npmjs.org/space-separated-tokens/-/space-separated-tokens-2.0.2.tgz. Extracting by manifest.
4367 silly tarball no local data for text-segmentation@https://registry.npmjs.org/text-segmentation/-/text-segmentation-1.0.3.tgz. Extracting by manifest.
4368 silly tarball no local data for hast-util-parse-selector@https://registry.npmjs.org/hast-util-parse-selector/-/hast-util-parse-selector-4.0.0.tgz. Extracting by manifest.
4369 silly tarball no local data for unist-util-find-after@https://registry.npmjs.org/unist-util-find-after/-/unist-util-find-after-5.0.0.tgz. Extracting by manifest.
4370 silly tarball no local data for comma-separated-tokens@https://registry.npmjs.org/comma-separated-tokens/-/comma-separated-tokens-2.0.3.tgz. Extracting by manifest.
4371 silly tarball no local data for hast-util-is-element@https://registry.npmjs.org/hast-util-is-element/-/hast-util-is-element-3.0.0.tgz. Extracting by manifest.
4372 silly tarball no local data for property-information@https://registry.npmjs.org/property-information/-/property-information-7.1.0.tgz. Extracting by manifest.
4373 silly tarball no local data for web-namespaces@https://registry.npmjs.org/web-namespaces/-/web-namespaces-2.0.1.tgz. Extracting by manifest.
4374 silly tarball no local data for vfile-location@https://registry.npmjs.org/vfile-location/-/vfile-location-5.0.3.tgz. Extracting by manifest.
4375 silly tarball no local data for @types/unist@https://registry.npmjs.org/@types/unist/-/unist-3.0.3.tgz. Extracting by manifest.
4376 silly tarball no local data for hastscript@https://registry.npmjs.org/hastscript/-/hastscript-9.0.1.tgz. Extracting by manifest.
4377 silly tarball no local data for vfile-message@https://registry.npmjs.org/vfile-message/-/vfile-message-4.0.3.tgz. Extracting by manifest.
4378 silly tarball no local data for dequal@https://registry.npmjs.org/dequal/-/dequal-2.0.3.tgz. Extracting by manifest.
4379 silly tarball no local data for parse5@https://registry.npmjs.org/parse5/-/parse5-7.3.0.tgz. Extracting by manifest.
4380 silly tarball no local data for @types/hast@https://registry.npmjs.org/@types/hast/-/hast-3.0.4.tgz. Extracting by manifest.
4381 silly tarball no local data for hast-util-from-parse5@https://registry.npmjs.org/hast-util-from-parse5/-/hast-util-from-parse5-8.0.3.tgz. Extracting by manifest.
4382 silly tarball no local data for devlop@https://registry.npmjs.org/devlop/-/devlop-1.1.0.tgz. Extracting by manifest.
4383 silly tarball no local data for math-intrinsics@https://registry.npmjs.org/math-intrinsics/-/math-intrinsics-1.1.0.tgz. Extracting by manifest.
4384 silly tarball no local data for has-symbols@https://registry.npmjs.org/has-symbols/-/has-symbols-1.1.0.tgz. Extracting by manifest.
4385 silly tarball no local data for gopd@https://registry.npmjs.org/gopd/-/gopd-1.2.0.tgz. Extracting by manifest.
4386 silly tarball no local data for dunder-proto@https://registry.npmjs.org/dunder-proto/-/dunder-proto-1.0.1.tgz. Extracting by manifest.
4387 silly tarball no local data for es-object-atoms@https://registry.npmjs.org/es-object-atoms/-/es-object-atoms-1.1.1.tgz. Extracting by manifest.
4388 silly tarball no local data for get-proto@https://registry.npmjs.org/get-proto/-/get-proto-1.0.1.tgz. Extracting by manifest.
4389 silly tarball no local data for function-bind@https://registry.npmjs.org/function-bind/-/function-bind-1.1.2.tgz. Extracting by manifest.
4390 silly tarball no local data for es-define-property@https://registry.npmjs.org/es-define-property/-/es-define-property-1.0.1.tgz. Extracting by manifest.
4391 silly tarball no local data for has-tostringtag@https://registry.npmjs.org/has-tostringtag/-/has-tostringtag-1.0.2.tgz. Extracting by manifest.
4392 silly tarball no local data for call-bind-apply-helpers@https://registry.npmjs.org/call-bind-apply-helpers/-/call-bind-apply-helpers-1.0.2.tgz. Extracting by manifest.
4393 silly tarball no local data for motion-utils@https://registry.npmjs.org/motion-utils/-/motion-utils-12.36.0.tgz. Extracting by manifest.
4394 silly tarball no local data for motion-dom@https://registry.npmjs.org/motion-dom/-/motion-dom-12.38.0.tgz. Extracting by manifest.
4395 silly tarball no local data for get-intrinsic@https://registry.npmjs.org/get-intrinsic/-/get-intrinsic-1.3.0.tgz. Extracting by manifest.
4396 silly tarball no local data for es-errors@https://registry.npmjs.org/es-errors/-/es-errors-1.3.0.tgz. Extracting by manifest.
4397 silly tarball no local data for mime-types@https://registry.npmjs.org/mime-types/-/mime-types-2.1.35.tgz. Extracting by manifest.
4398 silly tarball no local data for delayed-stream@https://registry.npmjs.org/delayed-stream/-/delayed-stream-1.0.0.tgz. Extracting by manifest.
4399 silly tarball no local data for hasown@https://registry.npmjs.org/hasown/-/hasown-2.0.3.tgz. Extracting by manifest.
4400 silly tarball no local data for es-set-tostringtag@https://registry.npmjs.org/es-set-tostringtag/-/es-set-tostringtag-2.1.0.tgz. Extracting by manifest.
4401 silly tarball no local data for combined-stream@https://registry.npmjs.org/combined-stream/-/combined-stream-1.0.8.tgz. Extracting by manifest.
4402 silly tarball no local data for tiny-inflate@https://registry.npmjs.org/tiny-inflate/-/tiny-inflate-1.0.3.tgz. Extracting by manifest.
4403 silly tarball no local data for fast-string-truncated-width@https://registry.npmjs.org/fast-string-truncated-width/-/fast-string-truncated-width-3.0.3.tgz. Extracting by manifest.
4404 silly tarball no local data for asynckit@https://registry.npmjs.org/asynckit/-/asynckit-0.4.0.tgz. Extracting by manifest.
4405 silly tarball no local data for @esbuild/darwin-x64@https://registry.npmjs.org/@esbuild/darwin-x64/-/darwin-x64-0.27.7.tgz. Extracting by manifest.
4406 silly tarball no local data for ms@https://registry.npmjs.org/ms/-/ms-2.1.3.tgz. Extracting by manifest.
4407 silly tarball no local data for embla-carousel-reactive-utils@https://registry.npmjs.org/embla-carousel-reactive-utils/-/embla-carousel-reactive-utils-8.6.0.tgz. Extracting by manifest.
4408 silly tarball no local data for tiny-invariant@https://registry.npmjs.org/tiny-invariant/-/tiny-invariant-1.3.3.tgz. Extracting by manifest.
4409 silly tarball no local data for update-browserslist-db@https://registry.npmjs.org/update-browserslist-db/-/update-browserslist-db-1.2.3.tgz. Extracting by manifest.
4410 silly tarball no local data for embla-carousel@https://registry.npmjs.org/embla-carousel/-/embla-carousel-8.6.0.tgz. Extracting by manifest.
4411 silly tarball no local data for electron-to-chromium@https://registry.npmjs.org/electron-to-chromium/-/electron-to-chromium-1.5.349.tgz. Extracting by manifest.
4412 silly tarball no local data for node-releases@https://registry.npmjs.org/node-releases/-/node-releases-2.0.38.tgz. Extracting by manifest.
4413 silly tarball no local data for proxy-from-env@https://registry.npmjs.org/proxy-from-env/-/proxy-from-env-2.1.0.tgz. Extracting by manifest.
4414 silly tarball no local data for baseline-browser-mapping@https://registry.npmjs.org/baseline-browser-mapping/-/baseline-browser-mapping-2.10.25.tgz. Extracting by manifest.
4415 silly tarball no local data for form-data@https://registry.npmjs.org/form-data/-/form-data-4.0.5.tgz. Extracting by manifest.
4416 silly tarball no local data for fraction.js@https://registry.npmjs.org/fraction.js/-/fraction.js-5.3.4.tgz. Extracting by manifest.
4417 silly tarball no local data for estree-walker@https://registry.npmjs.org/estree-walker/-/estree-walker-2.0.2.tgz. Extracting by manifest.
4418 silly tarball no local data for follow-redirects@https://registry.npmjs.org/follow-redirects/-/follow-redirects-1.16.0.tgz. Extracting by manifest.
4419 silly tarball no local data for caniuse-lite@https://registry.npmjs.org/caniuse-lite/-/caniuse-lite-1.0.30001791.tgz. Extracting by manifest.
4420 silly tarball no local data for sisteransi@https://registry.npmjs.org/sisteransi/-/sisteransi-1.0.5.tgz. Extracting by manifest.
4421 silly tarball no local data for postcss-value-parser@https://registry.npmjs.org/postcss-value-parser/-/postcss-value-parser-4.2.0.tgz. Extracting by manifest.
4422 silly tarball no local data for fast-string-width@https://registry.npmjs.org/fast-string-width/-/fast-string-width-3.0.2.tgz. Extracting by manifest.
4423 silly tarball no local data for fast-wrap-ansi@https://registry.npmjs.org/fast-wrap-ansi/-/fast-wrap-ansi-0.2.0.tgz. Extracting by manifest.
4424 silly tarball no local data for @types/estree@https://registry.npmjs.org/@types/estree/-/estree-1.0.8.tgz. Extracting by manifest.
4425 silly tarball no local data for @clack/core@https://registry.npmjs.org/@clack/core/-/core-1.3.0.tgz. Extracting by manifest.
4426 silly tarball no local data for fontkitten@https://registry.npmjs.org/fontkitten/-/fontkitten-1.0.3.tgz. Extracting by manifest.
4427 silly tarball no local data for which-pm-runs@https://registry.npmjs.org/which-pm-runs/-/which-pm-runs-1.1.0.tgz. Extracting by manifest.
4428 silly tarball no local data for is-wsl@https://registry.npmjs.org/is-wsl/-/is-wsl-3.1.1.tgz. Extracting by manifest.
4429 silly tarball no local data for dlv@https://registry.npmjs.org/dlv/-/dlv-1.1.3.tgz. Extracting by manifest.
4430 silly tarball no local data for is-docker@https://registry.npmjs.org/is-docker/-/is-docker-4.0.0.tgz. Extracting by manifest.
4431 silly tarball no local data for prismjs@https://registry.npmjs.org/prismjs/-/prismjs-1.30.0.tgz. Extracting by manifest.
4432 silly tarball no local data for unified@https://registry.npmjs.org/unified/-/unified-11.0.5.tgz. Extracting by manifest.
4433 silly tarball no local data for unist-util-visit-parents@https://registry.npmjs.org/unist-util-visit-parents/-/unist-util-visit-parents-6.0.2.tgz. Extracting by manifest.
4434 silly tarball no local data for retext-smartypants@https://registry.npmjs.org/retext-smartypants/-/retext-smartypants-6.2.0.tgz. Extracting by manifest.
4435 silly tarball no local data for unist-util-remove-position@https://registry.npmjs.org/unist-util-remove-position/-/unist-util-remove-position-5.0.0.tgz. Extracting by manifest.
4436 silly tarball no local data for remark-smartypants@https://registry.npmjs.org/remark-smartypants/-/remark-smartypants-3.0.2.tgz. Extracting by manifest.
4437 silly tarball no local data for remark-rehype@https://registry.npmjs.org/remark-rehype/-/remark-rehype-11.1.2.tgz. Extracting by manifest.
4438 silly tarball no local data for remark-parse@https://registry.npmjs.org/remark-parse/-/remark-parse-11.0.0.tgz. Extracting by manifest.
4439 silly tarball no local data for rehype-stringify@https://registry.npmjs.org/rehype-stringify/-/rehype-stringify-10.0.1.tgz. Extracting by manifest.
4440 silly tarball no local data for remark-gfm@https://registry.npmjs.org/remark-gfm/-/remark-gfm-4.0.1.tgz. Extracting by manifest.
4441 silly tarball no local data for mdast-util-definitions@https://registry.npmjs.org/mdast-util-definitions/-/mdast-util-definitions-6.0.0.tgz. Extracting by manifest.
4442 silly tarball no local data for rehype-raw@https://registry.npmjs.org/rehype-raw/-/rehype-raw-7.0.0.tgz. Extracting by manifest.
4443 silly tarball no local data for hast-util-to-text@https://registry.npmjs.org/hast-util-to-text/-/hast-util-to-text-4.0.2.tgz. Extracting by manifest.
4444 silly tarball no local data for hast-util-from-html@https://registry.npmjs.org/hast-util-from-html/-/hast-util-from-html-2.0.3.tgz. Extracting by manifest.
4445 silly tarball no local data for yargs-parser@https://registry.npmjs.org/yargs-parser/-/yargs-parser-22.0.0.tgz. Extracting by manifest.
4446 silly tarball no local data for @astrojs/prism@https://registry.npmjs.org/@astrojs/prism/-/prism-4.0.1.tgz. Extracting by manifest.
4447 silly tarball no local data for xxhash-wasm@https://registry.npmjs.org/xxhash-wasm/-/xxhash-wasm-1.1.0.tgz. Extracting by manifest.
4448 silly tarball no local data for vitefu@https://registry.npmjs.org/vitefu/-/vitefu-1.1.3.tgz. Extracting by manifest.
4449 silly tarball no local data for vfile@https://registry.npmjs.org/vfile/-/vfile-6.0.3.tgz. Extracting by manifest.
4450 silly tarball no local data for unifont@https://registry.npmjs.org/unifont/-/unifont-0.7.4.tgz. Extracting by manifest.
4451 silly tarball no local data for unstorage@https://registry.npmjs.org/unstorage/-/unstorage-1.17.5.tgz. Extracting by manifest.
4452 silly tarball no local data for tsconfck@https://registry.npmjs.org/tsconfck/-/tsconfck-3.1.6.tgz. Extracting by manifest.
4453 silly tarball no local data for unist-util-visit@https://registry.npmjs.org/unist-util-visit/-/unist-util-visit-5.1.0.tgz. Extracting by manifest.
4454 silly tarball no local data for tinyexec@https://registry.npmjs.org/tinyexec/-/tinyexec-1.1.2.tgz. Extracting by manifest.
4455 silly tarball no local data for tinyglobby@https://registry.npmjs.org/tinyglobby/-/tinyglobby-0.2.16.tgz. Extracting by manifest.
4456 silly tarball no local data for tinyclip@https://registry.npmjs.org/tinyclip/-/tinyclip-0.1.12.tgz. Extracting by manifest.
4457 silly tarball no local data for svgo@https://registry.npmjs.org/svgo/-/svgo-4.0.1.tgz. Extracting by manifest.
4458 silly tarball no local data for sharp@https://registry.npmjs.org/sharp/-/sharp-0.34.5.tgz. Extracting by manifest.
4459 silly tarball no local data for shiki@https://registry.npmjs.org/shiki/-/shiki-4.0.2.tgz. Extracting by manifest.
4460 silly tarball no local data for package-manager-detector@https://registry.npmjs.org/package-manager-detector/-/package-manager-detector-1.6.0.tgz. Extracting by manifest.
4461 silly tarball no local data for p-queue@https://registry.npmjs.org/p-queue/-/p-queue-9.2.0.tgz. Extracting by manifest.
4462 silly tarball no local data for piccolore@https://registry.npmjs.org/piccolore/-/piccolore-0.1.3.tgz. Extracting by manifest.
4463 silly tarball no local data for rehype@https://registry.npmjs.org/rehype/-/rehype-13.0.2.tgz. Extracting by manifest.
4464 silly tarball no local data for smol-toml@https://registry.npmjs.org/smol-toml/-/smol-toml-1.6.1.tgz. Extracting by manifest.
4465 silly tarball no local data for p-limit@https://registry.npmjs.org/p-limit/-/p-limit-7.3.0.tgz. Extracting by manifest.
4466 silly tarball no local data for obug@https://registry.npmjs.org/obug/-/obug-2.1.1.tgz. Extracting by manifest.
4467 silly tarball no local data for neotraverse@https://registry.npmjs.org/neotraverse/-/neotraverse-0.6.18.tgz. Extracting by manifest.
4468 silly tarball no local data for magicast@https://registry.npmjs.org/magicast/-/magicast-0.5.2.tgz. Extracting by manifest.
4469 silly tarball no local data for mrmime@https://registry.npmjs.org/mrmime/-/mrmime-2.0.1.tgz. Extracting by manifest.
4470 silly tarball no local data for magic-string@https://registry.npmjs.org/magic-string/-/magic-string-0.30.21.tgz. Extracting by manifest.
4471 silly tarball no local data for http-cache-semantics@https://registry.npmjs.org/http-cache-semantics/-/http-cache-semantics-4.2.0.tgz. Extracting by manifest.
4472 silly tarball no local data for js-yaml@https://registry.npmjs.org/js-yaml/-/js-yaml-4.1.1.tgz. Extracting by manifest.
4473 silly tarball no local data for html-escaper@https://registry.npmjs.org/html-escaper/-/html-escaper-3.0.3.tgz. Extracting by manifest.
4474 silly tarball no local data for github-slugger@https://registry.npmjs.org/github-slugger/-/github-slugger-2.0.0.tgz. Extracting by manifest.
4475 silly tarball no local data for flattie@https://registry.npmjs.org/flattie/-/flattie-1.1.1.tgz. Extracting by manifest.
4476 silly tarball no local data for es-module-lexer@https://registry.npmjs.org/es-module-lexer/-/es-module-lexer-2.1.0.tgz. Extracting by manifest.
4477 silly tarball no local data for dset@https://registry.npmjs.org/dset/-/dset-3.1.4.tgz. Extracting by manifest.
4478 silly tarball no local data for fontace@https://registry.npmjs.org/fontace/-/fontace-0.4.1.tgz. Extracting by manifest.
4479 silly tarball no local data for esbuild@https://registry.npmjs.org/esbuild/-/esbuild-0.27.7.tgz. Extracting by manifest.
4480 silly tarball no local data for diff@https://registry.npmjs.org/diff/-/diff-8.0.4.tgz. Extracting by manifest.
4481 silly tarball no local data for cookie@https://registry.npmjs.org/cookie/-/cookie-1.1.1.tgz. Extracting by manifest.
4482 silly tarball no local data for ci-info@https://registry.npmjs.org/ci-info/-/ci-info-4.4.0.tgz. Extracting by manifest.
4483 silly tarball no local data for common-ancestor-path@https://registry.npmjs.org/common-ancestor-path/-/common-ancestor-path-2.0.0.tgz. Extracting by manifest.
4484 silly tarball no local data for axobject-query@https://registry.npmjs.org/axobject-query/-/axobject-query-4.1.0.tgz. Extracting by manifest.
4485 silly tarball no local data for aria-query@https://registry.npmjs.org/aria-query/-/aria-query-5.3.2.tgz. Extracting by manifest.
4486 silly tarball no local data for @rollup/pluginutils@https://registry.npmjs.org/@rollup/pluginutils/-/pluginutils-5.3.0.tgz. Extracting by manifest.
4487 silly tarball no local data for @oslojs/encoding@https://registry.npmjs.org/@oslojs/encoding/-/encoding-1.1.0.tgz. Extracting by manifest.
4488 silly tarball no local data for @clack/prompts@https://registry.npmjs.org/@clack/prompts/-/prompts-1.3.0.tgz. Extracting by manifest.
4489 silly tarball no local data for @capsizecss/unpack@https://registry.npmjs.org/@capsizecss/unpack/-/unpack-4.0.0.tgz. Extracting by manifest.
4490 silly tarball no local data for @astrojs/telemetry@https://registry.npmjs.org/@astrojs/telemetry/-/telemetry-3.3.1.tgz. Extracting by manifest.
4491 silly tarball no local data for @astrojs/markdown-remark@https://registry.npmjs.org/@astrojs/markdown-remark/-/markdown-remark-7.1.1.tgz. Extracting by manifest.
4492 silly tarball no local data for @astrojs/compiler@https://registry.npmjs.org/@astrojs/compiler/-/compiler-4.0.0.tgz. Extracting by manifest.
4493 silly tarball no local data for tslib@https://registry.npmjs.org/tslib/-/tslib-2.8.1.tgz. Extracting by manifest.
4494 silly tarball no local data for @types/babel__template@https://registry.npmjs.org/@types/babel__template/-/babel__template-7.4.4.tgz. Extracting by manifest.
4495 silly tarball no local data for @types/babel__traverse@https://registry.npmjs.org/@types/babel__traverse/-/babel__traverse-7.28.0.tgz. Extracting by manifest.
4496 silly tarball no local data for @babel/helper-module-imports@https://registry.npmjs.org/@babel/helper-module-imports/-/helper-module-imports-7.28.6.tgz. Extracting by manifest.
4497 silly tarball no local data for lru-cache@https://registry.npmjs.org/lru-cache/-/lru-cache-5.1.1.tgz. Extracting by manifest.
4498 silly tarball no local data for @babel/helper-validator-option@https://registry.npmjs.org/@babel/helper-validator-option/-/helper-validator-option-7.27.1.tgz. Extracting by manifest.
4499 silly tarball no local data for browserslist@https://registry.npmjs.org/browserslist/-/browserslist-4.28.2.tgz. Extracting by manifest.
4500 silly tarball no local data for @babel/helper-plugin-utils@https://registry.npmjs.org/@babel/helper-plugin-utils/-/helper-plugin-utils-7.28.6.tgz. Extracting by manifest.
4501 silly tarball no local data for @babel/compat-data@https://registry.npmjs.org/@babel/compat-data/-/compat-data-7.29.3.tgz. Extracting by manifest.
4502 silly tarball no local data for semver@https://registry.npmjs.org/semver/-/semver-6.3.1.tgz. Extracting by manifest.
4503 silly tarball no local data for json5@https://registry.npmjs.org/json5/-/json5-2.2.3.tgz. Extracting by manifest.
4504 silly tarball no local data for gensync@https://registry.npmjs.org/gensync/-/gensync-1.0.0-beta.2.tgz. Extracting by manifest.
4505 silly tarball no local data for convert-source-map@https://registry.npmjs.org/convert-source-map/-/convert-source-map-2.0.0.tgz. Extracting by manifest.
4506 silly tarball no local data for @babel/helpers@https://registry.npmjs.org/@babel/helpers/-/helpers-7.29.2.tgz. Extracting by manifest.
4507 silly tarball no local data for @jridgewell/remapping@https://registry.npmjs.org/@jridgewell/remapping/-/remapping-2.3.5.tgz. Extracting by manifest.
4508 silly tarball no local data for @babel/helper-compilation-targets@https://registry.npmjs.org/@babel/helper-compilation-targets/-/helper-compilation-targets-7.28.6.tgz. Extracting by manifest.
4509 silly tarball no local data for react-refresh@https://registry.npmjs.org/react-refresh/-/react-refresh-0.18.0.tgz. Extracting by manifest.
4510 silly tarball no local data for @babel/helper-module-transforms@https://registry.npmjs.org/@babel/helper-module-transforms/-/helper-module-transforms-7.28.6.tgz. Extracting by manifest.
4511 silly tarball no local data for @types/babel__core@https://registry.npmjs.org/@types/babel__core/-/babel__core-7.20.5.tgz. Extracting by manifest.
4512 silly tarball no local data for @rolldown/pluginutils@https://registry.npmjs.org/@rolldown/pluginutils/-/pluginutils-1.0.0-rc.3.tgz. Extracting by manifest.
4513 silly tarball no local data for @babel/plugin-transform-react-jsx-self@https://registry.npmjs.org/@babel/plugin-transform-react-jsx-self/-/plugin-transform-react-jsx-self-7.27.1.tgz. Extracting by manifest.
4514 silly tarball no local data for @babel/plugin-transform-react-jsx-source@https://registry.npmjs.org/@babel/plugin-transform-react-jsx-source/-/plugin-transform-react-jsx-source-7.27.1.tgz. Extracting by manifest.
4515 silly tarball no local data for @tanstack/query-core@https://registry.npmjs.org/@tanstack/query-core/-/query-core-5.100.8.tgz. Extracting by manifest.
4516 silly tarball no local data for @babel/core@https://registry.npmjs.org/@babel/core/-/core-7.29.0.tgz. Extracting by manifest.
4517 silly tarball no local data for prop-types@https://registry.npmjs.org/prop-types/-/prop-types-15.8.1.tgz. Extracting by manifest.
4518 silly tarball no local data for use-sync-external-store@https://registry.npmjs.org/use-sync-external-store/-/use-sync-external-store-1.6.0.tgz. Extracting by manifest.
4519 silly tarball no local data for @radix-ui/react-use-effect-event@https://registry.npmjs.org/@radix-ui/react-use-effect-event/-/react-use-effect-event-0.0.2.tgz. Extracting by manifest.
4520 silly tarball no local data for @radix-ui/number@https://registry.npmjs.org/@radix-ui/number/-/number-1.1.1.tgz. Extracting by manifest.
4521 silly tarball no local data for @types/babel__generator@https://registry.npmjs.org/@types/babel__generator/-/babel__generator-7.27.0.tgz. Extracting by manifest.
4522 silly tarball no local data for @floating-ui/core@https://registry.npmjs.org/@floating-ui/core/-/core-1.7.5.tgz. Extracting by manifest.
4523 silly tarball no local data for @floating-ui/utils@https://registry.npmjs.org/@floating-ui/utils/-/utils-0.2.11.tgz. Extracting by manifest.
4524 silly tarball no local data for @floating-ui/dom@https://registry.npmjs.org/@floating-ui/dom/-/dom-1.7.6.tgz. Extracting by manifest.
4525 silly tarball no local data for @radix-ui/react-use-rect@https://registry.npmjs.org/@radix-ui/react-use-rect/-/react-use-rect-1.1.1.tgz. Extracting by manifest.
4526 silly tarball no local data for @radix-ui/rect@https://registry.npmjs.org/@radix-ui/rect/-/rect-1.1.1.tgz. Extracting by manifest.
4527 silly tarball no local data for @radix-ui/react-arrow@https://registry.npmjs.org/@radix-ui/react-arrow/-/react-arrow-1.1.7.tgz. Extracting by manifest.
4528 silly tarball no local data for @radix-ui/react-visually-hidden@https://registry.npmjs.org/@radix-ui/react-visually-hidden/-/react-visually-hidden-1.2.3.tgz. Extracting by manifest.
4529 silly tarball no local data for @radix-ui/react-roving-focus@https://registry.npmjs.org/@radix-ui/react-roving-focus/-/react-roving-focus-1.1.11.tgz. Extracting by manifest.
4530 silly tarball no local data for @floating-ui/react-dom@https://registry.npmjs.org/@floating-ui/react-dom/-/react-dom-2.1.8.tgz. Extracting by manifest.
4531 silly tarball no local data for @radix-ui/react-popper@https://registry.npmjs.org/@radix-ui/react-popper/-/react-popper-1.2.8.tgz. Extracting by manifest.
4532 silly tarball no local data for @radix-ui/react-use-escape-keydown@https://registry.npmjs.org/@radix-ui/react-use-escape-keydown/-/react-use-escape-keydown-1.1.1.tgz. Extracting by manifest.
4533 silly tarball no local data for react-remove-scroll@https://registry.npmjs.org/react-remove-scroll/-/react-remove-scroll-2.7.2.tgz. Extracting by manifest.
4534 silly tarball no local data for aria-hidden@https://registry.npmjs.org/aria-hidden/-/aria-hidden-1.2.6.tgz. Extracting by manifest.
4535 silly tarball no local data for @radix-ui/react-portal@https://registry.npmjs.org/@radix-ui/react-portal/-/react-portal-1.1.9.tgz. Extracting by manifest.
4536 silly tarball no local data for @radix-ui/react-focus-scope@https://registry.npmjs.org/@radix-ui/react-focus-scope/-/react-focus-scope-1.1.7.tgz. Extracting by manifest.
4537 silly tarball no local data for @radix-ui/react-focus-guards@https://registry.npmjs.org/@radix-ui/react-focus-guards/-/react-focus-guards-1.1.3.tgz. Extracting by manifest.
4538 silly tarball no local data for @radix-ui/react-menu@https://registry.npmjs.org/@radix-ui/react-menu/-/react-menu-2.1.16.tgz. Extracting by manifest.
4539 silly tarball no local data for @radix-ui/react-use-size@https://registry.npmjs.org/@radix-ui/react-use-size/-/react-use-size-1.1.1.tgz. Extracting by manifest.
4540 silly tarball no local data for @radix-ui/react-use-previous@https://registry.npmjs.org/@radix-ui/react-use-previous/-/react-use-previous-1.1.1.tgz. Extracting by manifest.
4541 silly tarball no local data for @radix-ui/react-dismissable-layer@https://registry.npmjs.org/@radix-ui/react-dismissable-layer/-/react-dismissable-layer-1.1.11.tgz. Extracting by manifest.
4542 silly tarball no local data for @radix-ui/react-presence@https://registry.npmjs.org/@radix-ui/react-presence/-/react-presence-1.1.5.tgz. Extracting by manifest.
4543 silly tarball no local data for @radix-ui/react-use-layout-effect@https://registry.npmjs.org/@radix-ui/react-use-layout-effect/-/react-use-layout-effect-1.1.1.tgz. Extracting by manifest.
4544 silly tarball no local data for @radix-ui/react-use-is-hydrated@https://registry.npmjs.org/@radix-ui/react-use-is-hydrated/-/react-use-is-hydrated-0.1.0.tgz. Extracting by manifest.
4545 silly tarball no local data for @radix-ui/react-use-callback-ref@https://registry.npmjs.org/@radix-ui/react-use-callback-ref/-/react-use-callback-ref-1.1.1.tgz. Extracting by manifest.
4546 silly tarball no local data for @radix-ui/react-use-controllable-state@https://registry.npmjs.org/@radix-ui/react-use-controllable-state/-/react-use-controllable-state-1.2.2.tgz. Extracting by manifest.
4547 silly tarball no local data for @radix-ui/react-primitive@https://registry.npmjs.org/@radix-ui/react-primitive/-/react-primitive-2.1.3.tgz. Extracting by manifest.
4548 silly tarball no local data for @radix-ui/react-id@https://registry.npmjs.org/@radix-ui/react-id/-/react-id-1.1.1.tgz. Extracting by manifest.
4549 silly tarball no local data for @radix-ui/react-direction@https://registry.npmjs.org/@radix-ui/react-direction/-/react-direction-1.1.1.tgz. Extracting by manifest.
4550 silly tarball no local data for @radix-ui/react-context@https://registry.npmjs.org/@radix-ui/react-context/-/react-context-1.1.2.tgz. Extracting by manifest.
4551 silly tarball no local data for @radix-ui/react-compose-refs@https://registry.npmjs.org/@radix-ui/react-compose-refs/-/react-compose-refs-1.1.2.tgz. Extracting by manifest.
4552 silly tarball no local data for @radix-ui/react-collection@https://registry.npmjs.org/@radix-ui/react-collection/-/react-collection-1.1.7.tgz. Extracting by manifest.
4553 silly tarball no local data for @radix-ui/primitive@https://registry.npmjs.org/@radix-ui/primitive/-/primitive-1.1.3.tgz. Extracting by manifest.
4554 silly tarball no local data for @jridgewell/resolve-uri@https://registry.npmjs.org/@jridgewell/resolve-uri/-/resolve-uri-3.1.2.tgz. Extracting by manifest.
4555 silly tarball no local data for @jridgewell/sourcemap-codec@https://registry.npmjs.org/@jridgewell/sourcemap-codec/-/sourcemap-codec-1.5.5.tgz. Extracting by manifest.
4556 silly tarball no local data for redux@https://registry.npmjs.org/redux/-/redux-5.0.1.tgz. Extracting by manifest.
4557 silly tarball no local data for react-redux@https://registry.npmjs.org/react-redux/-/react-redux-9.2.0.tgz. Extracting by manifest.
4558 silly tarball no local data for @standard-schema/utils@https://registry.npmjs.org/@standard-schema/utils/-/utils-0.3.0.tgz. Extracting by manifest.
4559 silly tarball no local data for raf-schd@https://registry.npmjs.org/raf-schd/-/raf-schd-4.0.3.tgz. Extracting by manifest.
4560 silly tarball no local data for css-box-model@https://registry.npmjs.org/css-box-model/-/css-box-model-1.2.1.tgz. Extracting by manifest.
4561 silly tarball no local data for @babel/runtime@https://registry.npmjs.org/@babel/runtime/-/runtime-7.29.2.tgz. Extracting by manifest.
4562 silly tarball no local data for @babel/helper-string-parser@https://registry.npmjs.org/@babel/helper-string-parser/-/helper-string-parser-7.27.1.tgz. Extracting by manifest.
4563 silly tarball no local data for picocolors@https://registry.npmjs.org/picocolors/-/picocolors-1.1.1.tgz. Extracting by manifest.
4564 silly tarball no local data for js-tokens@https://registry.npmjs.org/js-tokens/-/js-tokens-4.0.0.tgz. Extracting by manifest.
4565 silly tarball no local data for @babel/helper-validator-identifier@https://registry.npmjs.org/@babel/helper-validator-identifier/-/helper-validator-identifier-7.28.5.tgz. Extracting by manifest.
4566 silly tarball no local data for debug@https://registry.npmjs.org/debug/-/debug-4.4.3.tgz. Extracting by manifest.
4567 silly tarball no local data for @babel/template@https://registry.npmjs.org/@babel/template/-/template-7.28.6.tgz. Extracting by manifest.
4568 silly tarball no local data for @babel/helper-globals@https://registry.npmjs.org/@babel/helper-globals/-/helper-globals-7.28.0.tgz. Extracting by manifest.
4569 silly tarball no local data for @babel/code-frame@https://registry.npmjs.org/@babel/code-frame/-/code-frame-7.29.0.tgz. Extracting by manifest.
4570 silly tarball no local data for jsesc@https://registry.npmjs.org/jsesc/-/jsesc-3.1.0.tgz. Extracting by manifest.
4571 silly tarball no local data for @jridgewell/trace-mapping@https://registry.npmjs.org/@jridgewell/trace-mapping/-/trace-mapping-0.3.31.tgz. Extracting by manifest.
4572 silly tarball no local data for @babel/types@https://registry.npmjs.org/@babel/types/-/types-7.29.0.tgz. Extracting by manifest.
4573 silly tarball no local data for @jridgewell/gen-mapping@https://registry.npmjs.org/@jridgewell/gen-mapping/-/gen-mapping-0.3.13.tgz. Extracting by manifest.
4574 silly tarball no local data for @babel/traverse@https://registry.npmjs.org/@babel/traverse/-/traverse-7.29.0.tgz. Extracting by manifest.
4575 silly tarball no local data for @babel/parser@https://registry.npmjs.org/@babel/parser/-/parser-7.29.3.tgz. Extracting by manifest.
4576 silly tarball no local data for @babel/generator@https://registry.npmjs.org/@babel/generator/-/generator-7.29.1.tgz. Extracting by manifest.
4577 silly tarball no local data for uuid@https://registry.npmjs.org/uuid/-/uuid-13.0.1.tgz. Extracting by manifest.
4578 silly tarball no local data for axios@https://registry.npmjs.org/axios/-/axios-1.16.0.tgz. Extracting by manifest.
4579 silly tarball no local data for postcss@https://registry.npmjs.org/postcss/-/postcss-8.5.13.tgz. Extracting by manifest.
4580 silly tarball no local data for socket.io-client@https://registry.npmjs.org/socket.io-client/-/socket.io-client-4.8.3.tgz. Extracting by manifest.
4581 silly tarball no local data for postcss-load-config@https://registry.npmjs.org/postcss-load-config/-/postcss-load-config-4.0.2.tgz. Extracting by manifest.
4582 silly tarball no local data for picomatch@https://registry.npmjs.org/picomatch/-/picomatch-4.0.4.tgz. Extracting by manifest.
4583 silly tarball no local data for autoprefixer@https://registry.npmjs.org/autoprefixer/-/autoprefixer-10.5.0.tgz. Extracting by manifest.
4584 silly tarball no local data for vite@https://registry.npmjs.org/vite/-/vite-7.3.2.tgz. Extracting by manifest.
4585 silly tarball no local data for ultrahtml@https://registry.npmjs.org/ultrahtml/-/ultrahtml-1.6.0.tgz. Extracting by manifest.
4586 silly tarball no local data for devalue@https://registry.npmjs.org/devalue/-/devalue-5.8.0.tgz. Extracting by manifest.
4587 silly tarball no local data for @astrojs/internal-helpers@https://registry.npmjs.org/@astrojs/internal-helpers/-/internal-helpers-0.9.0.tgz. Extracting by manifest.
4588 silly tarball no local data for zod@https://registry.npmjs.org/zod/-/zod-4.4.2.tgz. Extracting by manifest.
4589 silly tarball no local data for @vitejs/plugin-react@https://registry.npmjs.org/@vitejs/plugin-react/-/plugin-react-5.2.0.tgz. Extracting by manifest.
4590 silly tarball no local data for vaul@https://registry.npmjs.org/vaul/-/vaul-1.1.2.tgz. Extracting by manifest.
4591 silly tarball no local data for three@https://registry.npmjs.org/three/-/three-0.184.0.tgz. Extracting by manifest.
4592 silly tarball no local data for tailwind-merge@https://registry.npmjs.org/tailwind-merge/-/tailwind-merge-3.5.0.tgz. Extracting by manifest.
4593 silly tarball no local data for tailwindcss-animate@https://registry.npmjs.org/tailwindcss-animate/-/tailwindcss-animate-1.0.7.tgz. Extracting by manifest.
4594 silly tarball no local data for sonner@https://registry.npmjs.org/sonner/-/sonner-2.0.7.tgz. Extracting by manifest.
4595 silly tarball no local data for react-router-dom@https://registry.npmjs.org/react-router-dom/-/react-router-dom-7.14.2.tgz. Extracting by manifest.
4596 silly tarball no local data for react-resizable-panels@https://registry.npmjs.org/react-resizable-panels/-/react-resizable-panels-4.11.0.tgz. Extracting by manifest.
4597 silly tarball no local data for react-quill@https://registry.npmjs.org/react-quill/-/react-quill-2.0.0.tgz. Extracting by manifest.
4598 silly tarball no local data for react-leaflet@https://registry.npmjs.org/react-leaflet/-/react-leaflet-5.0.0.tgz. Extracting by manifest.
4599 silly tarball no local data for react-markdown@https://registry.npmjs.org/react-markdown/-/react-markdown-10.1.0.tgz. Extracting by manifest.
4600 silly tarball no local data for react-hot-toast@https://registry.npmjs.org/react-hot-toast/-/react-hot-toast-2.6.0.tgz. Extracting by manifest.
4601 silly tarball no local data for react-hook-form@https://registry.npmjs.org/react-hook-form/-/react-hook-form-7.75.0.tgz. Extracting by manifest.
4602 silly tarball no local data for react-dom@https://registry.npmjs.org/react-dom/-/react-dom-19.2.5.tgz. Extracting by manifest.
4603 silly tarball no local data for react-day-picker@https://registry.npmjs.org/react-day-picker/-/react-day-picker-9.14.0.tgz. Extracting by manifest.
4604 silly tarball no local data for react@https://registry.npmjs.org/react/-/react-19.2.5.tgz. Extracting by manifest.
4605 silly tarball no local data for next-themes@https://registry.npmjs.org/next-themes/-/next-themes-0.4.6.tgz. Extracting by manifest.
4606 silly tarball no local data for moment@https://registry.npmjs.org/moment/-/moment-2.30.1.tgz. Extracting by manifest.
4607 silly tarball no local data for lucide-react@https://registry.npmjs.org/lucide-react/-/lucide-react-1.14.0.tgz. Extracting by manifest.
4608 silly tarball no local data for jspdf@https://registry.npmjs.org/jspdf/-/jspdf-4.2.1.tgz. Extracting by manifest.
4609 silly tarball no local data for lodash@https://registry.npmjs.org/lodash/-/lodash-4.18.1.tgz. Extracting by manifest.
4610 silly tarball no local data for input-otp@https://registry.npmjs.org/input-otp/-/input-otp-1.4.2.tgz. Extracting by manifest.
4611 silly tarball no local data for framer-motion@https://registry.npmjs.org/framer-motion/-/framer-motion-12.38.0.tgz. Extracting by manifest.
4612 silly tarball no local data for html2canvas@https://registry.npmjs.org/html2canvas/-/html2canvas-1.4.1.tgz. Extracting by manifest.
4613 silly tarball no local data for embla-carousel-react@https://registry.npmjs.org/embla-carousel-react/-/embla-carousel-react-8.6.0.tgz. Extracting by manifest.
4614 silly tarball no local data for date-fns@https://registry.npmjs.org/date-fns/-/date-fns-4.1.0.tgz. Extracting by manifest.
4615 silly tarball no local data for cmdk@https://registry.npmjs.org/cmdk/-/cmdk-1.1.1.tgz. Extracting by manifest.
4616 silly tarball no local data for clsx@https://registry.npmjs.org/clsx/-/clsx-2.1.1.tgz. Extracting by manifest.
4617 silly tarball no local data for class-variance-authority@https://registry.npmjs.org/class-variance-authority/-/class-variance-authority-0.7.1.tgz. Extracting by manifest.
4618 silly tarball no local data for canvas-confetti@https://registry.npmjs.org/canvas-confetti/-/canvas-confetti-1.9.4.tgz. Extracting by manifest.
4619 silly tarball no local data for @tanstack/react-query@https://registry.npmjs.org/@tanstack/react-query/-/react-query-5.100.8.tgz. Extracting by manifest.
4620 silly tarball no local data for @radix-ui/react-tooltip@https://registry.npmjs.org/@radix-ui/react-tooltip/-/react-tooltip-1.2.8.tgz. Extracting by manifest.
4621 silly tarball no local data for @stripe/react-stripe-js@https://registry.npmjs.org/@stripe/react-stripe-js/-/react-stripe-js-6.3.0.tgz. Extracting by manifest.
4622 silly tarball no local data for @stripe/stripe-js@https://registry.npmjs.org/@stripe/stripe-js/-/stripe-js-9.4.0.tgz. Extracting by manifest.
4623 silly tarball no local data for @radix-ui/react-toggle-group@https://registry.npmjs.org/@radix-ui/react-toggle-group/-/react-toggle-group-1.1.11.tgz. Extracting by manifest.
4624 silly tarball no local data for @radix-ui/react-toggle@https://registry.npmjs.org/@radix-ui/react-toggle/-/react-toggle-1.1.10.tgz. Extracting by manifest.
4625 silly tarball no local data for @radix-ui/react-toast@https://registry.npmjs.org/@radix-ui/react-toast/-/react-toast-1.2.15.tgz. Extracting by manifest.
4626 silly tarball no local data for @radix-ui/react-tabs@https://registry.npmjs.org/@radix-ui/react-tabs/-/react-tabs-1.1.13.tgz. Extracting by manifest.
4627 silly tarball no local data for @radix-ui/react-switch@https://registry.npmjs.org/@radix-ui/react-switch/-/react-switch-1.2.6.tgz. Extracting by manifest.
4628 silly tarball no local data for @radix-ui/react-slot@https://registry.npmjs.org/@radix-ui/react-slot/-/react-slot-1.2.4.tgz. Extracting by manifest.
4629 silly tarball no local data for @radix-ui/react-slider@https://registry.npmjs.org/@radix-ui/react-slider/-/react-slider-1.3.6.tgz. Extracting by manifest.
4630 silly tarball no local data for @radix-ui/react-separator@https://registry.npmjs.org/@radix-ui/react-separator/-/react-separator-1.1.8.tgz. Extracting by manifest.
4631 silly tarball no local data for @radix-ui/react-select@https://registry.npmjs.org/@radix-ui/react-select/-/react-select-2.2.6.tgz. Extracting by manifest.
4632 silly tarball no local data for @radix-ui/react-scroll-area@https://registry.npmjs.org/@radix-ui/react-scroll-area/-/react-scroll-area-1.2.10.tgz. Extracting by manifest.
4633 silly tarball no local data for @radix-ui/react-radio-group@https://registry.npmjs.org/@radix-ui/react-radio-group/-/react-radio-group-1.3.8.tgz. Extracting by manifest.
4634 silly tarball no local data for @radix-ui/react-progress@https://registry.npmjs.org/@radix-ui/react-progress/-/react-progress-1.1.8.tgz. Extracting by manifest.
4635 silly tarball no local data for @radix-ui/react-popover@https://registry.npmjs.org/@radix-ui/react-popover/-/react-popover-1.1.15.tgz. Extracting by manifest.
4636 silly tarball no local data for @radix-ui/react-navigation-menu@https://registry.npmjs.org/@radix-ui/react-navigation-menu/-/react-navigation-menu-1.2.14.tgz. Extracting by manifest.
4637 silly tarball no local data for @radix-ui/react-menubar@https://registry.npmjs.org/@radix-ui/react-menubar/-/react-menubar-1.1.16.tgz. Extracting by manifest.
4638 silly tarball no local data for @radix-ui/react-label@https://registry.npmjs.org/@radix-ui/react-label/-/react-label-2.1.8.tgz. Extracting by manifest.
4639 silly tarball no local data for @radix-ui/react-hover-card@https://registry.npmjs.org/@radix-ui/react-hover-card/-/react-hover-card-1.1.15.tgz. Extracting by manifest.
4640 silly tarball no local data for @radix-ui/react-dropdown-menu@https://registry.npmjs.org/@radix-ui/react-dropdown-menu/-/react-dropdown-menu-2.1.16.tgz. Extracting by manifest.
4641 silly tarball no local data for @radix-ui/react-dialog@https://registry.npmjs.org/@radix-ui/react-dialog/-/react-dialog-1.1.15.tgz. Extracting by manifest.
4642 silly tarball no local data for @radix-ui/react-context-menu@https://registry.npmjs.org/@radix-ui/react-context-menu/-/react-context-menu-2.2.16.tgz. Extracting by manifest.
4643 silly tarball no local data for @radix-ui/react-checkbox@https://registry.npmjs.org/@radix-ui/react-checkbox/-/react-checkbox-1.3.3.tgz. Extracting by manifest.
4644 silly tarball no local data for @radix-ui/react-collapsible@https://registry.npmjs.org/@radix-ui/react-collapsible/-/react-collapsible-1.1.12.tgz. Extracting by manifest.
4645 silly tarball no local data for @radix-ui/react-avatar@https://registry.npmjs.org/@radix-ui/react-avatar/-/react-avatar-1.1.11.tgz. Extracting by manifest.
4646 silly tarball no local data for @radix-ui/react-aspect-ratio@https://registry.npmjs.org/@radix-ui/react-aspect-ratio/-/react-aspect-ratio-1.1.8.tgz. Extracting by manifest.
4647 silly tarball no local data for @radix-ui/react-alert-dialog@https://registry.npmjs.org/@radix-ui/react-alert-dialog/-/react-alert-dialog-1.1.15.tgz. Extracting by manifest.
4648 silly tarball no local data for @radix-ui/react-accordion@https://registry.npmjs.org/@radix-ui/react-accordion/-/react-accordion-1.2.12.tgz. Extracting by manifest.
4649 silly tarball no local data for @hookform/resolvers@https://registry.npmjs.org/@hookform/resolvers/-/resolvers-5.2.2.tgz. Extracting by manifest.
4650 silly tarball no local data for @hello-pangea/dnd@https://registry.npmjs.org/@hello-pangea/dnd/-/dnd-18.0.1.tgz. Extracting by manifest.
4651 silly tarball no local data for @base44/vite-plugin@https://registry.npmjs.org/@base44/vite-plugin/-/vite-plugin-1.0.13.tgz. Extracting by manifest.
4652 silly tarball no local data for @base44/sdk@https://registry.npmjs.org/@base44/sdk/-/sdk-0.8.27.tgz. Extracting by manifest.
4653 silly tarball no local data for @astrojs/tailwind@https://registry.npmjs.org/@astrojs/tailwind/-/tailwind-6.0.2.tgz. Extracting by manifest.
4654 silly tarball no local data for @astrojs/react@https://registry.npmjs.org/@astrojs/react/-/react-5.0.4.tgz. Extracting by manifest.
4655 silly tarball no local data for victory-vendor@https://registry.npmjs.org/victory-vendor/-/victory-vendor-37.3.6.tgz. Extracting by manifest.
4656 silly tarball no local data for recharts@https://registry.npmjs.org/recharts/-/recharts-3.8.1.tgz. Extracting by manifest.
4657 silly tarball no local data for astro@https://registry.npmjs.org/astro/-/astro-6.2.1.tgz. Extracting by manifest.
4658 silly tarball no local data for dom-serializer@https://registry.npmjs.org/dom-serializer/-/dom-serializer-2.0.0.tgz. Extracting by manifest.
4659 silly tarball no local data for mdn-data@https://registry.npmjs.org/mdn-data/-/mdn-data-2.0.28.tgz. Extracting by manifest.
4660 silly tarball no local data for entities@https://registry.npmjs.org/entities/-/entities-4.5.0.tgz. Extracting by manifest.
4661 silly tarball no local data for css-tree@https://registry.npmjs.org/css-tree/-/css-tree-2.2.1.tgz. Extracting by manifest.
4662 silly tarball no local data for immer@https://registry.npmjs.org/immer/-/immer-11.1.4.tgz. Extracting by manifest.
4663 silly tarball no local data for picomatch@https://registry.npmjs.org/picomatch/-/picomatch-2.3.2.tgz. Extracting by manifest.
4664 silly tarball no local data for eventemitter3@https://registry.npmjs.org/eventemitter3/-/eventemitter3-2.0.3.tgz. Extracting by manifest.
4665 silly tarball no local data for @types/unist@https://registry.npmjs.org/@types/unist/-/unist-2.0.11.tgz. Extracting by manifest.
4666 silly tarball no local data for is-docker@https://registry.npmjs.org/is-docker/-/is-docker-3.0.0.tgz. Extracting by manifest.
4667 silly tarball no local data for semver@https://registry.npmjs.org/semver/-/semver-7.7.4.tgz. Extracting by manifest.
4668 silly tarball no local data for lru-cache@https://registry.npmjs.org/lru-cache/-/lru-cache-11.3.5.tgz. Extracting by manifest.
4669 silly tarball no local data for @radix-ui/react-slot@https://registry.npmjs.org/@radix-ui/react-slot/-/react-slot-1.2.3.tgz. Extracting by manifest.
4670 silly tarball no local data for @radix-ui/react-slot@https://registry.npmjs.org/@radix-ui/react-slot/-/react-slot-1.2.3.tgz. Extracting by manifest.
4671 silly tarball no local data for @radix-ui/react-slot@https://registry.npmjs.org/@radix-ui/react-slot/-/react-slot-1.2.3.tgz. Extracting by manifest.
4672 silly tarball no local data for goober@https://registry.npmjs.org/goober/-/goober-2.1.18.tgz. Extracting by manifest.
4673 silly tarball no local data for @radix-ui/react-slot@https://registry.npmjs.org/@radix-ui/react-slot/-/react-slot-1.2.3.tgz. Extracting by manifest.
4674 silly tarball no local data for @radix-ui/react-primitive@https://registry.npmjs.org/@radix-ui/react-primitive/-/react-primitive-2.1.4.tgz. Extracting by manifest.
4675 silly tarball no local data for @radix-ui/react-slot@https://registry.npmjs.org/@radix-ui/react-slot/-/react-slot-1.2.3.tgz. Extracting by manifest.
4676 silly tarball no local data for @radix-ui/react-primitive@https://registry.npmjs.org/@radix-ui/react-primitive/-/react-primitive-2.1.4.tgz. Extracting by manifest.
4677 silly tarball no local data for @radix-ui/react-context@https://registry.npmjs.org/@radix-ui/react-context/-/react-context-1.1.3.tgz. Extracting by manifest.
4678 silly tarball no local data for @radix-ui/react-slot@https://registry.npmjs.org/@radix-ui/react-slot/-/react-slot-1.2.3.tgz. Extracting by manifest.
4679 silly tarball no local data for @radix-ui/react-slot@https://registry.npmjs.org/@radix-ui/react-slot/-/react-slot-1.2.3.tgz. Extracting by manifest.
4680 silly tarball no local data for @radix-ui/react-primitive@https://registry.npmjs.org/@radix-ui/react-primitive/-/react-primitive-2.1.4.tgz. Extracting by manifest.
4681 silly tarball no local data for @radix-ui/react-primitive@https://registry.npmjs.org/@radix-ui/react-primitive/-/react-primitive-2.1.4.tgz. Extracting by manifest.
4682 silly tarball no local data for @radix-ui/react-context@https://registry.npmjs.org/@radix-ui/react-context/-/react-context-1.1.3.tgz. Extracting by manifest.
4683 silly tarball no local data for @radix-ui/react-primitive@https://registry.npmjs.org/@radix-ui/react-primitive/-/react-primitive-2.1.4.tgz. Extracting by manifest.
4684 silly tarball no local data for semver@https://registry.npmjs.org/semver/-/semver-7.7.4.tgz. Extracting by manifest.
4685 silly tarball no local data for @radix-ui/react-slot@https://registry.npmjs.org/@radix-ui/react-slot/-/react-slot-1.2.3.tgz. Extracting by manifest.
4686 http fetch POST 200 https://registry.npmjs.org/-/npm/v1/security/advisories/bulk 1604ms
4687 silly audit report {
4687 silly audit report   uuid: [
4687 silly audit report     {
4687 silly audit report       id: 1116970,
4687 silly audit report       url: 'https://github.com/advisories/GHSA-w5hq-g745-h8pq',
4687 silly audit report       title: 'uuid: Missing buffer bounds check in v3/v5/v6 when buf is provided',
4687 silly audit report       severity: 'moderate',
4687 silly audit report       vulnerable_versions: '<14.0.0',
4687 silly audit report       cwe: [Array],
4687 silly audit report       cvss: [Object]
4687 silly audit report     }
4687 silly audit report   ],
4687 silly audit report   quill: [
4687 silly audit report     {
4687 silly audit report       id: 1098574,
4687 silly audit report       url: 'https://github.com/advisories/GHSA-4943-9vgg-gr5r',
4687 silly audit report       title: 'Cross-site Scripting in quill',
4687 silly audit report       severity: 'moderate',
4687 silly audit report       vulnerable_versions: '<=1.3.7',
4687 silly audit report       cwe: [Array],
4687 silly audit report       cvss: [Object]
4687 silly audit report     }
4687 silly audit report   ]
4687 silly audit report }
4688 silly packumentCache corgi:https://registry.npmjs.org/uuid cache-miss
4689 silly packumentCache corgi:https://registry.npmjs.org/quill cache-miss
4690 http fetch GET 200 https://registry.npmjs.org/d3-path/-/d3-path-3.1.0.tgz 2112ms (cache miss)
4691 http fetch GET 200 https://registry.npmjs.org/internmap/-/internmap-2.0.3.tgz 2108ms (cache miss)
4692 http fetch GET 200 https://registry.npmjs.org/d3-format/-/d3-format-3.1.2.tgz 2113ms (cache miss)
4693 http fetch GET 200 https://registry.npmjs.org/@types/d3-color/-/d3-color-3.1.3.tgz 2108ms (cache miss)
4694 http fetch GET 200 https://registry.npmjs.org/@types/d3-timer/-/d3-timer-3.0.2.tgz 2099ms (cache miss)
4695 http fetch GET 200 https://registry.npmjs.org/@types/d3-time/-/d3-time-3.0.4.tgz 2097ms (cache miss)
4696 http fetch GET 200 https://registry.npmjs.org/@types/d3-interpolate/-/d3-interpolate-3.0.4.tgz 2095ms (cache miss)
4697 http fetch GET 200 https://registry.npmjs.org/escalade/-/escalade-3.2.0.tgz 2170ms (cache miss)
4698 http fetch GET 200 https://registry.npmjs.org/uncrypto/-/uncrypto-0.1.3.tgz 2171ms (cache miss)
4699 http fetch GET 200 https://registry.npmjs.org/base64-arraybuffer/-/base64-arraybuffer-1.0.2.tgz 2177ms (cache miss)
4700 http fetch GET 200 https://registry.npmjs.org/detect-node-es/-/detect-node-es-1.1.0.tgz 2176ms (cache miss)
4701 http fetch GET 200 https://registry.npmjs.org/@types/d3-path/-/d3-path-3.1.1.tgz 2282ms (cache miss)
4702 http fetch GET 200 https://registry.npmjs.org/@types/d3-array/-/d3-array-3.2.2.tgz 2271ms (cache miss)
4703 http fetch GET 200 https://registry.npmjs.org/@types/d3-scale/-/d3-scale-4.0.9.tgz 2275ms (cache miss)
4704 http fetch GET 200 https://registry.npmjs.org/cookie-es/-/cookie-es-1.2.3.tgz 2260ms (cache miss)
4705 http fetch GET 200 https://registry.npmjs.org/normalize-path/-/normalize-path-3.0.0.tgz 2254ms (cache miss)
4706 http fetch GET 200 https://registry.npmjs.org/readdirp/-/readdirp-5.0.0.tgz 2265ms (cache miss)
4707 http fetch GET 200 https://registry.npmjs.org/@types/d3-shape/-/d3-shape-3.1.8.tgz 2378ms (cache miss)
4708 http fetch GET 200 https://registry.npmjs.org/chokidar/-/chokidar-5.0.0.tgz 2351ms (cache miss)
4709 http fetch GET 200 https://registry.npmjs.org/ohash/-/ohash-2.0.11.tgz 2342ms (cache miss)
4710 http fetch GET 200 https://registry.npmjs.org/anymatch/-/anymatch-3.1.3.tgz 2352ms (cache miss)
4711 http fetch GET 200 https://registry.npmjs.org/array-iterate/-/array-iterate-2.0.1.tgz 2351ms (cache miss)
4712 http fetch GET 200 https://registry.npmjs.org/fsevents/-/fsevents-2.3.3.tgz 2464ms (cache miss)
4713 http fetch GET 200 https://registry.npmjs.org/defu/-/defu-6.1.7.tgz 2429ms (cache miss)
4714 http fetch GET 200 https://registry.npmjs.org/fdir/-/fdir-6.5.0.tgz 2404ms (cache miss)
4715 http fetch GET 200 https://registry.npmjs.org/domelementtype/-/domelementtype-2.3.0.tgz 2401ms (cache miss)
4716 http fetch GET 200 https://registry.npmjs.org/boolbase/-/boolbase-1.0.0.tgz 2395ms (cache miss)
4717 http fetch GET 200 https://registry.npmjs.org/bail/-/bail-2.0.2.tgz 2408ms (cache miss)
4718 http fetch GET 200 https://registry.npmjs.org/sax/-/sax-1.6.0.tgz 2459ms (cache miss)
4719 http fetch GET 200 https://registry.npmjs.org/engine.io-parser/-/engine.io-parser-5.2.3.tgz 2446ms (cache miss)
4720 http fetch GET 200 https://registry.npmjs.org/character-entities-html4/-/character-entities-html4-2.1.0.tgz 2444ms (cache miss)
4721 http fetch GET 200 https://registry.npmjs.org/socket.io-parser/-/socket.io-parser-4.2.6.tgz 2441ms (cache miss)
4722 http fetch GET 200 https://registry.npmjs.org/@types/d3-ease/-/d3-ease-3.0.2.tgz 2516ms (cache miss)
4723 http fetch GET 200 https://registry.npmjs.org/is-plain-obj/-/is-plain-obj-4.1.0.tgz 2545ms (cache miss)
4724 http fetch GET 200 https://registry.npmjs.org/functions-have-names/-/functions-have-names-1.2.3.tgz 2490ms (cache miss)
4725 http fetch GET 200 https://registry.npmjs.org/detect-libc/-/detect-libc-2.1.2.tgz 2494ms (cache miss)
4726 http fetch GET 200 https://registry.npmjs.org/inline-style-parser/-/inline-style-parser-0.2.7.tgz 2605ms (cache miss)
4727 http fetch GET 200 https://registry.npmjs.org/xmlhttprequest-ssl/-/xmlhttprequest-ssl-2.1.2.tgz 2603ms (cache miss)
4728 http fetch GET 200 https://registry.npmjs.org/css-what/-/css-what-6.2.2.tgz 2611ms (cache miss)
4729 http fetch GET 200 https://registry.npmjs.org/regex-utilities/-/regex-utilities-2.3.0.tgz 2600ms (cache miss)
4730 http fetch GET 200 https://registry.npmjs.org/retext-latin/-/retext-latin-4.0.0.tgz 2569ms (cache miss)
4731 http fetch GET 200 https://registry.npmjs.org/unist-util-modify-children/-/unist-util-modify-children-4.0.0.tgz 2573ms (cache miss)
4732 http fetch GET 200 https://registry.npmjs.org/@types/nlcst/-/nlcst-2.0.3.tgz 2571ms (cache miss)
4733 http fetch GET 200 https://registry.npmjs.org/retext/-/retext-9.0.0.tgz 2573ms (cache miss)
4734 http fetch GET 200 https://registry.npmjs.org/retext-stringify/-/retext-stringify-4.0.0.tgz 2579ms (cache miss)
4735 http fetch GET 200 https://registry.npmjs.org/radix3/-/radix3-1.1.2.tgz 2747ms (cache miss)
4736 http fetch GET 200 https://registry.npmjs.org/trough/-/trough-2.2.0.tgz 2724ms (cache miss)
4737 http fetch GET 200 https://registry.npmjs.org/@img/colour/-/colour-1.1.0.tgz 2664ms (cache miss)
4738 http fetch GET 200 https://registry.npmjs.org/unist-util-visit-children/-/unist-util-visit-children-3.0.0.tgz 2650ms (cache miss)
4739 http fetch GET 200 https://registry.npmjs.org/micromark-extension-gfm-strikethrough/-/micromark-extension-gfm-strikethrough-2.1.0.tgz 2657ms (cache miss)
4740 http fetch GET 200 https://registry.npmjs.org/micromark-extension-gfm-autolink-literal/-/micromark-extension-gfm-autolink-literal-2.1.0.tgz 2656ms (cache miss)
4741 http fetch GET 200 https://registry.npmjs.org/markdown-table/-/markdown-table-3.0.4.tgz 2654ms (cache miss)
4742 http fetch GET 200 https://registry.npmjs.org/nlcst-to-string/-/nlcst-to-string-4.0.0.tgz 2779ms (cache miss)
4743 http fetch GET 200 https://registry.npmjs.org/mdast-util-find-and-replace/-/mdast-util-find-and-replace-3.0.2.tgz 2760ms (cache miss)
4744 http fetch GET 200 https://registry.npmjs.org/mdast-util-gfm-task-list-item/-/mdast-util-gfm-task-list-item-2.0.0.tgz 2758ms (cache miss)
4745 http fetch GET 200 https://registry.npmjs.org/escape-string-regexp/-/escape-string-regexp-5.0.0.tgz 2758ms (cache miss)
4746 http fetch GET 200 https://registry.npmjs.org/micromark-extension-gfm/-/micromark-extension-gfm-3.0.0.tgz 2753ms (cache miss)
4747 http fetch GET 200 https://registry.npmjs.org/mdast-util-gfm/-/mdast-util-gfm-3.1.0.tgz 2752ms (cache miss)
4748 http fetch GET 200 https://registry.npmjs.org/destr/-/destr-2.0.5.tgz 2914ms (cache miss)
4749 http fetch GET 200 https://registry.npmjs.org/regex-recursion/-/regex-recursion-6.0.2.tgz 2867ms (cache miss)
4750 http fetch GET 200 https://registry.npmjs.org/micromark-extension-gfm-task-list-item/-/micromark-extension-gfm-task-list-item-2.1.0.tgz 2840ms (cache miss)
4751 http fetch GET 200 https://registry.npmjs.org/micromark-extension-gfm-tagfilter/-/micromark-extension-gfm-tagfilter-2.0.0.tgz 2839ms (cache miss)
4752 http fetch GET 200 https://registry.npmjs.org/mdast-util-gfm-autolink-literal/-/mdast-util-gfm-autolink-literal-2.0.1.tgz 2826ms (cache miss)
4753 http fetch GET 200 https://registry.npmjs.org/mdast-util-gfm-footnote/-/mdast-util-gfm-footnote-2.1.0.tgz 2825ms (cache miss)
4754 http fetch GET 200 https://registry.npmjs.org/mdast-util-gfm-table/-/mdast-util-gfm-table-2.0.0.tgz 2824ms (cache miss)
4755 http fetch GET 200 https://registry.npmjs.org/hast-util-raw/-/hast-util-raw-9.1.0.tgz 2820ms (cache miss)
4756 http fetch GET 200 https://registry.npmjs.org/rehype-parse/-/rehype-parse-9.0.1.tgz 2819ms (cache miss)
4757 http fetch GET 200 https://registry.npmjs.org/set-function-name/-/set-function-name-2.0.2.tgz 2820ms (cache miss)
4758 http fetch GET 200 https://registry.npmjs.org/@standard-schema/spec/-/spec-1.1.0.tgz 2819ms (cache miss)
4759 http fetch GET 200 https://registry.npmjs.org/iron-webcrypto/-/iron-webcrypto-1.2.1.tgz 3000ms (cache miss)
4760 http fetch GET 200 https://registry.npmjs.org/remark-stringify/-/remark-stringify-11.0.0.tgz 2898ms (cache miss)
4761 http fetch GET 200 https://registry.npmjs.org/@shikijs/engine-javascript/-/engine-javascript-4.0.2.tgz 2940ms (cache miss)
4762 http fetch GET 200 https://registry.npmjs.org/react-style-singleton/-/react-style-singleton-2.2.3.tgz 2882ms (cache miss)
4763 http fetch GET 200 https://registry.npmjs.org/react-remove-scroll-bar/-/react-remove-scroll-bar-2.3.8.tgz 2882ms (cache miss)
4764 http fetch GET 200 https://registry.npmjs.org/d3-timer/-/d3-timer-3.0.1.tgz 3111ms (cache miss)
4765 http fetch GET 200 https://registry.npmjs.org/mdast-util-gfm-strikethrough/-/mdast-util-gfm-strikethrough-2.0.0.tgz 2977ms (cache miss)
4766 http fetch GET 200 https://registry.npmjs.org/hast-util-to-parse5/-/hast-util-to-parse5-8.0.1.tgz 2968ms (cache miss)
4767 http fetch GET 200 https://registry.npmjs.org/set-function-length/-/set-function-length-1.2.2.tgz 2943ms (cache miss)
4768 http fetch GET 200 https://registry.npmjs.org/define-properties/-/define-properties-1.2.1.tgz 2929ms (cache miss)
4769 http fetch GET 200 https://registry.npmjs.org/regexp.prototype.flags/-/regexp.prototype.flags-1.5.4.tgz 2926ms (cache miss)
4770 http fetch GET 200 https://registry.npmjs.org/get-nonce/-/get-nonce-1.0.1.tgz 2929ms (cache miss)
4771 http fetch GET 200 https://registry.npmjs.org/object-keys/-/object-keys-1.1.1.tgz 2926ms (cache miss)
4772 http fetch GET 200 https://registry.npmjs.org/fast-diff/-/fast-diff-1.1.2.tgz 2949ms (cache miss)
4773 http fetch GET 200 https://registry.npmjs.org/has-property-descriptors/-/has-property-descriptors-1.0.2.tgz 2950ms (cache miss)
4774 http fetch GET 200 https://registry.npmjs.org/html-void-elements/-/html-void-elements-3.0.0.tgz 3025ms (cache miss)
4775 http fetch GET 200 https://registry.npmjs.org/call-bound/-/call-bound-1.0.4.tgz 3009ms (cache miss)
4776 http fetch GET 200 https://registry.npmjs.org/is-date-object/-/is-date-object-1.1.0.tgz 2985ms (cache miss)
4777 http fetch GET 200 https://registry.npmjs.org/clone/-/clone-2.1.2.tgz 2992ms (cache miss)
4778 http fetch GET 200 https://registry.npmjs.org/is-alphabetical/-/is-alphabetical-2.0.1.tgz 2985ms (cache miss)
4779 http fetch GET 200 https://registry.npmjs.org/is-hexadecimal/-/is-hexadecimal-2.0.1.tgz 2986ms (cache miss)
4780 http fetch GET 200 https://registry.npmjs.org/set-cookie-parser/-/set-cookie-parser-2.7.2.tgz 3110ms (cache miss)
4781 http fetch GET 200 https://registry.npmjs.org/is-decimal/-/is-decimal-2.0.1.tgz 3063ms (cache miss)
4782 http fetch GET 200 https://registry.npmjs.org/micromark-util-html-tag-name/-/micromark-util-html-tag-name-2.0.1.tgz 3061ms (cache miss)
4783 http fetch GET 200 https://registry.npmjs.org/character-entities-legacy/-/character-entities-legacy-3.0.0.tgz 3063ms (cache miss)
4784 http fetch GET 200 https://registry.npmjs.org/is-alphanumerical/-/is-alphanumerical-2.0.1.tgz 3064ms (cache miss)
4785 http fetch GET 200 https://registry.npmjs.org/micromark-factory-whitespace/-/micromark-factory-whitespace-2.0.1.tgz 3062ms (cache miss)
4786 http fetch GET 200 https://registry.npmjs.org/micromark-factory-title/-/micromark-factory-title-2.0.1.tgz 3060ms (cache miss)
4787 http fetch GET 200 https://registry.npmjs.org/@types/ms/-/ms-2.1.0.tgz 3061ms (cache miss)
4788 http fetch GET 200 https://registry.npmjs.org/character-reference-invalid/-/character-reference-invalid-2.0.1.tgz 3056ms (cache miss)
4789 http fetch GET 200 https://registry.npmjs.org/micromark-factory-destination/-/micromark-factory-destination-2.0.1.tgz 3060ms (cache miss)
4790 http fetch GET 200 https://registry.npmjs.org/micromark-util-resolve-all/-/micromark-util-resolve-all-2.0.1.tgz 3058ms (cache miss)
4791 http fetch GET 200 https://registry.npmjs.org/@types/use-sync-external-store/-/use-sync-external-store-0.0.6.tgz 3107ms (cache miss)
4792 http fetch GET 200 https://registry.npmjs.org/d3-color/-/d3-color-3.1.0.tgz 3346ms (cache miss)
4793 http fetch GET 200 https://registry.npmjs.org/define-data-property/-/define-data-property-1.1.4.tgz 3168ms (cache miss)
4794 http fetch GET 200 https://registry.npmjs.org/is-arguments/-/is-arguments-1.2.0.tgz 3166ms (cache miss)
4795 http fetch GET 200 https://registry.npmjs.org/extend/-/extend-3.0.2.tgz 3162ms (cache miss)
4796 http fetch GET 200 https://registry.npmjs.org/@types/debug/-/debug-4.1.13.tgz 3137ms (cache miss)
4797 http fetch GET 200 https://registry.npmjs.org/micromark-util-character/-/micromark-util-character-2.1.1.tgz 3141ms (cache miss)
4798 http fetch GET 200 https://registry.npmjs.org/unist-util-is/-/unist-util-is-6.0.1.tgz 3136ms (cache miss)
4799 http fetch GET 200 https://registry.npmjs.org/micromark-util-sanitize-uri/-/micromark-util-sanitize-uri-2.0.1.tgz 3132ms (cache miss)
4800 http fetch GET 200 https://registry.npmjs.org/longest-streak/-/longest-streak-3.1.0.tgz 3134ms (cache miss)
4801 http fetch GET 200 https://registry.npmjs.org/micromark-util-classify-character/-/micromark-util-classify-character-2.0.1.tgz 3136ms (cache miss)
4802 http fetch GET 200 https://registry.npmjs.org/call-bind/-/call-bind-1.0.9.tgz 3287ms (cache miss)
4803 http fetch GET 200 https://registry.npmjs.org/is-regex/-/is-regex-1.2.1.tgz 3269ms (cache miss)
4804 http fetch GET 200 https://registry.npmjs.org/micromark-factory-label/-/micromark-factory-label-2.0.1.tgz 3255ms (cache miss)
4805 http fetch GET 200 https://registry.npmjs.org/micromark-util-combine-extensions/-/micromark-util-combine-extensions-2.0.1.tgz 3247ms (cache miss)
4806 http fetch GET 200 https://registry.npmjs.org/@types/quill/-/quill-1.3.10.tgz 3264ms (cache miss)
4807 http fetch GET 200 https://registry.npmjs.org/trim-lines/-/trim-lines-3.0.1.tgz 3238ms (cache miss)
4808 http fetch GET 200 https://registry.npmjs.org/micromark-util-symbol/-/micromark-util-symbol-2.0.1.tgz 3229ms (cache miss)
4809 http fetch GET 200 https://registry.npmjs.org/unist-util-stringify-position/-/unist-util-stringify-position-4.0.0.tgz 3233ms (cache miss)
4810 http fetch GET 200 https://registry.npmjs.org/stringify-entities/-/stringify-entities-4.0.4.tgz 3238ms (cache miss)
4811 http fetch GET 200 https://registry.npmjs.org/micromark-util-types/-/micromark-util-types-2.0.2.tgz 3232ms (cache miss)
4812 http fetch GET 200 https://registry.npmjs.org/mdast-util-phrasing/-/mdast-util-phrasing-4.1.0.tgz 3229ms (cache miss)
4813 http fetch GET 200 https://registry.npmjs.org/ccount/-/ccount-2.0.1.tgz 3232ms (cache miss)
4814 http fetch GET 200 https://registry.npmjs.org/micromark-util-decode-string/-/micromark-util-decode-string-2.0.1.tgz 3228ms (cache miss)
4815 http fetch GET 200 https://registry.npmjs.org/micromark-util-normalize-identifier/-/micromark-util-normalize-identifier-2.0.1.tgz 3231ms (cache miss)
4816 http fetch GET 200 https://registry.npmjs.org/micromark-util-decode-numeric-character-reference/-/micromark-util-decode-numeric-character-reference-2.0.2.tgz 3229ms (cache miss)
4817 http fetch GET 200 https://registry.npmjs.org/micromark-util-chunked/-/micromark-util-chunked-2.0.1.tgz 3309ms (cache miss)
4818 http fetch GET 200 https://registry.npmjs.org/micromark-factory-space/-/micromark-factory-space-2.0.1.tgz 3306ms (cache miss)
4819 http fetch GET 200 https://registry.npmjs.org/micromark-util-encode/-/micromark-util-encode-2.0.1.tgz 3310ms (cache miss)
4820 http fetch GET 200 https://registry.npmjs.org/zwitch/-/zwitch-2.0.4.tgz 3302ms (cache miss)
4821 http fetch GET 200 https://registry.npmjs.org/character-entities/-/character-entities-2.0.2.tgz 3295ms (cache miss)
4822 http fetch GET 200 https://registry.npmjs.org/decode-named-character-reference/-/decode-named-character-reference-1.3.0.tgz 3281ms (cache miss)
4823 http fetch GET 200 https://registry.npmjs.org/@types/estree-jsx/-/estree-jsx-1.0.5.tgz 3278ms (cache miss)
4824 http fetch GET 200 https://registry.npmjs.org/unist-util-position/-/unist-util-position-5.0.0.tgz 3276ms (cache miss)
4825 http fetch GET 200 https://registry.npmjs.org/mdast-util-mdx-expression/-/mdast-util-mdx-expression-2.0.1.tgz 3274ms (cache miss)
4826 http fetch GET 200 https://registry.npmjs.org/estree-util-is-identifier-name/-/estree-util-is-identifier-name-3.0.0.tgz 3273ms (cache miss)
4827 http fetch GET 200 https://registry.npmjs.org/mdast-util-mdxjs-esm/-/mdast-util-mdxjs-esm-2.0.1.tgz 3276ms (cache miss)
4828 http fetch GET 200 https://registry.npmjs.org/ufo/-/ufo-1.6.4.tgz 3535ms (cache miss)
4829 http fetch GET 200 https://registry.npmjs.org/@shikijs/primitive/-/primitive-4.0.2.tgz 3483ms (cache miss)
4830 http fetch GET 200 https://registry.npmjs.org/mdast-util-to-string/-/mdast-util-to-string-4.0.0.tgz 3334ms (cache miss)
4831 http fetch GET 200 https://registry.npmjs.org/html-url-attributes/-/html-url-attributes-3.0.1.tgz 3322ms (cache miss)
4832 http fetch GET 200 https://registry.npmjs.org/scheduler/-/scheduler-0.27.0.tgz 3320ms (cache miss)
4833 http fetch GET 200 https://registry.npmjs.org/performance-now/-/performance-now-2.1.0.tgz 3310ms (cache miss)
4834 http fetch GET 200 https://registry.npmjs.org/react-is/-/react-is-16.13.1.tgz 3310ms (cache miss)
4835 http fetch GET 200 https://registry.npmjs.org/hast-util-whitespace/-/hast-util-whitespace-3.0.0.tgz 3323ms (cache miss)
4836 http fetch GET 200 https://registry.npmjs.org/loose-envify/-/loose-envify-1.4.0.tgz 3308ms (cache miss)
4837 http fetch GET 200 https://registry.npmjs.org/object-assign/-/object-assign-4.1.1.tgz 3310ms (cache miss)
4838 http fetch GET 200 https://registry.npmjs.org/@shikijs/core/-/core-4.0.2.tgz 3539ms (cache miss)
4839 http fetch GET 200 https://registry.npmjs.org/parse-entities/-/parse-entities-4.0.2.tgz 3413ms (cache miss)
4840 http fetch GET 200 https://registry.npmjs.org/@shikijs/vscode-textmate/-/vscode-textmate-10.0.2.tgz 3556ms (cache miss)
4841 http fetch GET 200 https://registry.npmjs.org/mdast-util-mdx-jsx/-/mdast-util-mdx-jsx-3.2.0.tgz 3390ms (cache miss)
4842 http fetch GET 200 https://registry.npmjs.org/lilconfig/-/lilconfig-3.1.3.tgz 3366ms (cache miss)
4843 http fetch GET 200 https://registry.npmjs.org/yocto-queue/-/yocto-queue-1.2.2.tgz 3361ms (cache miss)
4844 http fetch GET 200 https://registry.npmjs.org/eventemitter3/-/eventemitter3-5.0.4.tgz 3361ms (cache miss)
4845 http fetch GET 200 https://registry.npmjs.org/p-timeout/-/p-timeout-7.0.1.tgz 3364ms (cache miss)
4846 http fetch GET 200 https://registry.npmjs.org/@shikijs/types/-/types-4.0.2.tgz 3593ms (cache miss)
4847 http fetch GET 200 https://registry.npmjs.org/redux-thunk/-/redux-thunk-3.1.0.tgz 3543ms (cache miss)
4848 http fetch GET 200 https://registry.npmjs.org/@tabby_ai/hijri-converter/-/hijri-converter-1.0.5.tgz 3419ms (cache miss)
4849 http fetch GET 200 https://registry.npmjs.org/@types/pako/-/pako-2.0.4.tgz 3396ms (cache miss)
4850 http fetch GET 200 https://registry.npmjs.org/rgbcolor/-/rgbcolor-1.0.1.tgz 3392ms (cache miss)
4851 http fetch GET 200 https://registry.npmjs.org/@types/trusted-types/-/trusted-types-2.0.7.tgz 3395ms (cache miss)
4852 http fetch GET 200 https://registry.npmjs.org/nanoid/-/nanoid-3.3.12.tgz 3461ms (cache miss)
4853 http fetch GET 200 https://registry.npmjs.org/yallist/-/yallist-3.1.1.tgz 3453ms (cache miss)
4854 http fetch GET 200 https://registry.npmjs.org/raf/-/raf-3.4.1.tgz 3442ms (cache miss)
4855 http fetch GET 200 https://registry.npmjs.org/regenerator-runtime/-/regenerator-runtime-0.13.11.tgz 3445ms (cache miss)
4856 http fetch GET 200 https://registry.npmjs.org/space-separated-tokens/-/space-separated-tokens-2.0.2.tgz 3429ms (cache miss)
4857 http fetch GET 200 https://registry.npmjs.org/is-inside-container/-/is-inside-container-1.0.0.tgz 3437ms (cache miss)
4858 http fetch GET 200 https://registry.npmjs.org/@types/raf/-/raf-3.4.3.tgz 3445ms (cache miss)
4859 http fetch GET 200 https://registry.npmjs.org/@types/mdast/-/mdast-4.0.4.tgz 3501ms (cache miss)
4860 http fetch GET 200 https://registry.npmjs.org/comma-separated-tokens/-/comma-separated-tokens-2.0.3.tgz 3469ms (cache miss)
4861 http fetch GET 200 https://registry.npmjs.org/unist-util-find-after/-/unist-util-find-after-5.0.0.tgz 3471ms (cache miss)
4862 http fetch GET 200 https://registry.npmjs.org/hast-util-is-element/-/hast-util-is-element-3.0.0.tgz 3469ms (cache miss)
4863 http fetch GET 200 https://registry.npmjs.org/@react-leaflet/core/-/core-3.0.0.tgz 3525ms (cache miss)
4864 http fetch GET 200 https://registry.npmjs.org/vfile-location/-/vfile-location-5.0.3.tgz 3466ms (cache miss)
4865 http fetch GET 200 https://registry.npmjs.org/@types/unist/-/unist-3.0.3.tgz 3466ms (cache miss)
4866 http fetch GET 200 https://registry.npmjs.org/vfile-message/-/vfile-message-4.0.3.tgz 3466ms (cache miss)
4867 http fetch GET 200 https://registry.npmjs.org/hastscript/-/hastscript-9.0.1.tgz 3468ms (cache miss)
4868 http fetch GET 200 https://registry.npmjs.org/web-namespaces/-/web-namespaces-2.0.1.tgz 3537ms (cache miss)
4869 http fetch GET 200 https://registry.npmjs.org/devlop/-/devlop-1.1.0.tgz 3524ms (cache miss)
4870 http fetch GET 200 https://registry.npmjs.org/math-intrinsics/-/math-intrinsics-1.1.0.tgz 3522ms (cache miss)
4871 http fetch GET 200 https://registry.npmjs.org/get-proto/-/get-proto-1.0.1.tgz 3515ms (cache miss)
4872 http fetch GET 200 https://registry.npmjs.org/gopd/-/gopd-1.2.0.tgz 3519ms (cache miss)
4873 http fetch GET 200 https://registry.npmjs.org/es-object-atoms/-/es-object-atoms-1.1.1.tgz 3518ms (cache miss)
4874 http fetch GET 200 https://registry.npmjs.org/es-define-property/-/es-define-property-1.0.1.tgz 3515ms (cache miss)
4875 http fetch GET 200 https://registry.npmjs.org/has-tostringtag/-/has-tostringtag-1.0.2.tgz 3515ms (cache miss)
4876 http fetch GET 200 https://registry.npmjs.org/function-bind/-/function-bind-1.1.2.tgz 3517ms (cache miss)
4877 http fetch GET 200 https://registry.npmjs.org/hast-util-from-parse5/-/hast-util-from-parse5-8.0.3.tgz 3533ms (cache miss)
4878 http fetch GET 200 https://registry.npmjs.org/@socket.io/component-emitter/-/component-emitter-3.1.2.tgz 3823ms (cache miss)
4879 http fetch GET 200 https://registry.npmjs.org/hast-util-parse-selector/-/hast-util-parse-selector-4.0.0.tgz 3592ms (cache miss)
4880 http fetch GET 200 https://registry.npmjs.org/dunder-proto/-/dunder-proto-1.0.1.tgz 3566ms (cache miss)
4881 http fetch GET 200 https://registry.npmjs.org/es-errors/-/es-errors-1.3.0.tgz 3553ms (cache miss)
4882 http fetch GET 200 https://registry.npmjs.org/delayed-stream/-/delayed-stream-1.0.0.tgz 3552ms (cache miss)
4883 http fetch GET 200 https://registry.npmjs.org/hasown/-/hasown-2.0.3.tgz 3552ms (cache miss)
4884 http fetch GET 200 https://registry.npmjs.org/es-set-tostringtag/-/es-set-tostringtag-2.1.0.tgz 3551ms (cache miss)
4885 http fetch GET 200 https://registry.npmjs.org/combined-stream/-/combined-stream-1.0.8.tgz 3549ms (cache miss)
4886 http fetch GET 200 https://registry.npmjs.org/ms/-/ms-2.1.3.tgz 3545ms (cache miss)
4887 http fetch GET 200 https://registry.npmjs.org/tiny-invariant/-/tiny-invariant-1.3.3.tgz 3543ms (cache miss)
4888 http fetch GET 200 https://registry.npmjs.org/embla-carousel-reactive-utils/-/embla-carousel-reactive-utils-8.6.0.tgz 3545ms (cache miss)
4889 http fetch GET 200 https://registry.npmjs.org/object-is/-/object-is-1.1.6.tgz 3767ms (cache miss)
4890 http fetch GET 200 https://registry.npmjs.org/mime-db/-/mime-db-1.52.0.tgz 3670ms (cache miss)
4891 http fetch GET 200 https://registry.npmjs.org/has-symbols/-/has-symbols-1.1.0.tgz 3616ms (cache miss)
4892 http fetch GET 200 https://registry.npmjs.org/mime-types/-/mime-types-2.1.35.tgz 3600ms (cache miss)
4893 http fetch GET 200 https://registry.npmjs.org/tiny-inflate/-/tiny-inflate-1.0.3.tgz 3593ms (cache miss)
4894 http fetch GET 200 https://registry.npmjs.org/fast-string-truncated-width/-/fast-string-truncated-width-3.0.3.tgz 3593ms (cache miss)
4895 http fetch GET 200 https://registry.npmjs.org/update-browserslist-db/-/update-browserslist-db-1.2.3.tgz 3586ms (cache miss)
4896 http fetch GET 200 https://registry.npmjs.org/node-releases/-/node-releases-2.0.38.tgz 3585ms (cache miss)
4897 http fetch GET 200 https://registry.npmjs.org/@types/hast/-/hast-3.0.4.tgz 3629ms (cache miss)
4898 http fetch GET 200 https://registry.npmjs.org/proxy-from-env/-/proxy-from-env-2.1.0.tgz 3584ms (cache miss)
4899 http fetch GET 200 https://registry.npmjs.org/follow-redirects/-/follow-redirects-1.16.0.tgz 3579ms (cache miss)
4900 http fetch GET 200 https://registry.npmjs.org/postcss-value-parser/-/postcss-value-parser-4.2.0.tgz 3578ms (cache miss)
4901 http fetch GET 200 https://registry.npmjs.org/decimal.js-light/-/decimal.js-light-2.5.1.tgz 3877ms (cache miss)
4902 http fetch GET 200 https://registry.npmjs.org/get-intrinsic/-/get-intrinsic-1.3.0.tgz 3671ms (cache miss)
4903 http fetch GET 200 https://registry.npmjs.org/@types/estree/-/estree-1.0.8.tgz 3640ms (cache miss)
4904 http fetch GET 200 https://registry.npmjs.org/fast-wrap-ansi/-/fast-wrap-ansi-0.2.0.tgz 3642ms (cache miss)
4905 http fetch GET 200 https://registry.npmjs.org/dlv/-/dlv-1.1.3.tgz 3637ms (cache miss)
4906 http fetch GET 200 https://registry.npmjs.org/is-wsl/-/is-wsl-3.1.1.tgz 3638ms (cache miss)
4907 http fetch GET 200 https://registry.npmjs.org/which-pm-runs/-/which-pm-runs-1.1.0.tgz 3640ms (cache miss)
4908 http fetch GET 200 https://registry.npmjs.org/unist-util-visit-parents/-/unist-util-visit-parents-6.0.2.tgz 3635ms (cache miss)
4909 http fetch GET 200 https://registry.npmjs.org/retext-smartypants/-/retext-smartypants-6.2.0.tgz 3635ms (cache miss)
4910 http fetch GET 200 https://registry.npmjs.org/unist-util-remove-position/-/unist-util-remove-position-5.0.0.tgz 3636ms (cache miss)
4911 http fetch GET 200 https://registry.npmjs.org/deep-equal/-/deep-equal-1.1.2.tgz 3890ms (cache miss)
4912 http fetch GET 200 https://registry.npmjs.org/sisteransi/-/sisteransi-1.0.5.tgz 3700ms (cache miss)
4913 http fetch GET 200 https://registry.npmjs.org/fast-string-width/-/fast-string-width-3.0.2.tgz 3700ms (cache miss)
4914 http fetch GET 200 https://registry.npmjs.org/rehype-stringify/-/rehype-stringify-10.0.1.tgz 3684ms (cache miss)
4915 http fetch GET 200 https://registry.npmjs.org/remark-rehype/-/remark-rehype-11.1.2.tgz 3687ms (cache miss)
4916 http fetch GET 200 https://registry.npmjs.org/remark-parse/-/remark-parse-11.0.0.tgz 3685ms (cache miss)
4917 http fetch GET 200 https://registry.npmjs.org/rehype-raw/-/rehype-raw-7.0.0.tgz 3682ms (cache miss)
4918 http fetch GET 200 https://registry.npmjs.org/mdast-util-definitions/-/mdast-util-definitions-6.0.0.tgz 3684ms (cache miss)
4919 http fetch GET 200 https://registry.npmjs.org/hast-util-to-text/-/hast-util-to-text-4.0.2.tgz 3682ms (cache miss)
4920 http fetch GET 200 https://registry.npmjs.org/hast-util-from-html/-/hast-util-from-html-2.0.3.tgz 3682ms (cache miss)
4921 http fetch GET 200 https://registry.npmjs.org/vitefu/-/vitefu-1.1.3.tgz 3677ms (cache miss)
4922 http fetch GET 200 https://registry.npmjs.org/@img/sharp-darwin-x64/-/sharp-darwin-x64-0.34.5.tgz 4040ms (cache miss)
4923 http fetch GET 200 https://registry.npmjs.org/is-docker/-/is-docker-4.0.0.tgz 3751ms (cache miss)
4924 http fetch GET 200 https://registry.npmjs.org/tinyglobby/-/tinyglobby-0.2.16.tgz 3729ms (cache miss)
4925 http fetch GET 200 https://registry.npmjs.org/tinyclip/-/tinyclip-0.1.12.tgz 3729ms (cache miss)
4926 http fetch GET 200 https://registry.npmjs.org/tinyexec/-/tinyexec-1.1.2.tgz 3732ms (cache miss)
4927 http fetch GET 200 https://registry.npmjs.org/package-manager-detector/-/package-manager-detector-1.6.0.tgz 3724ms (cache miss)
4928 http fetch GET 200 https://registry.npmjs.org/hast-util-to-jsx-runtime/-/hast-util-to-jsx-runtime-2.3.6.tgz 3969ms (cache miss)
4929 http fetch GET 200 https://registry.npmjs.org/argparse/-/argparse-2.0.1.tgz 3917ms (cache miss)
4930 http fetch GET 200 https://registry.npmjs.org/piccolore/-/piccolore-0.1.3.tgz 3803ms (cache miss)
4931 http fetch GET 200 https://registry.npmjs.org/rehype/-/rehype-13.0.2.tgz 3803ms (cache miss)
4932 http fetch GET 200 https://registry.npmjs.org/p-limit/-/p-limit-7.3.0.tgz 3802ms (cache miss)
4933 http fetch GET 200 https://registry.npmjs.org/obug/-/obug-2.1.1.tgz 3802ms (cache miss)
4934 http fetch GET 200 https://registry.npmjs.org/http-cache-semantics/-/http-cache-semantics-4.2.0.tgz 3795ms (cache miss)
4935 http fetch GET 200 https://registry.npmjs.org/mrmime/-/mrmime-2.0.1.tgz 3798ms (cache miss)
4936 http fetch GET 200 https://registry.npmjs.org/remark-smartypants/-/remark-smartypants-3.0.2.tgz 3877ms (cache miss)
4937 http fetch GET 200 https://registry.npmjs.org/remark-gfm/-/remark-gfm-4.0.1.tgz 3874ms (cache miss)
4938 http fetch GET 200 https://registry.npmjs.org/github-slugger/-/github-slugger-2.0.0.tgz 3840ms (cache miss)
4939 http fetch GET 200 https://registry.npmjs.org/dset/-/dset-3.1.4.tgz 3838ms (cache miss)
4940 http fetch GET 200 https://registry.npmjs.org/html-escaper/-/html-escaper-3.0.3.tgz 3842ms (cache miss)
4941 http fetch GET 200 https://registry.npmjs.org/fontace/-/fontace-0.4.1.tgz 3838ms (cache miss)
4942 http fetch GET 200 https://registry.npmjs.org/ci-info/-/ci-info-4.4.0.tgz 3835ms (cache miss)
4943 http fetch GET 200 https://registry.npmjs.org/common-ancestor-path/-/common-ancestor-path-2.0.0.tgz 3836ms (cache miss)
4944 http fetch GET 200 https://registry.npmjs.org/unifont/-/unifont-0.7.4.tgz 3945ms (cache miss)
4945 http fetch GET 200 https://registry.npmjs.org/unist-util-visit/-/unist-util-visit-5.1.0.tgz 3944ms (cache miss)
4946 http fetch GET 200 https://registry.npmjs.org/flattie/-/flattie-1.1.1.tgz 3922ms (cache miss)
4947 http fetch GET 200 https://registry.npmjs.org/@rollup/pluginutils/-/pluginutils-5.3.0.tgz 3915ms (cache miss)
4948 http fetch GET 200 https://registry.npmjs.org/@astrojs/prism/-/prism-4.0.1.tgz 3959ms (cache miss)
4949 http fetch GET 200 https://registry.npmjs.org/@types/babel__template/-/babel__template-7.4.4.tgz 3909ms (cache miss)
4950 http fetch GET 200 https://registry.npmjs.org/form-data/-/form-data-4.0.5.tgz 4077ms (cache miss)
4951 http fetch GET 200 https://registry.npmjs.org/@babel/helper-validator-option/-/helper-validator-option-7.27.1.tgz 4002ms (cache miss)
4952 http fetch GET 200 https://registry.npmjs.org/@types/babel__traverse/-/babel__traverse-7.28.0.tgz 4005ms (cache miss)
4953 http fetch GET 200 https://registry.npmjs.org/lru-cache/-/lru-cache-5.1.1.tgz 4005ms (cache miss)
4954 http fetch GET 200 https://registry.npmjs.org/@babel/helper-plugin-utils/-/helper-plugin-utils-7.28.6.tgz 4007ms (cache miss)
4955 http fetch GET 200 https://registry.npmjs.org/@babel/compat-data/-/compat-data-7.29.3.tgz 4007ms (cache miss)
4956 http fetch GET 200 https://registry.npmjs.org/d3-ease/-/d3-ease-3.0.1.tgz 4519ms (cache miss)
4957 http fetch GET 200 https://registry.npmjs.org/d3-time/-/d3-time-3.1.0.tgz 4528ms (cache miss)
4958 http fetch GET 200 https://registry.npmjs.org/commander/-/commander-11.1.0.tgz 4455ms (cache miss)
4959 http fetch GET 200 https://registry.npmjs.org/dequal/-/dequal-2.0.3.tgz 4196ms (cache miss)
4960 http fetch GET 200 https://registry.npmjs.org/browserslist/-/browserslist-4.28.2.tgz 4065ms (cache miss)
4961 http fetch GET 200 https://registry.npmjs.org/semver/-/semver-6.3.1.tgz 4062ms (cache miss)
4962 http fetch GET 200 https://registry.npmjs.org/@oslojs/encoding/-/encoding-1.1.0.tgz 4078ms (cache miss)
4963 http fetch GET 200 https://registry.npmjs.org/convert-source-map/-/convert-source-map-2.0.0.tgz 4058ms (cache miss)
4964 http fetch GET 200 https://registry.npmjs.org/gensync/-/gensync-1.0.0-beta.2.tgz 4062ms (cache miss)
4965 http fetch GET 200 https://registry.npmjs.org/react-refresh/-/react-refresh-0.18.0.tgz 4055ms (cache miss)
4966 http fetch GET 200 https://registry.npmjs.org/@jridgewell/remapping/-/remapping-2.3.5.tgz 4058ms (cache miss)
4967 http fetch GET 200 https://registry.npmjs.org/call-bind-apply-helpers/-/call-bind-apply-helpers-1.0.2.tgz 4244ms (cache miss)
4968 http fetch GET 200 https://registry.npmjs.org/@babel/plugin-transform-react-jsx-self/-/plugin-transform-react-jsx-self-7.27.1.tgz 4121ms (cache miss)
4969 http fetch GET 200 https://registry.npmjs.org/@babel/plugin-transform-react-jsx-source/-/plugin-transform-react-jsx-source-7.27.1.tgz 4122ms (cache miss)
4970 http fetch GET 200 https://registry.npmjs.org/cookie/-/cookie-1.1.1.tgz 4222ms (cache miss)
4971 http fetch GET 200 https://registry.npmjs.org/@radix-ui/number/-/number-1.1.1.tgz 4181ms (cache miss)
4972 http fetch GET 200 https://registry.npmjs.org/@radix-ui/react-use-effect-event/-/react-use-effect-event-0.0.2.tgz 4183ms (cache miss)
4973 http fetch GET 200 https://registry.npmjs.org/@capsizecss/unpack/-/unpack-4.0.0.tgz 4219ms (cache miss)
4974 http fetch GET 200 https://registry.npmjs.org/@astrojs/telemetry/-/telemetry-3.3.1.tgz 4220ms (cache miss)
4975 http fetch GET 200 https://registry.npmjs.org/@types/babel__generator/-/babel__generator-7.27.0.tgz 4242ms (cache miss)
4976 http fetch GET 200 https://registry.npmjs.org/@radix-ui/react-arrow/-/react-arrow-1.1.7.tgz 4237ms (cache miss)
4977 http fetch GET 200 https://registry.npmjs.org/@radix-ui/react-visually-hidden/-/react-visually-hidden-1.2.3.tgz 4238ms (cache miss)
4978 http fetch GET 200 https://registry.npmjs.org/@floating-ui/react-dom/-/react-dom-2.1.8.tgz 4239ms (cache miss)
4979 http fetch GET 200 https://registry.npmjs.org/use-sync-external-store/-/use-sync-external-store-1.6.0.tgz 4300ms (cache miss)
4980 http fetch GET 200 https://registry.npmjs.org/@radix-ui/rect/-/rect-1.1.1.tgz 4293ms (cache miss)
4981 http fetch GET 200 https://registry.npmjs.org/aria-hidden/-/aria-hidden-1.2.6.tgz 4283ms (cache miss)
4982 http fetch GET 200 https://registry.npmjs.org/@radix-ui/react-portal/-/react-portal-1.1.9.tgz 4284ms (cache miss)
4983 http fetch GET 200 https://registry.npmjs.org/@radix-ui/react-popper/-/react-popper-1.2.8.tgz 4290ms (cache miss)
4984 http fetch GET 200 https://registry.npmjs.org/@radix-ui/react-use-escape-keydown/-/react-use-escape-keydown-1.1.1.tgz 4289ms (cache miss)
4985 http fetch GET 200 https://registry.npmjs.org/@radix-ui/react-roving-focus/-/react-roving-focus-1.1.11.tgz 4333ms (cache miss)
4986 http fetch GET 200 https://registry.npmjs.org/@radix-ui/react-use-rect/-/react-use-rect-1.1.1.tgz 4337ms (cache miss)
4987 http fetch GET 200 https://registry.npmjs.org/@radix-ui/react-use-layout-effect/-/react-use-layout-effect-1.1.1.tgz 4322ms (cache miss)
4988 http fetch GET 200 https://registry.npmjs.org/@radix-ui/react-use-size/-/react-use-size-1.1.1.tgz 4328ms (cache miss)
4989 http fetch GET 200 https://registry.npmjs.org/electron-to-chromium/-/electron-to-chromium-1.5.349.tgz 4502ms (cache miss)
4990 http fetch GET 200 https://registry.npmjs.org/@clack/core/-/core-1.3.0.tgz 4489ms (cache miss)
4991 http fetch GET 200 https://registry.npmjs.org/esbuild/-/esbuild-0.27.7.tgz 4435ms (cache miss)
4992 http fetch GET 200 https://registry.npmjs.org/@types/babel__core/-/babel__core-7.20.5.tgz 4402ms (cache miss)
4993 http fetch GET 200 https://registry.npmjs.org/@rolldown/pluginutils/-/pluginutils-1.0.0-rc.3.tgz 4405ms (cache miss)
4994 http fetch GET 200 https://registry.npmjs.org/@radix-ui/react-id/-/react-id-1.1.1.tgz 4368ms (cache miss)
4995 http fetch GET 200 https://registry.npmjs.org/@radix-ui/react-context/-/react-context-1.1.2.tgz 4367ms (cache miss)
4996 http fetch GET 200 https://registry.npmjs.org/@radix-ui/react-use-controllable-state/-/react-use-controllable-state-1.2.2.tgz 4373ms (cache miss)
4997 http fetch GET 200 https://registry.npmjs.org/es-module-lexer/-/es-module-lexer-2.1.0.tgz 4481ms (cache miss)
4998 http fetch GET 200 https://registry.npmjs.org/@radix-ui/react-focus-guards/-/react-focus-guards-1.1.3.tgz 4421ms (cache miss)
4999 http fetch GET 200 https://registry.npmjs.org/@radix-ui/react-use-is-hydrated/-/react-use-is-hydrated-0.1.0.tgz 4417ms (cache miss)
5000 http fetch GET 200 https://registry.npmjs.org/@radix-ui/react-use-callback-ref/-/react-use-callback-ref-1.1.1.tgz 4418ms (cache miss)
5001 http fetch GET 200 https://registry.npmjs.org/@radix-ui/react-use-previous/-/react-use-previous-1.1.1.tgz 4423ms (cache miss)
5002 http fetch GET 200 https://registry.npmjs.org/@radix-ui/primitive/-/primitive-1.1.3.tgz 4412ms (cache miss)
5003 http fetch GET 200 https://registry.npmjs.org/@jridgewell/resolve-uri/-/resolve-uri-3.1.2.tgz 4411ms (cache miss)
5004 http fetch GET 200 https://registry.npmjs.org/@babel/helper-string-parser/-/helper-string-parser-7.27.1.tgz 4459ms (cache miss)
5005 http fetch GET 200 https://registry.npmjs.org/@radix-ui/react-direction/-/react-direction-1.1.1.tgz 4472ms (cache miss)
5006 http fetch GET 200 https://registry.npmjs.org/picocolors/-/picocolors-1.1.1.tgz 4459ms (cache miss)
5007 http fetch GET 200 https://registry.npmjs.org/@radix-ui/react-compose-refs/-/react-compose-refs-1.1.2.tgz 4473ms (cache miss)
5008 http fetch GET 200 https://registry.npmjs.org/micromark-extension-gfm-footnote/-/micromark-extension-gfm-footnote-2.1.0.tgz 4894ms (cache miss)
5009 http fetch GET 200 https://registry.npmjs.org/css-box-model/-/css-box-model-1.2.1.tgz 4490ms (cache miss)
5010 http fetch GET 200 https://registry.npmjs.org/raf-schd/-/raf-schd-4.0.3.tgz 4531ms (cache miss)
5011 http fetch GET 200 https://registry.npmjs.org/jsesc/-/jsesc-3.1.0.tgz 4521ms (cache miss)
5012 http fetch GET 200 https://registry.npmjs.org/@babel/helper-globals/-/helper-globals-7.28.0.tgz 4524ms (cache miss)
5013 http fetch GET 200 https://registry.npmjs.org/baseline-browser-mapping/-/baseline-browser-mapping-2.10.25.tgz 4711ms (cache miss)
5014 http fetch GET 200 https://registry.npmjs.org/prop-types/-/prop-types-15.8.1.tgz 4607ms (cache miss)
5015 http fetch GET 200 https://registry.npmjs.org/js-tokens/-/js-tokens-4.0.0.tgz 4561ms (cache miss)
5016 http fetch GET 200 https://registry.npmjs.org/@standard-schema/utils/-/utils-0.3.0.tgz 4567ms (cache miss)
5017 http fetch GET 200 https://registry.npmjs.org/@babel/code-frame/-/code-frame-7.29.0.tgz 4558ms (cache miss)
5018 http fetch GET 200 https://registry.npmjs.org/postcss-load-config/-/postcss-load-config-4.0.2.tgz 4547ms (cache miss)
5019 http fetch GET 200 https://registry.npmjs.org/micromark-util-subtokenize/-/micromark-util-subtokenize-2.1.0.tgz 4923ms (cache miss)
5020 http fetch GET 200 https://registry.npmjs.org/unified/-/unified-11.0.5.tgz 4798ms (cache miss)
5021 http fetch GET 200 https://registry.npmjs.org/fontkitten/-/fontkitten-1.0.3.tgz 4805ms (cache miss)
5022 http fetch GET 200 https://registry.npmjs.org/tslib/-/tslib-2.8.1.tgz 4737ms (cache miss)
5023 http fetch GET 200 https://registry.npmjs.org/react-router-dom/-/react-router-dom-7.14.2.tgz 4637ms (cache miss)
5024 http fetch GET 200 https://registry.npmjs.org/@radix-ui/react-primitive/-/react-primitive-2.1.3.tgz 4687ms (cache miss)
5025 http fetch GET 200 https://registry.npmjs.org/react-leaflet/-/react-leaflet-5.0.0.tgz 4635ms (cache miss)
5026 http fetch GET 200 https://registry.npmjs.org/style-to-object/-/style-to-object-1.0.14.tgz 5155ms (cache miss)
5027 http fetch GET 200 https://registry.npmjs.org/@ungap/structured-clone/-/structured-clone-1.3.0.tgz 5004ms (cache miss)
5028 http fetch GET 200 https://registry.npmjs.org/stackblur-canvas/-/stackblur-canvas-2.7.0.tgz 4936ms (cache miss)
5029 http fetch GET 200 https://registry.npmjs.org/debug/-/debug-4.4.3.tgz 4697ms (cache miss)
5030 http fetch GET 200 https://registry.npmjs.org/tailwindcss-animate/-/tailwindcss-animate-1.0.7.tgz 4672ms (cache miss)
5031 http fetch GET 200 https://registry.npmjs.org/next-themes/-/next-themes-0.4.6.tgz 4661ms (cache miss)
5032 http fetch GET 200 https://registry.npmjs.org/@radix-ui/react-presence/-/react-presence-1.1.5.tgz 4758ms (cache miss)
5033 http fetch GET 200 https://registry.npmjs.org/@vitejs/plugin-react/-/plugin-react-5.2.0.tgz 4716ms (cache miss)
5034 http fetch GET 200 https://registry.npmjs.org/@astrojs/internal-helpers/-/internal-helpers-0.9.0.tgz 4718ms (cache miss)
5035 http fetch GET 200 https://registry.npmjs.org/h3/-/h3-1.15.11.tgz 5267ms (cache miss)
5036 http fetch GET 200 https://registry.npmjs.org/yargs-parser/-/yargs-parser-22.0.0.tgz 4892ms (cache miss)
5037 http fetch GET 200 https://registry.npmjs.org/@babel/helper-validator-identifier/-/helper-validator-identifier-7.28.5.tgz 4767ms (cache miss)
5038 http fetch GET 200 https://registry.npmjs.org/embla-carousel-react/-/embla-carousel-react-8.6.0.tgz 4726ms (cache miss)
5039 http fetch GET 200 https://registry.npmjs.org/@radix-ui/react-focus-scope/-/react-focus-scope-1.1.7.tgz 4838ms (cache miss)
5040 http fetch GET 200 https://registry.npmjs.org/react-markdown/-/react-markdown-10.1.0.tgz 4779ms (cache miss)
5041 http fetch GET 200 https://registry.npmjs.org/clsx/-/clsx-2.1.1.tgz 4763ms (cache miss)
5042 http fetch GET 200 https://registry.npmjs.org/class-variance-authority/-/class-variance-authority-0.7.1.tgz 4762ms (cache miss)
5043 http fetch GET 200 https://registry.npmjs.org/asynckit/-/asynckit-0.4.0.tgz 5008ms (cache miss)
5044 http fetch GET 200 https://registry.npmjs.org/ofetch/-/ofetch-1.5.1.tgz 5378ms (cache miss)
5045 http fetch GET 200 https://registry.npmjs.org/iobuffer/-/iobuffer-5.4.0.tgz 5128ms (cache miss)
5046 http fetch GET 200 https://registry.npmjs.org/@radix-ui/react-dismissable-layer/-/react-dismissable-layer-1.1.11.tgz 4912ms (cache miss)
5047 http fetch GET 200 https://registry.npmjs.org/quill-delta/-/quill-delta-3.6.3.tgz 5263ms (cache miss)
5048 http fetch GET 200 https://registry.npmjs.org/@babel/helper-module-imports/-/helper-module-imports-7.28.6.tgz 4992ms (cache miss)
5049 http fetch GET 200 https://registry.npmjs.org/@clack/prompts/-/prompts-1.3.0.tgz 5002ms (cache miss)
5050 http fetch GET 200 https://registry.npmjs.org/xxhash-wasm/-/xxhash-wasm-1.1.0.tgz 5074ms (cache miss)
5051 http fetch GET 200 https://registry.npmjs.org/canvas-confetti/-/canvas-confetti-1.9.4.tgz 4913ms (cache miss)
5052 http fetch GET 200 https://registry.npmjs.org/p-queue/-/p-queue-9.2.0.tgz 5085ms (cache miss)
5053 http fetch GET 200 https://registry.npmjs.org/@radix-ui/react-toggle/-/react-toggle-1.1.10.tgz 4944ms (cache miss)
5054 http fetch GET 200 https://registry.npmjs.org/@radix-ui/react-slot/-/react-slot-1.2.4.tgz 4942ms (cache miss)
5055 http fetch GET 200 https://registry.npmjs.org/picomatch/-/picomatch-4.0.4.tgz 5005ms (cache miss)
5056 http fetch GET 200 https://registry.npmjs.org/style-to-js/-/style-to-js-1.1.21.tgz 5331ms (cache miss)
5057 http fetch GET 200 https://registry.npmjs.org/@radix-ui/react-progress/-/react-progress-1.1.8.tgz 5005ms (cache miss)
5058 http fetch GET 200 https://registry.npmjs.org/domhandler/-/domhandler-5.0.3.tgz 5566ms (cache miss)
5059 http fetch GET 200 https://registry.npmjs.org/@radix-ui/react-switch/-/react-switch-1.2.6.tgz 5029ms (cache miss)
5060 http fetch GET 200 https://registry.npmjs.org/@radix-ui/react-separator/-/react-separator-1.1.8.tgz 5027ms (cache miss)
5061 http fetch GET 200 https://registry.npmjs.org/mdast-util-from-markdown/-/mdast-util-from-markdown-2.0.3.tgz 5404ms (cache miss)
5062 http fetch GET 200 https://registry.npmjs.org/tsconfck/-/tsconfck-3.1.6.tgz 5239ms (cache miss)
5063 http fetch GET 200 https://registry.npmjs.org/sonner/-/sonner-2.0.7.tgz 5126ms (cache miss)
5064 http fetch GET 200 https://registry.npmjs.org/estree-walker/-/estree-walker-2.0.2.tgz 5335ms (cache miss)
5065 http fetch GET 200 https://registry.npmjs.org/source-map-js/-/source-map-js-1.2.1.tgz 5433ms (cache miss)
5066 http fetch GET 200 https://registry.npmjs.org/@radix-ui/react-collection/-/react-collection-1.1.7.tgz 5198ms (cache miss)
5067 http fetch GET 200 https://registry.npmjs.org/vaul/-/vaul-1.1.2.tgz 5164ms (cache miss)
5068 http fetch GET 200 https://registry.npmjs.org/@radix-ui/react-dialog/-/react-dialog-1.1.15.tgz 5118ms (cache miss)
5069 http fetch GET 200 https://registry.npmjs.org/@radix-ui/react-label/-/react-label-2.1.8.tgz 5170ms (cache miss)
5070 http fetch GET 200 https://registry.npmjs.org/input-otp/-/input-otp-1.4.2.tgz 5240ms (cache miss)
5071 http fetch GET 200 https://registry.npmjs.org/@radix-ui/react-radio-group/-/react-radio-group-1.3.8.tgz 5219ms (cache miss)
5072 http fetch GET 200 https://registry.npmjs.org/@shikijs/engine-oniguruma/-/engine-oniguruma-4.0.2.tgz 5812ms (cache miss)
5073 http fetch GET 200 https://registry.npmjs.org/ws/-/ws-8.18.3.tgz 5843ms (cache miss)
5074 http fetch GET 200 https://registry.npmjs.org/@radix-ui/react-checkbox/-/react-checkbox-1.3.3.tgz 5315ms (cache miss)
5075 http fetch GET 200 https://registry.npmjs.org/@radix-ui/react-menu/-/react-menu-2.1.16.tgz 5447ms (cache miss)
5076 http fetch GET 200 https://registry.npmjs.org/@floating-ui/dom/-/dom-1.7.6.tgz 5464ms (cache miss)
5077 http fetch GET 200 https://registry.npmjs.org/@radix-ui/react-alert-dialog/-/react-alert-dialog-1.1.15.tgz 5341ms (cache miss)
5078 http fetch GET 200 https://registry.npmjs.org/@radix-ui/react-avatar/-/react-avatar-1.1.11.tgz 5342ms (cache miss)
5079 http fetch GET 200 https://registry.npmjs.org/magicast/-/magicast-0.5.2.tgz 5562ms (cache miss)
5080 http fetch GET 200 https://registry.npmjs.org/@floating-ui/core/-/core-1.7.5.tgz 5536ms (cache miss)
5081 http fetch GET 200 https://registry.npmjs.org/dom-serializer/-/dom-serializer-2.0.0.tgz 5400ms (cache miss)
5082 http fetch GET 200 https://registry.npmjs.org/@astrojs/react/-/react-5.0.4.tgz 5409ms (cache miss)
5083 http fetch GET 200 https://registry.npmjs.org/@babel/helper-compilation-targets/-/helper-compilation-targets-7.28.6.tgz 5577ms (cache miss)
5084 http fetch GET 200 https://registry.npmjs.org/devalue/-/devalue-5.8.0.tgz 5498ms (cache miss)
5085 http fetch GET 200 https://registry.npmjs.org/@radix-ui/react-tooltip/-/react-tooltip-1.2.8.tgz 5472ms (cache miss)
5086 http fetch GET 200 https://registry.npmjs.org/fraction.js/-/fraction.js-5.3.4.tgz 5699ms (cache miss)
5087 http fetch GET 200 https://registry.npmjs.org/@radix-ui/react-toggle-group/-/react-toggle-group-1.1.11.tgz 5487ms (cache miss)
5088 http fetch GET 200 https://registry.npmjs.org/is-docker/-/is-docker-3.0.0.tgz 5473ms (cache miss)
5089 http fetch GET 200 https://registry.npmjs.org/cmdk/-/cmdk-1.1.1.tgz 5560ms (cache miss)
5090 http fetch GET 200 https://registry.npmjs.org/@types/unist/-/unist-2.0.11.tgz 5510ms (cache miss)
5091 http fetch GET 200 https://registry.npmjs.org/eventemitter3/-/eventemitter3-2.0.3.tgz 5514ms (cache miss)
5092 http fetch GET 200 https://registry.npmjs.org/@radix-ui/react-aspect-ratio/-/react-aspect-ratio-1.1.8.tgz 5532ms (cache miss)
5093 http fetch GET 200 https://registry.npmjs.org/magic-string/-/magic-string-0.30.21.tgz 5740ms (cache miss)
5094 http fetch GET 200 https://registry.npmjs.org/@radix-ui/react-slider/-/react-slider-1.3.6.tgz 5592ms (cache miss)
5095 http fetch GET 200 https://registry.npmjs.org/@floating-ui/utils/-/utils-0.2.11.tgz 5717ms (cache miss)
5096 http fetch GET 200 https://registry.npmjs.org/@radix-ui/react-popover/-/react-popover-1.1.15.tgz 5619ms (cache miss)
5097 http fetch GET 200 https://registry.npmjs.org/@radix-ui/react-tabs/-/react-tabs-1.1.13.tgz 5628ms (cache miss)
5098 http fetch GET 200 https://registry.npmjs.org/@astrojs/tailwind/-/tailwind-6.0.2.tgz 5652ms (cache miss)
5099 http fetch GET 200 https://registry.npmjs.org/@radix-ui/react-dropdown-menu/-/react-dropdown-menu-2.1.16.tgz 5697ms (cache miss)
5100 http fetch GET 200 https://registry.npmjs.org/@radix-ui/react-toast/-/react-toast-1.2.15.tgz 5719ms (cache miss)
5101 http fetch GET 200 https://registry.npmjs.org/@radix-ui/react-collapsible/-/react-collapsible-1.1.12.tgz 5717ms (cache miss)
5102 http fetch GET 200 https://registry.npmjs.org/neotraverse/-/neotraverse-0.6.18.tgz 5921ms (cache miss)
5103 http fetch GET 200 https://registry.npmjs.org/@radix-ui/react-hover-card/-/react-hover-card-1.1.15.tgz 5767ms (cache miss)
5104 http fetch GET 200 https://registry.npmjs.org/@radix-ui/react-slot/-/react-slot-1.2.3.tgz 5729ms (cache miss)
5105 http fetch GET 200 https://registry.npmjs.org/@radix-ui/react-context/-/react-context-1.1.3.tgz 5731ms (cache miss)
5106 http fetch GET 200 https://registry.npmjs.org/@babel/helper-module-transforms/-/helper-module-transforms-7.28.6.tgz 5918ms (cache miss)
5107 http fetch GET 200 https://registry.npmjs.org/@radix-ui/react-accordion/-/react-accordion-1.2.12.tgz 5777ms (cache miss)
5108 http fetch GET 200 https://registry.npmjs.org/@radix-ui/react-menubar/-/react-menubar-1.1.16.tgz 5815ms (cache miss)
5109 http fetch GET 200 https://registry.npmjs.org/@radix-ui/react-context-menu/-/react-context-menu-2.2.16.tgz 5813ms (cache miss)
5110 http fetch GET 200 https://registry.npmjs.org/@radix-ui/react-primitive/-/react-primitive-2.1.4.tgz 5798ms (cache miss)
5111 http fetch GET 200 https://registry.npmjs.org/@radix-ui/react-slot/-/react-slot-1.2.3.tgz 5814ms (cache miss)
5112 http fetch GET 200 https://registry.npmjs.org/@radix-ui/react-slot/-/react-slot-1.2.3.tgz 5817ms (cache miss)
5113 http fetch GET 200 https://registry.npmjs.org/@radix-ui/react-slot/-/react-slot-1.2.3.tgz 5820ms (cache miss)
5114 http fetch GET 200 https://registry.npmjs.org/@radix-ui/react-slot/-/react-slot-1.2.3.tgz 5819ms (cache miss)
5115 http fetch GET 200 https://registry.npmjs.org/@radix-ui/react-context/-/react-context-1.1.3.tgz 5812ms (cache miss)
5116 http fetch GET 200 https://registry.npmjs.org/@radix-ui/react-slot/-/react-slot-1.2.3.tgz 5821ms (cache miss)
5117 http fetch GET 200 https://registry.npmjs.org/svg-pathdata/-/svg-pathdata-6.0.3.tgz 6205ms (cache miss)
5118 http fetch GET 200 https://registry.npmjs.org/@radix-ui/react-scroll-area/-/react-scroll-area-1.2.10.tgz 5899ms (cache miss)
5119 http fetch GET 200 https://registry.npmjs.org/@radix-ui/react-navigation-menu/-/react-navigation-menu-1.2.14.tgz 5896ms (cache miss)
5120 http fetch GET 200 https://registry.npmjs.org/picomatch/-/picomatch-2.3.2.tgz 5869ms (cache miss)
5121 http fetch GET 200 https://registry.npmjs.org/react-quill/-/react-quill-2.0.0.tgz 5959ms (cache miss)
5122 http fetch GET 200 https://registry.npmjs.org/@radix-ui/react-primitive/-/react-primitive-2.1.4.tgz 5887ms (cache miss)
5123 http fetch GET 200 https://registry.npmjs.org/@radix-ui/react-primitive/-/react-primitive-2.1.4.tgz 5890ms (cache miss)
5124 http fetch GET 200 https://registry.npmjs.org/@radix-ui/react-primitive/-/react-primitive-2.1.4.tgz 5885ms (cache miss)
5125 http fetch GET 200 https://registry.npmjs.org/smol-toml/-/smol-toml-1.6.1.tgz 6122ms (cache miss)
5126 http fetch GET 200 https://registry.npmjs.org/uuid 5397ms (cache miss)
5127 silly packumentCache corgi:https://registry.npmjs.org/uuid set size:undefined disposed:false
5128 http fetch GET 200 https://registry.npmjs.org/@radix-ui/react-slot/-/react-slot-1.2.3.tgz 5954ms (cache miss)
5129 http fetch GET 200 https://registry.npmjs.org/@babel/template/-/template-7.28.6.tgz 6093ms (cache miss)
5130 http fetch GET 200 https://registry.npmjs.org/react-resizable-panels/-/react-resizable-panels-4.11.0.tgz 6066ms (cache miss)
5131 http fetch GET 200 https://registry.npmjs.org/csstype/-/csstype-3.2.3.tgz 6385ms (cache miss)
5132 http fetch GET 200 https://registry.npmjs.org/json5/-/json5-2.2.3.tgz 6180ms (cache miss)
5133 http fetch GET 200 https://registry.npmjs.org/@radix-ui/react-slot/-/react-slot-1.2.3.tgz 6005ms (cache miss)
5134 http fetch GET 200 https://registry.npmjs.org/@radix-ui/react-select/-/react-select-2.2.6.tgz 6134ms (cache miss)
5135 http fetch GET 200 https://registry.npmjs.org/text-segmentation/-/text-segmentation-1.0.3.tgz 6433ms (cache miss)
5136 http fetch GET 200 https://registry.npmjs.org/@radix-ui/react-primitive/-/react-primitive-2.1.4.tgz 6120ms (cache miss)
5137 http fetch GET 200 https://registry.npmjs.org/quill 5603ms (cache miss)
5138 silly packumentCache corgi:https://registry.npmjs.org/quill set size:undefined disposed:false
5139 http fetch GET 200 https://registry.npmjs.org/nth-check/-/nth-check-2.1.1.tgz 6891ms (cache miss)
5140 http fetch GET 200 https://registry.npmjs.org/vfile/-/vfile-6.0.3.tgz 6531ms (cache miss)
5141 http fetch GET 200 https://registry.npmjs.org/d3-interpolate/-/d3-interpolate-3.0.1.tgz 7010ms (cache miss)
5142 http fetch GET 200 https://registry.npmjs.org/micromark-extension-gfm-table/-/micromark-extension-gfm-table-2.1.1.tgz 6902ms (cache miss)
5143 http fetch GET 200 https://registry.npmjs.org/d3-scale/-/d3-scale-4.0.2.tgz 7026ms (cache miss)
5144 http fetch GET 200 https://registry.npmjs.org/fflate/-/fflate-0.8.2.tgz 6733ms (cache miss)
5145 silly packumentCache corgi:https://registry.npmjs.org/@base44%2fsdk cache-miss
5146 http fetch GET 200 https://registry.npmjs.org/mdn-data/-/mdn-data-2.27.1.tgz 6995ms (cache miss)
5147 http fetch GET 200 https://registry.npmjs.org/utrie/-/utrie-1.0.2.tgz 6739ms (cache miss)
5148 http fetch GET 200 https://registry.npmjs.org/@jridgewell/sourcemap-codec/-/sourcemap-codec-1.5.5.tgz 6520ms (cache miss)
5149 http fetch GET 200 https://registry.npmjs.org/react/-/react-19.2.5.tgz 6512ms (cache miss)
5150 http fetch GET 200 https://registry.npmjs.org/dompurify/-/dompurify-3.4.2.tgz 6811ms (cache miss)
5151 http fetch GET 200 https://registry.npmjs.org/@date-fns/tz/-/tz-1.4.1.tgz 6895ms (cache miss)
5152 http fetch GET 200 https://registry.npmjs.org/@astrojs/markdown-remark/-/markdown-remark-7.1.1.tgz 6710ms (cache miss)
5153 http fetch GET 200 https://registry.npmjs.org/d3-time-format/-/d3-time-format-4.1.0.tgz 7192ms (cache miss)
5154 http fetch GET 200 https://registry.npmjs.org/css-line-break/-/css-line-break-2.1.0.tgz 6921ms (cache miss)
5155 http fetch GET 200 https://registry.npmjs.org/node-fetch-native/-/node-fetch-native-1.6.7.tgz 7270ms (cache miss)
5156 http fetch GET 200 https://registry.npmjs.org/@rollup/rollup-darwin-x64/-/rollup-darwin-x64-4.60.2.tgz 7336ms (cache miss)
5157 http fetch GET 200 https://registry.npmjs.org/@jridgewell/gen-mapping/-/gen-mapping-0.3.13.tgz 6771ms (cache miss)
5158 http fetch GET 200 https://registry.npmjs.org/sharp/-/sharp-0.34.5.tgz 7036ms (cache miss)
5159 http fetch GET 200 https://registry.npmjs.org/react-hot-toast/-/react-hot-toast-2.6.0.tgz 6885ms (cache miss)
5160 http fetch GET 200 https://registry.npmjs.org/@base44%2fsdk 423ms (cache miss)
5161 silly packumentCache corgi:https://registry.npmjs.org/@base44%2fsdk set size:undefined disposed:false
5162 http fetch GET 200 https://registry.npmjs.org/reselect/-/reselect-5.1.1.tgz 7354ms (cache miss)
5163 http fetch GET 200 https://registry.npmjs.org/redux/-/redux-5.0.1.tgz 7002ms (cache miss)
5164 http fetch GET 200 https://registry.npmjs.org/node-mock-http/-/node-mock-http-1.0.4.tgz 7632ms (cache miss)
5165 silly packumentCache corgi:https://registry.npmjs.org/react-quill cache-miss
5166 http fetch GET 200 https://registry.npmjs.org/mdn-data/-/mdn-data-2.0.28.tgz 7037ms (cache miss)
5167 http fetch GET 200 https://registry.npmjs.org/js-yaml/-/js-yaml-4.1.1.tgz 7278ms (cache miss)
5168 http fetch GET 200 https://registry.npmjs.org/oniguruma-to-es/-/oniguruma-to-es-4.3.6.tgz 7638ms (cache miss)
5169 http fetch GET 200 https://registry.npmjs.org/ultrahtml/-/ultrahtml-1.6.0.tgz 7164ms (cache miss)
5170 http fetch GET 200 https://registry.npmjs.org/immer/-/immer-10.2.0.tgz 7680ms (cache miss)
5171 http fetch GET 200 https://registry.npmjs.org/hast-util-to-html/-/hast-util-to-html-9.0.5.tgz 7779ms (cache miss)
5172 http fetch GET 200 https://registry.npmjs.org/@babel/parser/-/parser-7.29.3.tgz 7390ms (cache miss)
5173 http fetch GET 200 https://registry.npmjs.org/@jridgewell/trace-mapping/-/trace-mapping-0.3.31.tgz 7424ms (cache miss)
5174 http fetch GET 200 https://registry.npmjs.org/d3-array/-/d3-array-3.2.4.tgz 8001ms (cache miss)
5175 http fetch GET 200 https://registry.npmjs.org/parse-latin/-/parse-latin-7.0.0.tgz 7899ms (cache miss)
5176 http fetch GET 200 https://registry.npmjs.org/semver/-/semver-7.7.4.tgz 7419ms (cache miss)
5177 http fetch GET 200 https://registry.npmjs.org/react-quill 422ms (cache miss)
5178 silly packumentCache corgi:https://registry.npmjs.org/react-quill set size:undefined disposed:false
5179 http fetch GET 200 https://registry.npmjs.org/postcss/-/postcss-8.5.13.tgz 7556ms (cache miss)
5180 http fetch GET 200 https://registry.npmjs.org/regex/-/regex-6.1.0.tgz 8052ms (cache miss)
5181 http fetch GET 200 https://registry.npmjs.org/semver/-/semver-7.7.4.tgz 7489ms (cache miss)
5182 http fetch GET 200 https://registry.npmjs.org/property-information/-/property-information-7.1.0.tgz 7842ms (cache miss)
5183 http fetch GET 200 https://registry.npmjs.org/tailwind-merge/-/tailwind-merge-3.5.0.tgz 7621ms (cache miss)
5184 http fetch GET 200 https://registry.npmjs.org/crossws/-/crossws-0.3.5.tgz 8190ms (cache miss)
5185 http fetch GET 200 https://registry.npmjs.org/uuid/-/uuid-13.0.1.tgz 7864ms (cache miss)
5186 http fetch GET 200 https://registry.npmjs.org/pako/-/pako-2.1.0.tgz 8145ms (cache miss)
5187 http fetch GET 200 https://registry.npmjs.org/parchment/-/parchment-1.1.4.tgz 8250ms (cache miss)
5188 http fetch GET 200 https://registry.npmjs.org/immer/-/immer-11.1.4.tgz 7909ms (cache miss)
5189 http fetch GET 200 https://registry.npmjs.org/@babel/generator/-/generator-7.29.1.tgz 8043ms (cache miss)
5190 http fetch GET 200 https://registry.npmjs.org/use-sidecar/-/use-sidecar-1.1.3.tgz 8482ms (cache miss)
5191 http fetch GET 200 https://registry.npmjs.org/domutils/-/domutils-3.2.2.tgz 8619ms (cache miss)
5192 http fetch GET 200 https://registry.npmjs.org/react-redux/-/react-redux-9.2.0.tgz 8170ms (cache miss)
5193 http fetch GET 200 https://registry.npmjs.org/rollup/-/rollup-4.60.2.tgz 8758ms (cache miss)
5194 http fetch GET 200 https://registry.npmjs.org/use-callback-ref/-/use-callback-ref-1.3.3.tgz 8624ms (cache miss)
5195 http fetch GET 200 https://registry.npmjs.org/d3-shape/-/d3-shape-3.2.0.tgz 8813ms (cache miss)
5196 http fetch GET 200 https://registry.npmjs.org/goober/-/goober-2.1.18.tgz 8208ms (cache miss)
5197 http fetch GET 200 https://registry.npmjs.org/@stripe/react-stripe-js/-/react-stripe-js-6.3.0.tgz 8403ms (cache miss)
5198 http fetch GET 200 https://registry.npmjs.org/micromark/-/micromark-4.0.2.tgz 8775ms (cache miss)
5199 http fetch GET 200 https://registry.npmjs.org/react-remove-scroll/-/react-remove-scroll-2.7.2.tgz 8512ms (cache miss)
5200 http fetch GET 200 https://registry.npmjs.org/fast-png/-/fast-png-6.4.0.tgz 8783ms (cache miss)
5201 http fetch GET 200 https://registry.npmjs.org/vite/-/vite-7.3.2.tgz 8579ms (cache miss)
5202 http fetch GET 200 https://registry.npmjs.org/socket.io-client/-/socket.io-client-4.8.3.tgz 8703ms (cache miss)
5203 http fetch GET 200 https://registry.npmjs.org/motion-utils/-/motion-utils-12.36.0.tgz 8960ms (cache miss)
5204 http fetch GET 200 https://registry.npmjs.org/entities/-/entities-4.5.0.tgz 8698ms (cache miss)
5205 http fetch GET 200 https://registry.npmjs.org/@babel/traverse/-/traverse-7.29.0.tgz 8795ms (cache miss)
5206 http fetch GET 200 https://registry.npmjs.org/autoprefixer/-/autoprefixer-10.5.0.tgz 8790ms (cache miss)
5207 http fetch GET 200 https://registry.npmjs.org/@base44/sdk/-/sdk-0.8.27.tgz 8717ms (cache miss)
5208 http fetch GET 200 https://registry.npmjs.org/mdast-util-to-hast/-/mdast-util-to-hast-13.2.1.tgz 9134ms (cache miss)
5209 http fetch GET 200 https://registry.npmjs.org/parse5/-/parse5-7.3.0.tgz 9089ms (cache miss)
5210 http fetch GET 200 https://registry.npmjs.org/lru-cache/-/lru-cache-11.3.5.tgz 8870ms (cache miss)
5211 http fetch GET 200 https://registry.npmjs.org/entities/-/entities-6.0.1.tgz 9457ms (cache miss)
5212 http fetch GET 200 https://registry.npmjs.org/csso/-/csso-5.0.5.tgz 9750ms (cache miss)
5213 http fetch GET 200 https://registry.npmjs.org/@shikijs/themes/-/themes-4.0.2.tgz 9849ms (cache miss)
5214 http fetch GET 200 https://registry.npmjs.org/embla-carousel/-/embla-carousel-8.6.0.tgz 9654ms (cache miss)
5215 http fetch GET 200 https://registry.npmjs.org/@astrojs/compiler/-/compiler-4.0.0.tgz 9602ms (cache miss)
5216 http fetch GET 200 https://registry.npmjs.org/micromark-core-commonmark/-/micromark-core-commonmark-2.0.3.tgz 9902ms (cache miss)
5217 http fetch GET 200 https://registry.npmjs.org/css-select/-/css-select-5.2.2.tgz 10221ms (cache miss)
5218 http fetch GET 200 https://registry.npmjs.org/react-dom/-/react-dom-19.2.5.tgz 9842ms (cache miss)
5219 http fetch GET 200 https://registry.npmjs.org/axios/-/axios-1.16.0.tgz 9983ms (cache miss)
5220 http fetch GET 200 https://registry.npmjs.org/diff/-/diff-8.0.4.tgz 10300ms (cache miss)
5221 http fetch GET 200 https://registry.npmjs.org/unstorage/-/unstorage-1.17.5.tgz 10363ms (cache miss)
5222 http fetch GET 200 https://registry.npmjs.org/react-router/-/react-router-7.14.2.tgz 10645ms (cache miss)
5223 http fetch GET 200 https://registry.npmjs.org/mdast-util-to-markdown/-/mdast-util-to-markdown-2.1.2.tgz 10659ms (cache miss)
5224 http fetch GET 200 https://registry.npmjs.org/quill/-/quill-1.3.7.tgz 10750ms (cache miss)
5225 http fetch GET 200 https://registry.npmjs.org/oniguruma-parser/-/oniguruma-parser-0.12.2.tgz 10886ms (cache miss)
5226 http fetch GET 200 https://registry.npmjs.org/@babel/core/-/core-7.29.0.tgz 10486ms (cache miss)
5227 http fetch GET 200 https://registry.npmjs.org/svgo/-/svgo-4.0.1.tgz 10586ms (cache miss)
5228 http fetch GET 200 https://registry.npmjs.org/engine.io-client/-/engine.io-client-6.6.4.tgz 10955ms (cache miss)
5229 http fetch GET 200 https://registry.npmjs.org/canvg/-/canvg-3.0.11.tgz 11110ms (cache miss)
5230 http fetch GET 200 https://registry.npmjs.org/@esbuild/darwin-x64/-/darwin-x64-0.27.7.tgz 11065ms (cache miss)
5231 http fetch GET 200 https://registry.npmjs.org/@stripe/stripe-js/-/stripe-js-9.4.0.tgz 10867ms (cache miss)
5232 http fetch GET 200 https://registry.npmjs.org/axobject-query/-/axobject-query-4.1.0.tgz 11084ms (cache miss)
5233 http fetch GET 200 https://registry.npmjs.org/@base44/vite-plugin/-/vite-plugin-1.0.13.tgz 11076ms (cache miss)
5234 http fetch GET 200 https://registry.npmjs.org/@babel/runtime/-/runtime-7.29.2.tgz 11313ms (cache miss)
5235 http fetch GET 200 https://registry.npmjs.org/@babel/types/-/types-7.29.0.tgz 11500ms (cache miss)
5236 http fetch GET 200 https://registry.npmjs.org/react-hook-form/-/react-hook-form-7.75.0.tgz 11473ms (cache miss)
5237 http fetch GET 200 https://registry.npmjs.org/@babel/helpers/-/helpers-7.29.2.tgz 11886ms (cache miss)
5238 http fetch GET 200 https://registry.npmjs.org/@img/sharp-libvips-darwin-x64/-/sharp-libvips-darwin-x64-1.2.4.tgz 12278ms (cache miss)
5239 http fetch GET 200 https://registry.npmjs.org/aria-query/-/aria-query-5.3.2.tgz 11994ms (cache miss)
5240 http fetch GET 200 https://registry.npmjs.org/yaml/-/yaml-2.8.4.tgz 12323ms (cache miss)
5241 http fetch GET 200 https://registry.npmjs.org/css-tree/-/css-tree-2.2.1.tgz 12345ms (cache miss)
5242 http fetch GET 200 https://registry.npmjs.org/css-tree/-/css-tree-3.2.1.tgz 13403ms (cache miss)
5243 http fetch GET 200 https://registry.npmjs.org/@hello-pangea/dnd/-/dnd-18.0.1.tgz 12867ms (cache miss)
5244 http fetch GET 200 https://registry.npmjs.org/@tanstack/query-core/-/query-core-5.100.8.tgz 13029ms (cache miss)
5245 http fetch GET 200 https://registry.npmjs.org/@tanstack/react-query/-/react-query-5.100.8.tgz 12940ms (cache miss)
5246 http fetch GET 200 https://registry.npmjs.org/victory-vendor/-/victory-vendor-37.3.6.tgz 13163ms (cache miss)
5247 http fetch GET 200 https://registry.npmjs.org/@reduxjs/toolkit/-/toolkit-2.11.2.tgz 13663ms (cache miss)
5248 http fetch GET 200 https://registry.npmjs.org/lodash/-/lodash-4.18.1.tgz 13233ms (cache miss)
5249 http fetch GET 200 https://registry.npmjs.org/jspdf/-/jspdf-4.2.1.tgz 13313ms (cache miss)
5250 http fetch GET 200 https://registry.npmjs.org/@hookform/resolvers/-/resolvers-5.2.2.tgz 13475ms (cache miss)
5251 http fetch GET 200 https://registry.npmjs.org/prismjs/-/prismjs-1.30.0.tgz 13951ms (cache miss)
5252 http fetch GET 200 https://registry.npmjs.org/@shikijs/langs/-/langs-4.0.2.tgz 14754ms (cache miss)
5253 http fetch GET 200 https://registry.npmjs.org/moment/-/moment-2.30.1.tgz 14497ms (cache miss)
5254 http fetch GET 200 https://registry.npmjs.org/framer-motion/-/framer-motion-12.38.0.tgz 14772ms (cache miss)
5255 http fetch GET 200 https://registry.npmjs.org/html2canvas/-/html2canvas-1.4.1.tgz 14940ms (cache miss)
5256 http fetch GET 200 https://registry.npmjs.org/motion-dom/-/motion-dom-12.38.0.tgz 15614ms (cache miss)
5257 http fetch GET 200 https://registry.npmjs.org/shiki/-/shiki-4.0.2.tgz 15585ms (cache miss)
5258 http fetch GET 200 https://registry.npmjs.org/caniuse-lite/-/caniuse-lite-1.0.30001791.tgz 15920ms (cache miss)
5259 http fetch GET 200 https://registry.npmjs.org/zod/-/zod-4.4.2.tgz 15833ms (cache miss)
5260 http fetch GET 200 https://registry.npmjs.org/recharts/-/recharts-3.8.1.tgz 16175ms (cache miss)
5261 http fetch GET 200 https://registry.npmjs.org/date-fns-jalali/-/date-fns-jalali-4.1.0-0.tgz 18598ms (cache miss)
5262 http fetch GET 200 https://registry.npmjs.org/react-day-picker/-/react-day-picker-9.14.0.tgz 18831ms (cache miss)
5263 http fetch GET 200 https://registry.npmjs.org/astro/-/astro-6.2.1.tgz 18876ms (cache miss)
5264 http fetch GET 200 https://registry.npmjs.org/three/-/three-0.184.0.tgz 19899ms (cache miss)
5265 http fetch GET 200 https://registry.npmjs.org/es-toolkit/-/es-toolkit-1.46.1.tgz 21126ms (cache miss)
5266 http fetch GET 200 https://registry.npmjs.org/core-js/-/core-js-3.49.0.tgz 21247ms (cache miss)
5267 http fetch GET 200 https://registry.npmjs.org/date-fns/-/date-fns-4.1.0.tgz 22022ms (cache miss)
5268 http fetch GET 200 https://registry.npmjs.org/lucide-react/-/lucide-react-1.14.0.tgz 22580ms (cache miss)
5269 info run fsevents@2.3.3 install node_modules/fsevents node-gyp rebuild
5270 info run sharp@0.34.5 install node_modules/sharp node install/check.js || npm run build
5271 info run fsevents@2.3.3 install { code: 1, signal: null }
5272 verbose reify failed optional dependency /Users/anatoly/Sites/bitcode/villa-ramann2/node_modules/fsevents
5273 silly reify mark deleted [ '/Users/anatoly/Sites/bitcode/villa-ramann2/node_modules/fsevents' ]
5274 info run sharp@0.34.5 install { code: 0, signal: null }
5275 info run core-js@3.49.0 postinstall node_modules/core-js node -e "try{require('./postinstall')}catch(e){}"
5276 info run esbuild@0.27.7 postinstall node_modules/esbuild node install.js
5277 info run core-js@3.49.0 postinstall { code: 0, signal: null }
5278 info run esbuild@0.27.7 postinstall { code: 0, signal: null }
5279 silly ADD node_modules/@rollup/rollup-darwin-x64
5280 silly ADD node_modules/rollup
5281 silly ADD
5282 silly ADD node_modules/d3-path
5283 silly ADD node_modules/d3-time-format
5284 silly ADD node_modules/d3-format
5285 silly ADD node_modules/d3-color
5286 silly ADD node_modules/internmap
5287 silly ADD node_modules/@types/d3-path
5288 silly ADD node_modules/@types/d3-color
5289 silly ADD node_modules/d3-timer
5290 silly ADD node_modules/d3-time
5291 silly ADD node_modules/d3-shape
5292 silly ADD node_modules/d3-scale
5293 silly ADD node_modules/d3-interpolate
5294 silly ADD node_modules/d3-ease
5295 silly ADD node_modules/d3-array
5296 silly ADD node_modules/@types/d3-timer
5297 silly ADD node_modules/@types/d3-time
5298 silly ADD node_modules/@types/d3-shape
5299 silly ADD node_modules/@types/d3-scale
5300 silly ADD node_modules/@types/d3-interpolate
5301 silly ADD node_modules/@types/d3-ease
5302 silly ADD node_modules/@types/d3-array
5303 silly ADD node_modules/base64-arraybuffer
5304 silly ADD node_modules/detect-node-es
5305 silly ADD node_modules/escalade
5306 silly ADD node_modules/uncrypto
5307 silly ADD node_modules/radix3
5308 silly ADD node_modules/node-mock-http
5309 silly ADD node_modules/iron-webcrypto
5310 silly ADD node_modules/defu
5311 silly ADD node_modules/crossws
5312 silly ADD node_modules/cookie-es
5313 silly ADD node_modules/readdirp
5314 silly ADD node_modules/normalize-path
5315 silly ADD node_modules/h3
5316 silly ADD node_modules/chokidar
5317 silly ADD node_modules/anymatch
5318 silly ADD node_modules/anymatch/node_modules/picomatch
5319 silly ADD node_modules/array-iterate
5320 silly ADD node_modules/ufo
5321 silly ADD node_modules/node-fetch-native
5322 silly ADD node_modules/destr
5323 silly ADD node_modules/ohash
5324 silly ADD node_modules/ofetch
5325 silly ADD node_modules/trough
5326 silly ADD node_modules/is-plain-obj
5327 silly ADD node_modules/bail
5328 silly ADD node_modules/fdir
5329 silly ADD node_modules/domelementtype
5330 silly ADD node_modules/mdn-data
5331 silly ADD node_modules/nth-check
5332 silly ADD node_modules/domutils
5333 silly ADD node_modules/domutils/node_modules/entities
5334 silly ADD node_modules/domutils/node_modules/dom-serializer
5335 silly ADD node_modules/domhandler
5336 silly ADD node_modules/boolbase
5337 silly ADD node_modules/sax
5338 silly ADD node_modules/csso
5339 silly ADD node_modules/csso/node_modules/mdn-data
5340 silly ADD node_modules/csso/node_modules/css-tree
5341 silly ADD node_modules/css-what
5342 silly ADD node_modules/css-tree
5343 silly ADD node_modules/css-select
5344 silly ADD node_modules/commander
5345 silly ADD node_modules/inline-style-parser
5346 silly ADD node_modules/style-to-object
5347 silly ADD node_modules/character-entities-html4
5348 silly ADD node_modules/xmlhttprequest-ssl
5349 silly ADD node_modules/ws
5350 silly ADD node_modules/engine.io-parser
5351 silly ADD node_modules/socket.io-parser
5352 silly ADD node_modules/engine.io-client
5353 silly ADD node_modules/@socket.io/component-emitter
5354 silly ADD node_modules/regex-utilities
5355 silly ADD node_modules/regex-recursion
5356 silly ADD node_modules/regex
5357 silly ADD node_modules/oniguruma-parser
5358 silly ADD node_modules/oniguruma-to-es
5359 silly ADD node_modules/@shikijs/primitive
5360 silly ADD node_modules/@shikijs/vscode-textmate
5361 silly ADD node_modules/@shikijs/types
5362 silly ADD node_modules/@shikijs/themes
5363 silly ADD node_modules/@shikijs/langs
5364 silly ADD node_modules/@shikijs/engine-oniguruma
5365 silly ADD node_modules/@shikijs/engine-javascript
5366 silly ADD node_modules/@shikijs/core
5367 silly ADD node_modules/detect-libc
5368 silly ADD node_modules/@img/sharp-libvips-darwin-x64
5369 silly ADD node_modules/@img/sharp-darwin-x64
5370 silly ADD node_modules/@img/colour
5371 silly ADD node_modules/functions-have-names
5372 silly ADD node_modules/unist-util-visit-children
5373 silly ADD node_modules/unist-util-modify-children
5374 silly ADD node_modules/nlcst-to-string
5375 silly ADD node_modules/parse-latin
5376 silly ADD node_modules/retext-stringify
5377 silly ADD node_modules/retext-latin
5378 silly ADD node_modules/@types/nlcst
5379 silly ADD node_modules/retext
5380 silly ADD node_modules/micromark-extension-gfm-task-list-item
5381 silly ADD node_modules/micromark-extension-gfm-tagfilter
5382 silly ADD node_modules/micromark-extension-gfm-table
5383 silly ADD node_modules/micromark-extension-gfm-strikethrough
5384 silly ADD node_modules/micromark-extension-gfm-footnote
5385 silly ADD node_modules/micromark-extension-gfm-autolink-literal
5386 silly ADD node_modules/markdown-table
5387 silly ADD node_modules/escape-string-regexp
5388 silly ADD node_modules/mdast-util-find-and-replace
5389 silly ADD node_modules/mdast-util-gfm-task-list-item
5390 silly ADD node_modules/mdast-util-gfm-table
5391 silly ADD node_modules/mdast-util-gfm-strikethrough
5392 silly ADD node_modules/mdast-util-gfm-footnote
5393 silly ADD node_modules/mdast-util-gfm-autolink-literal
5394 silly ADD node_modules/remark-stringify
5395 silly ADD node_modules/micromark-extension-gfm
5396 silly ADD node_modules/mdast-util-gfm
5397 silly ADD node_modules/hast-util-to-html
5398 silly ADD node_modules/html-void-elements
5399 silly ADD node_modules/hast-util-to-parse5
5400 silly ADD node_modules/hast-util-raw
5401 silly ADD node_modules/rehype-parse
5402 silly ADD node_modules/set-function-name
5403 silly ADD node_modules/redux-thunk
5404 silly ADD node_modules/@standard-schema/spec
5405 silly ADD node_modules/reselect
5406 silly ADD node_modules/immer
5407 silly ADD node_modules/es-toolkit
5408 silly ADD node_modules/decimal.js-light
5409 silly ADD node_modules/@reduxjs/toolkit
5410 silly ADD node_modules/@reduxjs/toolkit/node_modules/immer
5411 silly ADD node_modules/get-nonce
5412 silly ADD node_modules/set-cookie-parser
5413 silly ADD node_modules/react-router
5414 silly ADD node_modules/use-sidecar
5415 silly ADD node_modules/use-callback-ref
5416 silly ADD node_modules/react-style-singleton
5417 silly ADD node_modules/react-remove-scroll-bar
5418 silly ADD node_modules/@types/use-sync-external-store
5419 silly ADD node_modules/fast-diff
5420 silly ADD node_modules/has-property-descriptors
5421 silly ADD node_modules/define-data-property
5422 silly ADD node_modules/set-function-length
5423 silly ADD node_modules/define-properties
5424 silly ADD node_modules/call-bind
5425 silly ADD node_modules/call-bound
5426 silly ADD node_modules/regexp.prototype.flags
5427 silly ADD node_modules/object-keys
5428 silly ADD node_modules/object-is
5429 silly ADD node_modules/is-regex
5430 silly ADD node_modules/is-date-object
5431 silly ADD node_modules/is-arguments
5432 silly ADD node_modules/quill-delta
5433 silly ADD node_modules/extend
5434 silly ADD node_modules/deep-equal
5435 silly ADD node_modules/clone
5436 silly ADD node_modules/parchment
5437 silly ADD node_modules/quill
5438 silly ADD node_modules/quill/node_modules/eventemitter3
5439 silly ADD node_modules/@types/quill
5440 silly ADD node_modules/is-alphabetical
5441 silly ADD node_modules/is-hexadecimal
5442 silly ADD node_modules/is-decimal
5443 silly ADD node_modules/is-alphanumerical
5444 silly ADD node_modules/character-reference-invalid
5445 silly ADD node_modules/character-entities-legacy
5446 silly ADD node_modules/micromark-util-html-tag-name
5447 silly ADD node_modules/micromark-factory-whitespace
5448 silly ADD node_modules/micromark-factory-title
5449 silly ADD node_modules/micromark-factory-label
5450 silly ADD node_modules/micromark-factory-destination
5451 silly ADD node_modules/@types/ms
5452 silly ADD node_modules/micromark-util-subtokenize
5453 silly ADD node_modules/micromark-util-resolve-all
5454 silly ADD node_modules/micromark-util-encode
5455 silly ADD node_modules/micromark-util-combine-extensions
5456 silly ADD node_modules/micromark-util-chunked
5457 silly ADD node_modules/micromark-util-character
5458 silly ADD node_modules/micromark-factory-space
5459 silly ADD node_modules/micromark-core-commonmark
5460 silly ADD node_modules/@types/debug
5461 silly ADD node_modules/unist-util-is
5462 silly ADD node_modules/zwitch
5463 silly ADD node_modules/micromark-util-classify-character
5464 silly ADD node_modules/mdast-util-phrasing
5465 silly ADD node_modules/longest-streak
5466 silly ADD node_modules/trim-lines
5467 silly ADD node_modules/micromark-util-sanitize-uri
5468 silly ADD node_modules/@ungap/structured-clone
5469 silly ADD node_modules/stringify-entities
5470 silly ADD node_modules/parse-entities
5471 silly ADD node_modules/parse-entities/node_modules/@types/unist
5472 silly ADD node_modules/ccount
5473 silly ADD node_modules/character-entities
5474 silly ADD node_modules/unist-util-stringify-position
5475 silly ADD node_modules/micromark-util-types
5476 silly ADD node_modules/micromark-util-symbol
5477 silly ADD node_modules/micromark-util-normalize-identifier
5478 silly ADD node_modules/micromark-util-decode-string
5479 silly ADD node_modules/micromark-util-decode-numeric-character-reference
5480 silly ADD node_modules/micromark
5481 silly ADD node_modules/mdast-util-to-string
5482 silly ADD node_modules/decode-named-character-reference
5483 silly ADD node_modules/mdast-util-to-markdown
5484 silly ADD node_modules/mdast-util-from-markdown
5485 silly ADD node_modules/@types/estree-jsx
5486 silly ADD node_modules/unist-util-position
5487 silly ADD node_modules/style-to-js
5488 silly ADD node_modules/mdast-util-mdxjs-esm
5489 silly ADD node_modules/mdast-util-mdx-jsx
5490 silly ADD node_modules/mdast-util-mdx-expression
5491 silly ADD node_modules/hast-util-whitespace
5492 silly ADD node_modules/estree-util-is-identifier-name
5493 silly ADD node_modules/mdast-util-to-hast
5494 silly ADD node_modules/html-url-attributes
5495 silly ADD node_modules/hast-util-to-jsx-runtime
5496 silly ADD node_modules/@react-leaflet/core
5497 silly ADD node_modules/csstype
5498 silly ADD node_modules/scheduler
5499 silly ADD node_modules/date-fns-jalali
5500 silly ADD node_modules/@tabby_ai/hijri-converter
5501 silly ADD node_modules/@date-fns/tz
5502 silly ADD node_modules/performance-now
5503 silly ADD node_modules/react-is
5504 silly ADD node_modules/object-assign
5505 silly ADD node_modules/loose-envify
5506 silly ADD node_modules/yaml
5507 silly ADD node_modules/lilconfig
5508 silly ADD node_modules/nanoid
5509 silly ADD node_modules/entities
5510 silly ADD node_modules/p-timeout
5511 silly ADD node_modules/eventemitter3
5512 silly ADD node_modules/yocto-queue
5513 silly ADD node_modules/mime-db
5514 silly ADD node_modules/@types/mdast
5515 silly ADD node_modules/source-map-js
5516 silly ADD node_modules/yallist
5517 silly ADD node_modules/pako
5518 silly ADD node_modules/iobuffer
5519 silly ADD node_modules/@types/pako
5520 silly ADD node_modules/@types/trusted-types
5521 silly ADD node_modules/svg-pathdata
5522 silly ADD node_modules/stackblur-canvas
5523 silly ADD node_modules/rgbcolor
5524 silly ADD node_modules/regenerator-runtime
5525 silly ADD node_modules/raf
5526 silly ADD node_modules/@types/raf
5527 silly ADD node_modules/fflate
5528 silly ADD node_modules/fast-png
5529 silly ADD node_modules/dompurify
5530 silly ADD node_modules/core-js
5531 silly ADD node_modules/canvg
5532 silly ADD node_modules/argparse
5533 silly ADD node_modules/is-inside-container
5534 silly ADD node_modules/is-inside-container/node_modules/is-docker
5535 silly ADD node_modules/utrie
5536 silly ADD node_modules/text-segmentation
5537 silly ADD node_modules/css-line-break
5538 silly ADD node_modules/space-separated-tokens
5539 silly ADD node_modules/hast-util-parse-selector
5540 silly ADD node_modules/comma-separated-tokens
5541 silly ADD node_modules/unist-util-find-after
5542 silly ADD node_modules/hast-util-is-element
5543 silly ADD node_modules/web-namespaces
5544 silly ADD node_modules/vfile-location
5545 silly ADD node_modules/property-information
5546 silly ADD node_modules/hastscript
5547 silly ADD node_modules/dequal
5548 silly ADD node_modules/@types/unist
5549 silly ADD node_modules/vfile-message
5550 silly ADD node_modules/parse5
5551 silly ADD node_modules/hast-util-from-parse5
5552 silly ADD node_modules/devlop
5553 silly ADD node_modules/@types/hast
5554 silly ADD node_modules/dunder-proto
5555 silly ADD node_modules/math-intrinsics
5556 silly ADD node_modules/has-symbols
5557 silly ADD node_modules/gopd
5558 silly ADD node_modules/get-proto
5559 silly ADD node_modules/function-bind
5560 silly ADD node_modules/es-object-atoms
5561 silly ADD node_modules/es-define-property
5562 silly ADD node_modules/call-bind-apply-helpers
5563 silly ADD node_modules/motion-utils
5564 silly ADD node_modules/motion-dom
5565 silly ADD node_modules/has-tostringtag
5566 silly ADD node_modules/get-intrinsic
5567 silly ADD node_modules/es-errors
5568 silly ADD node_modules/delayed-stream
5569 silly ADD node_modules/mime-types
5570 silly ADD node_modules/hasown
5571 silly ADD node_modules/es-set-tostringtag
5572 silly ADD node_modules/combined-stream
5573 silly ADD node_modules/asynckit
5574 silly ADD node_modules/tiny-inflate
5575 silly ADD node_modules/fast-string-truncated-width
5576 silly ADD node_modules/@esbuild/darwin-x64
5577 silly ADD node_modules/embla-carousel-reactive-utils
5578 silly ADD node_modules/embla-carousel
5579 silly ADD node_modules/ms
5580 silly ADD node_modules/tiny-invariant
5581 silly ADD node_modules/update-browserslist-db
5582 silly ADD node_modules/node-releases
5583 silly ADD node_modules/electron-to-chromium
5584 silly ADD node_modules/baseline-browser-mapping
5585 silly ADD node_modules/proxy-from-env
5586 silly ADD node_modules/form-data
5587 silly ADD node_modules/follow-redirects
5588 silly ADD node_modules/postcss-value-parser
5589 silly ADD node_modules/fraction.js
5590 silly ADD node_modules/caniuse-lite
5591 silly ADD node_modules/estree-walker
5592 silly ADD node_modules/@types/estree
5593 silly ADD node_modules/sisteransi
5594 silly ADD node_modules/fast-wrap-ansi
5595 silly ADD node_modules/fast-string-width
5596 silly ADD node_modules/@clack/core
5597 silly ADD node_modules/fontkitten
5598 silly ADD node_modules/which-pm-runs
5599 silly ADD node_modules/is-wsl
5600 silly ADD node_modules/is-docker
5601 silly ADD node_modules/dlv
5602 silly ADD node_modules/prismjs
5603 silly ADD node_modules/unist-util-visit-parents
5604 silly ADD node_modules/unist-util-remove-position
5605 silly ADD node_modules/unified
5606 silly ADD node_modules/retext-smartypants
5607 silly ADD node_modules/remark-smartypants
5608 silly ADD node_modules/remark-rehype
5609 silly ADD node_modules/remark-parse
5610 silly ADD node_modules/remark-gfm
5611 silly ADD node_modules/rehype-stringify
5612 silly ADD node_modules/rehype-raw
5613 silly ADD node_modules/mdast-util-definitions
5614 silly ADD node_modules/hast-util-to-text
5615 silly ADD node_modules/hast-util-from-html
5616 silly ADD node_modules/@astrojs/prism
5617 silly ADD node_modules/yargs-parser
5618 silly ADD node_modules/xxhash-wasm
5619 silly ADD node_modules/vitefu
5620 silly ADD node_modules/vfile
5621 silly ADD node_modules/unstorage
5622 silly ADD node_modules/unstorage/node_modules/lru-cache
5623 silly ADD node_modules/unist-util-visit
5624 silly ADD node_modules/unifont
5625 silly ADD node_modules/tsconfck
5626 silly ADD node_modules/tinyglobby
5627 silly ADD node_modules/tinyexec
5628 silly ADD node_modules/tinyclip
5629 silly ADD node_modules/svgo
5630 silly ADD node_modules/smol-toml
5631 silly ADD node_modules/shiki
5632 silly ADD node_modules/sharp
5633 silly ADD node_modules/sharp/node_modules/semver
5634 silly ADD node_modules/rehype
5635 silly ADD node_modules/piccolore
5636 silly ADD node_modules/package-manager-detector
5637 silly ADD node_modules/p-queue
5638 silly ADD node_modules/p-limit
5639 silly ADD node_modules/obug
5640 silly ADD node_modules/neotraverse
5641 silly ADD node_modules/mrmime
5642 silly ADD node_modules/magicast
5643 silly ADD node_modules/magic-string
5644 silly ADD node_modules/js-yaml
5645 silly ADD node_modules/http-cache-semantics
5646 silly ADD node_modules/html-escaper
5647 silly ADD node_modules/github-slugger
5648 silly ADD node_modules/fontace
5649 silly ADD node_modules/flattie
5650 silly ADD node_modules/esbuild
5651 silly ADD node_modules/es-module-lexer
5652 silly ADD node_modules/dset
5653 silly ADD node_modules/diff
5654 silly ADD node_modules/cookie
5655 silly ADD node_modules/common-ancestor-path
5656 silly ADD node_modules/ci-info
5657 silly ADD node_modules/axobject-query
5658 silly ADD node_modules/aria-query
5659 silly ADD node_modules/@rollup/pluginutils
5660 silly ADD node_modules/@oslojs/encoding
5661 silly ADD node_modules/@clack/prompts
5662 silly ADD node_modules/@capsizecss/unpack
5663 silly ADD node_modules/@astrojs/telemetry
5664 silly ADD node_modules/@astrojs/markdown-remark
5665 silly ADD node_modules/@astrojs/compiler
5666 silly ADD node_modules/tslib
5667 silly ADD node_modules/@types/babel__traverse
5668 silly ADD node_modules/@types/babel__template
5669 silly ADD node_modules/@types/babel__generator
5670 silly ADD node_modules/@babel/helper-plugin-utils
5671 silly ADD node_modules/@babel/helper-module-imports
5672 silly ADD node_modules/lru-cache
5673 silly ADD node_modules/browserslist
5674 silly ADD node_modules/@babel/helper-validator-option
5675 silly ADD node_modules/@babel/compat-data
5676 silly ADD node_modules/semver
5677 silly ADD node_modules/json5
5678 silly ADD node_modules/gensync
5679 silly ADD node_modules/convert-source-map
5680 silly ADD node_modules/@jridgewell/remapping
5681 silly ADD node_modules/@babel/helpers
5682 silly ADD node_modules/@babel/helper-module-transforms
5683 silly ADD node_modules/@babel/helper-compilation-targets
5684 silly ADD node_modules/react-refresh
5685 silly ADD node_modules/@types/babel__core
5686 silly ADD node_modules/@rolldown/pluginutils
5687 silly ADD node_modules/@babel/plugin-transform-react-jsx-source
5688 silly ADD node_modules/@babel/plugin-transform-react-jsx-self
5689 silly ADD node_modules/@babel/core
5690 silly ADD node_modules/@tanstack/query-core
5691 silly ADD node_modules/prop-types
5692 silly ADD node_modules/use-sync-external-store
5693 silly ADD node_modules/@radix-ui/react-use-effect-event
5694 silly ADD node_modules/@radix-ui/number
5695 silly ADD node_modules/@floating-ui/utils
5696 silly ADD node_modules/@floating-ui/core
5697 silly ADD node_modules/@floating-ui/dom
5698 silly ADD node_modules/@radix-ui/rect
5699 silly ADD node_modules/@radix-ui/react-use-rect
5700 silly ADD node_modules/@radix-ui/react-arrow
5701 silly ADD node_modules/@floating-ui/react-dom
5702 silly ADD node_modules/@radix-ui/react-visually-hidden
5703 silly ADD node_modules/@radix-ui/react-roving-focus
5704 silly ADD node_modules/@radix-ui/react-popper
5705 silly ADD node_modules/@radix-ui/react-use-escape-keydown
5706 silly ADD node_modules/react-remove-scroll
5707 silly ADD node_modules/aria-hidden
5708 silly ADD node_modules/@radix-ui/react-portal
5709 silly ADD node_modules/@radix-ui/react-focus-scope
5710 silly ADD node_modules/@radix-ui/react-focus-guards
5711 silly ADD node_modules/@radix-ui/react-dismissable-layer
5712 silly ADD node_modules/@radix-ui/react-menu
5713 silly ADD node_modules/@radix-ui/react-menu/node_modules/@radix-ui/react-slot
5714 silly ADD node_modules/@radix-ui/react-use-size
5715 silly ADD node_modules/@radix-ui/react-use-previous
5716 silly ADD node_modules/@radix-ui/react-presence
5717 silly ADD node_modules/@radix-ui/react-use-layout-effect
5718 silly ADD node_modules/@radix-ui/react-use-is-hydrated
5719 silly ADD node_modules/@radix-ui/react-use-callback-ref
5720 silly ADD node_modules/@radix-ui/react-use-controllable-state
5721 silly ADD node_modules/@radix-ui/react-primitive
5722 silly ADD node_modules/@radix-ui/react-primitive/node_modules/@radix-ui/react-slot
5723 silly ADD node_modules/@radix-ui/react-id
5724 silly ADD node_modules/@radix-ui/react-direction
5725 silly ADD node_modules/@radix-ui/react-context
5726 silly ADD node_modules/@radix-ui/react-compose-refs
5727 silly ADD node_modules/@radix-ui/react-collection
5728 silly ADD node_modules/@radix-ui/react-collection/node_modules/@radix-ui/react-slot
5729 silly ADD node_modules/@radix-ui/primitive
5730 silly ADD node_modules/@jridgewell/resolve-uri
5731 silly ADD node_modules/@jridgewell/sourcemap-codec
5732 silly ADD node_modules/@standard-schema/utils
5733 silly ADD node_modules/redux
5734 silly ADD node_modules/react-redux
5735 silly ADD node_modules/raf-schd
5736 silly ADD node_modules/css-box-model
5737 silly ADD node_modules/@babel/runtime
5738 silly ADD node_modules/@babel/helper-string-parser
5739 silly ADD node_modules/picocolors
5740 silly ADD node_modules/js-tokens
5741 silly ADD node_modules/@babel/helper-validator-identifier
5742 silly ADD node_modules/debug
5743 silly ADD node_modules/@babel/template
5744 silly ADD node_modules/@babel/helper-globals
5745 silly ADD node_modules/@babel/code-frame
5746 silly ADD node_modules/jsesc
5747 silly ADD node_modules/@jridgewell/trace-mapping
5748 silly ADD node_modules/@jridgewell/gen-mapping
5749 silly ADD node_modules/@babel/types
5750 silly ADD node_modules/@babel/traverse
5751 silly ADD node_modules/@babel/parser
5752 silly ADD node_modules/@babel/generator
5753 silly ADD node_modules/uuid
5754 silly ADD node_modules/socket.io-client
5755 silly ADD node_modules/axios
5756 silly ADD node_modules/postcss-load-config
5757 silly ADD node_modules/postcss
5758 silly ADD node_modules/autoprefixer
5759 silly ADD node_modules/picomatch
5760 silly ADD node_modules/vite
5761 silly ADD node_modules/ultrahtml
5762 silly ADD node_modules/devalue
5763 silly ADD node_modules/@vitejs/plugin-react
5764 silly ADD node_modules/@astrojs/internal-helpers
5765 silly ADD node_modules/zod
5766 silly ADD node_modules/vaul
5767 silly ADD node_modules/three
5768 silly ADD node_modules/tailwindcss-animate
5769 silly ADD node_modules/tailwind-merge
5770 silly ADD node_modules/sonner
5771 silly ADD node_modules/react-router-dom
5772 silly ADD node_modules/react-resizable-panels
5773 silly ADD node_modules/react-quill
5774 silly ADD node_modules/react-markdown
5775 silly ADD node_modules/react-leaflet
5776 silly ADD node_modules/react-hot-toast
5777 silly ADD node_modules/react-hot-toast/node_modules/goober
5778 silly ADD node_modules/react-hook-form
5779 silly ADD node_modules/react-dom
5780 silly ADD node_modules/react-day-picker
5781 silly ADD node_modules/react
5782 silly ADD node_modules/next-themes
5783 silly ADD node_modules/moment
5784 silly ADD node_modules/lucide-react
5785 silly ADD node_modules/lodash
5786 silly ADD node_modules/jspdf
5787 silly ADD node_modules/input-otp
5788 silly ADD node_modules/html2canvas
5789 silly ADD node_modules/framer-motion
5790 silly ADD node_modules/embla-carousel-react
5791 silly ADD node_modules/date-fns
5792 silly ADD node_modules/cmdk
5793 silly ADD node_modules/clsx
5794 silly ADD node_modules/class-variance-authority
5795 silly ADD node_modules/canvas-confetti
5796 silly ADD node_modules/@tanstack/react-query
5797 silly ADD node_modules/@stripe/stripe-js
5798 silly ADD node_modules/@stripe/react-stripe-js
5799 silly ADD node_modules/@radix-ui/react-tooltip
5800 silly ADD node_modules/@radix-ui/react-tooltip/node_modules/@radix-ui/react-slot
5801 silly ADD node_modules/@radix-ui/react-toggle-group
5802 silly ADD node_modules/@radix-ui/react-toggle
5803 silly ADD node_modules/@radix-ui/react-toast
5804 silly ADD node_modules/@radix-ui/react-tabs
5805 silly ADD node_modules/@radix-ui/react-switch
5806 silly ADD node_modules/@radix-ui/react-slot
5807 silly ADD node_modules/@radix-ui/react-slider
5808 silly ADD node_modules/@radix-ui/react-separator
5809 silly ADD node_modules/@radix-ui/react-separator/node_modules/@radix-ui/react-primitive
5810 silly ADD node_modules/@radix-ui/react-select
5811 silly ADD node_modules/@radix-ui/react-select/node_modules/@radix-ui/react-slot
5812 silly ADD node_modules/@radix-ui/react-scroll-area
5813 silly ADD node_modules/@radix-ui/react-radio-group
5814 silly ADD node_modules/@radix-ui/react-progress
5815 silly ADD node_modules/@radix-ui/react-progress/node_modules/@radix-ui/react-primitive
5816 silly ADD node_modules/@radix-ui/react-progress/node_modules/@radix-ui/react-context
5817 silly ADD node_modules/@radix-ui/react-popover
5818 silly ADD node_modules/@radix-ui/react-popover/node_modules/@radix-ui/react-slot
5819 silly ADD node_modules/@radix-ui/react-navigation-menu
5820 silly ADD node_modules/@radix-ui/react-menubar
5821 silly ADD node_modules/@radix-ui/react-label
5822 silly ADD node_modules/@radix-ui/react-label/node_modules/@radix-ui/react-primitive
5823 silly ADD node_modules/@radix-ui/react-hover-card
5824 silly ADD node_modules/@radix-ui/react-dropdown-menu
5825 silly ADD node_modules/@radix-ui/react-dialog
5826 silly ADD node_modules/@radix-ui/react-dialog/node_modules/@radix-ui/react-slot
5827 silly ADD node_modules/@radix-ui/react-context-menu
5828 silly ADD node_modules/@radix-ui/react-collapsible
5829 silly ADD node_modules/@radix-ui/react-checkbox
5830 silly ADD node_modules/@radix-ui/react-avatar
5831 silly ADD node_modules/@radix-ui/react-avatar/node_modules/@radix-ui/react-primitive
5832 silly ADD node_modules/@radix-ui/react-avatar/node_modules/@radix-ui/react-context
5833 silly ADD node_modules/@radix-ui/react-aspect-ratio
5834 silly ADD node_modules/@radix-ui/react-aspect-ratio/node_modules/@radix-ui/react-primitive
5835 silly ADD node_modules/@radix-ui/react-alert-dialog
5836 silly ADD node_modules/@radix-ui/react-alert-dialog/node_modules/@radix-ui/react-slot
5837 silly ADD node_modules/@radix-ui/react-accordion
5838 silly ADD node_modules/@hookform/resolvers
5839 silly ADD node_modules/@hello-pangea/dnd
5840 silly ADD node_modules/@base44/vite-plugin
5841 silly ADD node_modules/@base44/sdk
5842 silly ADD node_modules/@astrojs/tailwind
5843 silly ADD node_modules/@astrojs/react
5844 silly CHANGE node_modules/victory-vendor
5845 silly REMOVE node_modules/goober
5846 silly CHANGE node_modules/recharts
5847 silly REMOVE node_modules/dom-serializer
5848 silly CHANGE node_modules/astro
5849 silly ADD node_modules/astro/node_modules/semver
5850 verbose cwd /Users/anatoly/Sites/bitcode/villa-ramann2
5851 verbose os Darwin 25.2.0
5852 verbose node v25.2.1
5853 verbose npm  v11.6.2
5854 notice
5854 notice New [33mminor[39m version of npm available! [33m11.6.2[39m -> [34m11.13.0[39m
5854 notice Changelog: [34mhttps://github.com/npm/cli/releases/tag/v11.13.0[39m
5854 notice To update run: [4mnpm install -g npm@11.13.0[24m
5854 notice  { force: true, Symbol(proc-log.meta): true }
5855 verbose exit 0
5856 info ok
